fips,county_fips,ncei_code,ncei_county_code,state_fips,state_abbr,name,lat,lon,pop2020,county_name
01001,01001,01001,01001,01,AL,Autauga County,32.532237,-86.64644,58877,Autauga County
01003,01003,01003,01003,01,AL,Baldwin County,30.659218,-87.746067,233140,Baldwin County
01005,01005,01005,01005,01,AL,Barbour County,31.870253,-85.405104,25180,Barbour County
01007,01007,01007,01007,01,AL,Bibb County,33.015893,-87.127148,22223,Bibb County
01009,01009,01009,01009,01,AL,Blount County,33.977358,-86.56644,59081,Blount County
01011,01011,01011,01011,01,AL,Bullock County,32.101759,-85.717261,10309,Bullock County
01013,01013,01013,01013,01,AL,Butler County,31.751667,-86.681969,19045,Butler County
01015,01015,01015,01015,01,AL,Calhoun County,33.770516,-85.827909,116266,Calhoun County
01017,01017,01017,01017,01,AL,Chambers County,32.915504,-85.394032,34678,Chambers County
01019,01019,01019,01019,01,AL,Cherokee County,34.069515,-85.654242,24958,Cherokee County
01021,01021,01021,01021,01,AL,Chilton County,32.854051,-86.726607,45024,Chilton County
01023,01023,01023,01023,01,AL,Choctaw County,31.990954,-88.248889,12619,Choctaw County
01025,01025,01025,01025,01,AL,Clarke County,31.685521,-87.818624,22995,Clarke County
01027,01027,01027,01027,01,AL,Clay County,33.2704,-85.863525,14193,Clay County
01029,01029,01029,01029,01,AL,Cleburne County,33.671964,-85.516126,15035,Cleburne County
01031,01031,01031,01031,01,AL,Coffee County,31.402258,-85.989602,53565,Coffee County
01033,01033,01033,01033,01,AL,Colbert County,34.703112,-87.801457,57236,Colbert County
01035,01035,01035,01035,01,AL,Conecuh County,31.430926,-86.988722,11552,Conecuh County
01037,01037,01037,01037,01,AL,Coosa County,32.931445,-86.243482,10383,Coosa County
01039,01039,01039,01039,01,AL,Covington County,31.243987,-86.448721,37469,Covington County
01041,01041,01041,01041,01,AL,Crenshaw County,31.730311,-86.320038,13157,Crenshaw County
01043,01043,01043,01043,01,AL,Cullman County,34.131923,-86.869267,88044,Cullman County
01045,01045,01045,01045,01,AL,Dale County,31.430654,-85.609476,49214,Dale County
01047,01047,01047,01047,01,AL,Dallas County,32.333526,-87.11436,38190,Dallas County
01049,01049,01049,01049,01,AL,DeKalb County,34.460915,-85.804021,71630,DeKalb County
01051,01051,01051,01051,01,AL,Elmore County,32.597229,-86.142735,88116,Elmore County
01053,01053,01053,01053,01,AL,Escambia County,31.122287,-87.16841,36665,Escambia County
01055,01055,01055,01055,01,AL,Etowah County,34.047641,-86.034263,103393,Etowah County
01057,01057,01057,01057,01,AL,Fayette County,33.716157,-87.764292,16307,Fayette County
01059,01059,01059,01059,01,AL,Franklin County,34.441989,-87.842814,32063,Franklin County
01061,01061,01061,01061,01,AL,Geneva County,31.092382,-85.821022,26675,Geneva County
01063,01063,01063,01063,01,AL,Greene County,32.844497,-87.9642,7704,Greene County
01065,01065,01065,01065,01,AL,Hale County,32.752796,-87.623061,14792,Hale County
01067,01067,01067,01067,01,AL,Henry County,31.516978,-85.239971,17167,Henry County
01069,01069,01069,01069,01,AL,Houston County,31.158183,-85.296411,107190,Houston County
01071,01071,01071,01071,01,AL,Jackson County,34.764114,-85.980056,52519,Jackson County
01073,01073,01073,01073,01,AL,Jefferson County,33.553444,-86.896536,673341,Jefferson County
01075,01075,01075,01075,01,AL,Lamar County,33.787085,-88.087431,13943,Lamar County
01077,01077,01077,01077,01,AL,Lauderdale County,34.904122,-87.650997,93610,Lauderdale County
01079,01079,01079,01079,01,AL,Lawrence County,34.529776,-87.321865,33063,Lawrence County
01081,01081,01081,01081,01,AL,Lee County,32.604064,-85.353048,174601,Lee County
01083,01083,01083,01083,01,AL,Limestone County,34.810239,-86.981399,104322,Limestone County
01085,01085,01085,01085,01,AL,Lowndes County,32.147888,-86.650586,10297,Lowndes County
01087,01087,01087,01087,01,AL,Macon County,32.387027,-85.692887,19476,Macon County
01089,01089,01089,01089,01,AL,Madison County,34.764238,-86.55108,389696,Madison County
01091,01091,01091,01091,01,AL,Marengo County,32.247591,-87.791091,19264,Marengo County
01093,01093,01093,01093,01,AL,Marion County,34.138219,-87.881551,29287,Marion County
01095,01095,01095,01095,01,AL,Marshall County,34.309564,-86.321668,97608,Marshall County
01097,01097,01097,01097,01,AL,Mobile County,30.684572,-88.196568,414250,Mobile County
01099,01099,01099,01099,01,AL,Monroe County,31.580332,-87.383266,19723,Monroe County
01101,01101,01101,01101,01,AL,Montgomery County,32.202881,-86.204461,228448,Montgomery County
01103,01103,01103,01103,01,AL,Morgan County,34.454484,-86.846402,123336,Morgan County
01105,01105,01105,01105,01,AL,Perry County,32.639005,-87.293827,8452,Perry County
01107,01107,01107,01107,01,AL,Pickens County,33.2968,-88.096864,19062,Pickens County
01109,01109,01109,01109,01,AL,Pike County,31.798653,-85.941608,32981,Pike County
01111,01111,01111,01111,01,AL,Randolph County,33.296461,-85.464064,21971,Randolph County
01113,01113,01113,01113,01,AL,Russell County,32.289811,-85.18698,59226,Russell County
01115,01115,01115,01115,01,AL,St. Clair County,33.719491,-86.311327,91333,St. Clair County
01117,01117,01117,01117,01,AL,Shelby County,33.263043,-86.678089,223708,Shelby County
01119,01119,01119,01119,01,AL,Sumter County,32.597481,-88.200057,12295,Sumter County
01121,01121,01121,01121,01,AL,Talladega County,33.369314,-86.17593,82069,Talladega County
01123,01123,01123,01123,01,AL,Tallapoosa County,32.863308,-85.799618,41229,Tallapoosa County
01125,01125,01125,01125,01,AL,Tuscaloosa County,33.29022,-87.522783,227153,Tuscaloosa County
01127,01127,01127,01127,01,AL,Walker County,33.791558,-87.301094,65100,Walker County
01129,01129,01129,01129,01,AL,Washington County,31.408503,-88.212404,15296,Washington County
01131,01131,01131,01131,01,AL,Wilcox County,31.990082,-87.304935,10518,Wilcox County
01133,01133,01133,01133,01,AL,Winston County,34.154566,-87.365346,23491,Winston County
04001,04001,02001,02001,04,AZ,Apache County,35.385084,-109.490172,65897,Apache County
04003,04003,02003,02003,04,AZ,Cochise County,31.840129,-109.775163,125398,Cochise County
04005,04005,02005,02005,04,AZ,Coconino County,35.829692,-111.773728,145116,Coconino County
04007,04007,02007,02007,04,AZ,Gila County,33.789618,-110.81187,53306,Gila County
04009,04009,02009,02009,04,AZ,Graham County,32.931828,-109.87831,38614,Graham County
04011,04011,02011,02011,04,AZ,Greenlee County,33.238872,-109.242323,9522,Greenlee County
04012,04012,02012,02012,04,AZ,La Paz County,33.72761,-114.038806,16580,La Paz County
04013,04013,02013,02013,04,AZ,Maricopa County,33.345176,-112.49893,4438342,Maricopa County
04015,04015,02015,02015,04,AZ,Mohave County,35.717705,-113.749689,214070,Mohave County
04017,04017,02017,02017,04,AZ,Navajo County,35.390785,-110.321025,106802,Navajo County
04019,04019,02019,02019,04,AZ,Pima County,32.128038,-111.783657,1045599,Pima County
04021,04021,02021,02021,04,AZ,Pinal County,32.918521,-111.36634,429583,Pinal County
04023,04023,02023,02023,04,AZ,Santa Cruz County,31.525733,-110.845228,47653,Santa Cruz County
04025,04025,02025,02025,04,AZ,Yavapai County,34.631071,-112.577225,237067,Yavapai County
04027,04027,02027,02027,04,AZ,Yuma County,32.773942,-113.910905,204437,Yuma County
05001,05001,03001,03001,05,AR,Arkansas County,34.28957,-91.376547,17105,Arkansas County
05003,05003,03003,03003,05,AR,Ashley County,33.190835,-91.772267,18960,Ashley County
05005,05005,03005,03005,05,AR,Baxter County,36.280268,-92.329949,41655,Baxter County
05007,05007,03007,03007,05,AR,Benton County,36.337819,-94.256298,286353,Benton County
05009,05009,03009,03009,05,AR,Boone County,36.304299,-93.079236,37352,Boone County
05011,05011,03011,03011,05,AR,Bradley County,33.466549,-92.169156,10498,Bradley County
05013,05013,03013,03013,05,AR,Calhoun County,33.56046,-92.513879,4725,Calhoun County
05015,05015,03015,03015,05,AR,Carroll County,36.33737,-93.540972,28202,Carroll County
05017,05017,03017,03017,05,AR,Chicot County,33.267139,-91.297158,10143,Chicot County
05019,05019,03019,03019,05,AR,Clark County,34.053316,-93.176208,21362,Clark County
05021,05021,03021,03021,05,AR,Clay County,36.367302,-90.418704,14508,Clay County
05023,05023,03023,03023,05,AR,Cleburne County,35.566315,-92.05995,24665,Cleburne County
05025,05025,03025,03025,05,AR,Cleveland County,33.893201,-92.188714,7544,Cleveland County
05027,05027,03027,03027,05,AR,Columbia County,33.223038,-93.232843,22741,Columbia County
05029,05029,03029,03029,05,AR,Conway County,35.265702,-92.689248,20729,Conway County
05031,05031,03031,03031,05,AR,Craighead County,35.827729,-90.631421,111576,Craighead County
05033,05033,03033,03033,05,AR,Crawford County,35.583011,-94.236219,60107,Crawford County
05035,05035,03035,03035,05,AR,Crittenden County,35.197559,-90.30512,48067,Crittenden County
05037,05037,03037,03037,05,AR,Cross County,35.285692,-90.763984,16762,Cross County
05039,05039,03039,03039,05,AR,Dallas County,33.967823,-92.653999,6445,Dallas County
05041,05041,03041,03041,05,AR,Desha County,33.828752,-91.244103,11330,Desha County
05043,05043,03043,03043,05,AR,Drew County,33.587242,-91.722778,17309,Drew County
05045,05045,03045,03045,05,AR,Faulkner County,35.146548,-92.336928,123666,Faulkner County
05047,05047,03047,03047,05,AR,Franklin County,35.508558,-93.887665,17122,Franklin County
05049,05049,03049,03049,05,AR,Fulton County,36.381322,-91.819285,12033,Fulton County
05051,05051,03051,03051,05,AR,Garland County,34.578852,-93.146932,100162,Garland County
05053,05053,03053,03053,05,AR,Grant County,34.285568,-92.422979,17975,Grant County
05055,05055,03055,03055,05,AR,Greene County,36.120607,-90.566346,45818,Greene County
05057,05057,03057,03057,05,AR,Hempstead County,33.735953,-93.664355,19993,Hempstead County
05059,05059,03059,03059,05,AR,Hot Spring County,34.315177,-92.944147,33034,Hot Spring County
05061,05061,03061,03061,05,AR,Howard County,34.083064,-93.990931,12755,Howard County
05063,05063,03063,03063,05,AR,Independence County,35.737499,-91.559942,37892,Independence County
05065,05065,03065,03065,05,AR,Izard County,36.094879,-91.913625,13576,Izard County
05067,05067,03067,03067,05,AR,Jackson County,35.596467,-91.223205,16737,Jackson County
05069,05069,03069,03069,05,AR,Jefferson County,34.277239,-91.929673,66811,Jefferson County
05071,05071,03071,03071,05,AR,Johnson County,35.573359,-93.466322,25692,Johnson County
05073,05073,03073,03073,05,AR,Lafayette County,33.240629,-93.611514,6294,Lafayette County
05075,05075,03075,03075,05,AR,Lawrence County,36.041098,-91.101153,16196,Lawrence County
05077,05077,03077,03077,05,AR,Lee County,34.779505,-90.779717,8529,Lee County
05079,05079,03079,03079,05,AR,Lincoln County,33.956385,-91.742355,12879,Lincoln County
05081,05081,03081,03081,05,AR,Little River County,33.701941,-94.236287,11971,Little River County
05083,05083,03083,03083,05,AR,Logan County,35.218654,-93.72091,21097,Logan County
05085,05085,03085,03085,05,AR,Lonoke County,34.755114,-91.894132,74042,Lonoke County
05087,05087,03087,03087,05,AR,Madison County,36.012545,-93.724053,16551,Madison County
05089,05089,03089,03089,05,AR,Marion County,36.266664,-92.678577,16862,Marion County
05091,05091,03091,03091,05,AR,Miller County,33.305505,-93.901502,42570,Miller County
05093,05093,03093,03093,05,AR,Mississippi County,35.766944,-90.052207,40503,Mississippi County
05095,05095,03095,03095,05,AR,Monroe County,34.679512,-91.20331,6765,Monroe County
05097,05097,03097,03097,05,AR,Montgomery County,34.545656,-93.664153,8459,Montgomery County
05099,05099,03099,03099,05,AR,Nevada County,33.666699,-93.305072,8284,Nevada County
05101,05101,03101,03101,05,AR,Newton County,35.910742,-93.215898,7198,Newton County
05103,05103,03103,03103,05,AR,Ouachita County,33.591168,-92.878413,22592,Ouachita County
05105,05105,03105,03105,05,AR,Perry County,34.946363,-92.926877,9997,Perry County
05107,05107,03107,03107,05,AR,Phillips County,34.423687,-90.855593,16445,Phillips County
05109,05109,03109,03109,05,AR,Pike County,34.158191,-93.658659,10165,Pike County
05111,05111,03111,03111,05,AR,Poinsett County,35.56887,-90.681104,22893,Poinsett County
05113,05113,03113,03113,05,AR,Polk County,34.490915,-94.230884,19182,Polk County
05115,05115,03115,03115,05,AR,Pope County,35.456557,-93.026818,63346,Pope County
05117,05117,03117,03117,05,AR,Prairie County,34.831116,-91.55362,8248,Prairie County
05119,05119,03119,03119,05,AR,Pulaski County,34.770311,-92.312996,399073,Pulaski County
05121,05121,03121,03121,05,AR,Randolph County,36.341298,-91.028441,18581,Randolph County
05123,05123,03123,03123,05,AR,St. Francis County,35.022838,-90.751506,23046,St. Francis County
05125,05125,03125,03125,05,AR,Saline County,34.648525,-92.674463,123681,Saline County
05127,05127,03127,03127,05,AR,Scott County,34.858869,-94.063641,9811,Scott County
05129,05129,03129,03129,05,AR,Searcy County,35.896387,-92.695888,7827,Searcy County
05131,05131,03131,03131,05,AR,Sebastian County,35.196981,-94.274989,127739,Sebastian County
05133,05133,03133,03133,05,AR,Sevier County,33.994877,-94.243279,15778,Sevier County
05135,05135,03135,03135,05,AR,Sharp County,36.173399,-91.471069,17282,Sharp County
05137,05137,03137,03137,05,AR,Stone County,35.857001,-92.140482,12364,Stone County
05139,05139,03139,03139,05,AR,Union County,33.168219,-92.598145,38925,Union County
05141,05141,03141,03141,05,AR,Van Buren County,35.582953,-92.515976,15765,Van Buren County
05143,05143,03143,03143,05,AR,Washington County,35.978001,-94.217269,246662,Washington County
05145,05145,03145,03145,05,AR,White County,35.255118,-91.753034,76810,White County
05147,05147,03147,03147,05,AR,Woodruff County,35.192777,-91.244535,6200,Woodruff County
05149,05149,03149,03149,05,AR,Yell County,34.997713,-93.408303,20216,Yell County
06001,06001,04001,04001,06,CA,Alameda County,37.647139,-121.912488,1679844,Alameda County
06003,06003,04003,04003,06,CA,Alpine County,38.621783,-119.798352,1198,Alpine County
06005,06005,04005,04005,06,CA,Amador County,38.443549,-120.653858,40541,Amador County
06007,06007,04007,04007,06,CA,Butte County,39.665336,-121.603209,210083,Butte County
06009,06009,04009,04009,06,CA,Calaveras County,38.191068,-120.554107,45327,Calaveras County
06011,06011,04011,04011,06,CA,Colusa County,39.177739,-122.237563,21853,Colusa County
06013,06013,04013,04013,06,CA,Contra Costa County,37.919479,-121.951543,1165562,Contra Costa County
06015,06015,04015,04015,06,CA,Del Norte County,41.749903,-123.980998,27709,Del Norte County
06017,06017,04017,04017,06,CA,El Dorado County,38.785612,-120.534225,191114,El Dorado County
06019,06019,04019,04019,06,CA,Fresno County,36.761006,-119.655019,1008966,Fresno County
06021,06021,04021,04021,06,CA,Glenn County,39.602546,-122.4017,28893,Glenn County
06023,06023,04023,04023,06,CA,Humboldt County,40.706655,-123.926176,136351,Humboldt County
06025,06025,04025,04025,06,CA,Imperial County,33.040814,-115.3554,179489,Imperial County
06027,06027,04027,04027,06,CA,Inyo County,36.56216,-117.404209,19023,Inyo County
06029,06029,04029,04029,06,CA,Kern County,35.346629,-118.729506,909997,Kern County
06031,06031,04031,04031,06,CA,Kings County,36.072478,-119.81553,152627,Kings County
06033,06033,04033,04033,06,CA,Lake County,39.094802,-122.746757,68174,Lake County
06035,06035,04035,04035,06,CA,Lassen County,40.715287,-120.621223,32719,Lassen County
06037,06037,04037,04037,06,CA,Los Angeles County,34.196398,-118.261862,9989165,Los Angeles County
06039,06039,04039,04039,06,CA,Madera County,37.209821,-119.749802,156620,Madera County
06041,06041,04041,04041,06,CA,Marin County,38.051367,-122.746396,261776,Marin County
06043,06043,04043,04043,06,CA,Mariposa County,37.574343,-119.911721,17124,Mariposa County
06045,06045,04045,04045,06,CA,Mendocino County,39.432388,-123.442881,91354,Mendocino County
06047,06047,04047,04047,06,CA,Merced County,37.194806,-120.722802,281726,Merced County
06049,06049,04049,04049,06,CA,Modoc County,41.592918,-120.71837,8658,Modoc County
06051,06051,04051,04051,06,CA,Mono County,37.915836,-118.875167,13206,Mono County
06053,06053,04053,04053,06,CA,Monterey County,36.240104,-121.315578,438500,Monterey County
06055,06055,04055,04055,06,CA,Napa County,38.5071,-122.325904,137608,Napa County
06057,06057,04057,04057,06,CA,Nevada County,39.297508,-120.771343,102199,Nevada County
06059,06059,04059,04059,06,CA,Orange County,33.675687,-117.777207,3184101,Orange County
06061,06061,04061,04061,06,CA,Placer County,39.062032,-120.722718,405741,Placer County
06063,06063,04063,04063,06,CA,Plumas County,39.992295,-120.824371,19769,Plumas County
06065,06065,04065,04065,06,CA,Riverside County,33.729828,-116.002239,2422764,Riverside County
06067,06067,04067,04067,06,CA,Sacramento County,38.450136,-121.344329,1586241,Sacramento County
06069,06069,04069,04069,06,CA,San Benito County,36.611651,-121.085811,64507,San Benito County
06071,06071,04071,04071,06,CA,San Bernardino County,34.856661,-116.181571,2182740,San Bernardino County
06073,06073,04073,04073,06,CA,San Diego County,33.023604,-116.776117,3297252,San Diego County
06075,06075,04075,04075,06,CA,San Francisco County,37.727239,-123.032229,870014,San Francisco County
06077,06077,04077,04077,06,CA,San Joaquin County,37.934982,-121.272244,780517,San Joaquin County
06079,06079,04079,04079,06,CA,San Luis Obispo County,35.388189,-120.448897,282231,San Luis Obispo County
06081,06081,04081,04081,06,CA,San Mateo County,37.414672,-122.371546,762453,San Mateo County
06083,06083,04083,04083,06,CA,Santa Barbara County,34.536677,-120.038364,448096,Santa Barbara County
06085,06085,04085,04085,06,CA,Santa Clara County,37.221614,-121.68954,1930598,Santa Clara County
06087,06087,04087,04087,06,CA,Santa Cruz County,37.012347,-122.007789,270353,Santa Cruz County
06089,06089,04089,04089,06,CA,Shasta County,40.760514,-122.043556,181893,Shasta County
06091,06091,04091,04091,06,CA,Sierra County,39.576925,-120.521993,3228,Sierra County
06093,06093,04093,04093,06,CA,Siskiyou County,41.587986,-122.533287,43962,Siskiyou County
06095,06095,04095,04095,06,CA,Solano County,38.267226,-121.939594,453274,Solano County
06097,06097,04097,04097,06,CA,Sonoma County,38.525182,-122.92611,488345,Sonoma County
06099,06099,04099,04099,06,CA,Stanislaus County,37.562316,-121.002831,552710,Stanislaus County
06101,06101,04101,04101,06,CA,Sutter County,39.03619,-121.70394,99480,Sutter County
06103,06103,04103,04103,06,CA,Tehama County,40.126157,-122.232274,65615,Tehama County
06105,06105,04105,04105,06,CA,Trinity County,40.647858,-123.114666,16088,Trinity County
06107,06107,04107,04107,06,CA,Tulare County,36.228834,-118.781055,473736,Tulare County
06109,06109,04109,04109,06,CA,Tuolumne County,38.021434,-119.964733,55516,Tuolumne County
06111,06111,04111,04111,06,CA,Ventura County,34.358748,-119.133145,842921,Ventura County
06113,06113,04113,04113,06,CA,Yolo County,38.679609,-121.90275,216255,Yolo County
06115,06115,04115,04115,06,CA,Yuba County,39.27013,-121.344259,81932,Yuba County
08001,08001,05001,05001,08,CO,Adams County,39.874325,-104.331872,520163,Adams County
08003,08003,05003,05003,08,CO,Alamosa County,37.568442,-105.788041,16362,Alamosa County
08005,08005,05005,05005,08,CO,Arapahoe County,39.644554,-104.331706,655112,Arapahoe County
08007,08007,05007,05007,08,CO,Archuleta County,37.202395,-107.050863,13424,Archuleta County
08009,08009,05009,05009,08,CO,Baca County,37.30978,-102.543741,3486,Baca County
08011,08011,05011,05011,08,CO,Bent County,37.931891,-103.077584,5635,Bent County
08013,08013,05013,05013,08,CO,Boulder County,40.094962,-105.397704,330811,Boulder County
08014,08014,05014,05014,08,CO,Broomfield County,39.953593,-105.050787,74513,Broomfield County
08015,08015,05015,05015,08,CO,Chaffee County,38.734599,-106.300025,19571,Chaffee County
08017,08017,05017,05017,08,CO,Cheyenne County,38.835646,-102.601791,1736,Cheyenne County
08019,08019,05019,05019,08,CO,Clear Creek County,39.689403,-105.670783,9404,Clear Creek County
08021,08021,05021,05021,08,CO,Conejos County,37.213406,-106.176447,7464,Conejos County
08023,08023,05023,05023,08,CO,Costilla County,37.277547,-105.42894,3506,Costilla County
08025,08025,05025,05025,08,CO,Crowley County,38.30618,-103.772736,5893,Crowley County
08027,08027,05027,05027,08,CO,Custer County,38.101996,-105.373512,4712,Custer County
08029,08029,05029,05029,08,CO,Delta County,38.861595,-107.864892,31232,Delta County
08031,08031,05031,05031,08,CO,Denver County,39.76185,-104.881105,717630,Denver County
08033,08033,05033,05033,08,CO,Dolores County,37.733823,-108.506219,2338,Dolores County
08035,08035,05035,05035,08,CO,Douglas County,39.325414,-104.925987,360102,Douglas County
08037,08037,05037,05037,08,CO,Eagle County,39.626992,-106.695169,55665,Eagle County
08039,08039,05039,05039,08,CO,Elbert County,39.315157,-104.114076,26206,Elbert County
08041,08041,05041,05041,08,CO,El Paso County,38.827383,-104.527472,731847,El Paso County
08043,08043,05043,05043,08,CO,Fremont County,38.45517,-105.424958,48981,Fremont County
08045,08045,05045,05045,08,CO,Garfield County,39.599352,-107.90978,61776,Garfield County
08047,08047,05047,05047,08,CO,Gilpin County,39.861156,-105.528878,5810,Gilpin County
08049,08049,05049,05049,08,CO,Grand County,40.113065,-106.110837,15733,Grand County
08051,08051,05051,05051,08,CO,Gunnison County,38.670499,-107.05688,16945,Gunnison County
08053,08053,05053,05053,08,CO,Hinsdale County,37.811519,-107.383974,794,Hinsdale County
08055,08055,05055,05055,08,CO,Huerfano County,37.687815,-104.959928,6810,Huerfano County
08057,08057,05057,05057,08,CO,Jackson County,40.663432,-106.329248,1376,Jackson County
08059,08059,05059,05059,08,CO,Jefferson County,39.579511,-105.245462,582928,Jefferson County
08061,08061,05061,05061,08,CO,Kiowa County,38.387663,-102.756849,1452,Kiowa County
08063,08063,05063,05063,08,CO,Kit Carson County,39.30534,-102.603023,7064,Kit Carson County
08065,08065,05065,05065,08,CO,Lake County,39.205341,-106.350079,7409,Lake County
08067,08067,05067,05067,08,CO,La Plata County,37.287367,-107.839718,55642,La Plata County
08069,08069,05069,05069,08,CO,Larimer County,40.658093,-105.486764,359686,Larimer County
08071,08071,05071,05071,08,CO,Las Animas County,37.318831,-104.04411,14564,Las Animas County
08073,08073,05073,05073,08,CO,Lincoln County,38.99374,-103.507555,5669,Lincoln County
08075,08075,05075,05075,08,CO,Logan County,40.728091,-103.090464,21495,Logan County
08077,08077,05077,05077,08,CO,Mesa County,39.019524,-108.460571,155939,Mesa County
08079,08079,05079,05079,08,CO,Mineral County,37.549067,-107.003236,867,Mineral County
08081,08081,05081,05081,08,CO,Moffat County,40.610864,-108.217154,13267,Moffat County
08083,08083,05083,05083,08,CO,Montezuma County,37.338025,-108.595786,25858,Montezuma County
08085,08085,05085,05085,08,CO,Montrose County,38.407507,-108.266282,42798,Montrose County
08087,08087,05087,05087,08,CO,Morgan County,40.263159,-103.81221,29065,Morgan County
08089,08089,05089,05089,08,CO,Otero County,37.88417,-103.72126,18667,Otero County
08091,08091,05091,05091,08,CO,Ouray County,38.154731,-107.78848,4869,Ouray County
08093,08093,05093,05093,08,CO,Park County,39.118914,-105.717648,17421,Park County
08095,08095,05095,05095,08,CO,Phillips County,40.594712,-102.345105,4534,Phillips County
08097,08097,05097,05097,08,CO,Pitkin County,39.217541,-106.916162,17342,Pitkin County
08099,08099,05099,05099,08,CO,Prowers County,37.958181,-102.392161,11986,Prowers County
08101,08101,05101,05101,08,CO,Pueblo County,38.162765,-104.484668,168467,Pueblo County
08103,08103,05103,05103,08,CO,Rio Blanco County,39.972622,-108.200716,6518,Rio Blanco County
08105,08105,05105,05105,08,CO,Rio Grande County,37.485853,-106.453128,11538,Rio Grande County
08107,08107,05107,05107,08,CO,Routt County,40.483664,-106.987702,24839,Routt County
08109,08109,05109,05109,08,CO,Saguache County,38.031651,-106.234666,6383,Saguache County
08111,08111,05111,05111,08,CO,San Juan County,37.781049,-107.670257,710,San Juan County
08113,08113,05113,05113,08,CO,San Miguel County,38.009319,-108.427263,8055,San Miguel County
08115,08115,05115,05115,08,CO,Sedgwick County,40.871568,-102.355358,2390,Sedgwick County
08117,08117,05117,05117,08,CO,Summit County,39.621023,-106.137555,30971,Summit County
08119,08119,05119,05119,08,CO,Teller County,38.869976,-105.187365,24726,Teller County
08121,08121,05121,05121,08,CO,Washington County,39.96579,-103.209744,4815,Washington County
08123,08123,05123,05123,08,CO,Weld County,40.555961,-104.383666,331358,Weld County
08125,08125,05125,05125,08,CO,Yuma County,40.00077,-102.421649,9979,Yuma County
09001,09001,06001,06001,09,CT,Fairfield County,41.227413,-73.367061,955895,Fairfield County
09003,09003,06003,06003,09,CT,Hartford County,41.806053,-72.732916,897932,Hartford County
09005,09005,06005,06005,09,CT,Litchfield County,41.791883,-73.235404,184874,Litchfield County
09007,09007,06007,06007,09,CT,Middlesex County,41.433003,-72.52278,163923,Middlesex County
09009,09009,06009,06009,09,CT,New Haven County,41.349718,-72.900203,863498,New Haven County
09011,09011,06011,06011,09,CT,New London County,41.472652,-72.108634,268248,New London County
09013,09013,06013,06013,09,CT,Tolland County,41.858081,-72.340978,149650,Tolland County
09015,09015,06015,06015,09,CT,Windham County,41.824999,-71.990702,116240,Windham County
10001,10001,07001,07001,10,DE,Kent County,39.097088,-75.502982,182256,Kent County
10003,10003,07003,07003,10,DE,New Castle County,39.575915,-75.644132,570718,New Castle County
10005,10005,07005,07005,10,DE,Sussex County,38.673227,-75.337024,238912,Sussex County
11001,11001,18511,18511,11,DC,District of Columbia,38.904247,-77.016517,690093,District of Columbia
12001,12001,08001,08001,12,FL,Alachua County,29.67574,-82.357221,278684,Alachua County
12003,12003,08003,08003,12,FL,Baker County,30.324442,-82.302284,28309,Baker County
12005,12005,08005,08005,12,FL,Bay County,30.15914,-85.534395,174461,Bay County
12007,12007,08007,08007,12,FL,Bradford County,29.952386,-82.166698,28364,Bradford County
12009,12009,08009,08009,12,FL,Brevard County,28.298311,-80.700333,608007,Brevard County
12011,12011,08011,08011,12,FL,Broward County,26.193535,-80.476683,1941516,Broward County
12013,12013,08013,08013,12,FL,Calhoun County,30.388801,-85.197915,13615,Calhoun County
12015,12015,08015,08015,12,FL,Charlotte County,26.906396,-82.003657,187960,Charlotte County
12017,12017,08017,08017,12,FL,Citrus County,28.850292,-82.595552,154403,Citrus County
12019,12019,08019,08019,12,FL,Clay County,29.986584,-81.865036,218797,Clay County
12021,12021,08021,08021,12,FL,Collier County,26.118786,-81.400955,377079,Collier County
12023,12023,08023,08023,12,FL,Columbia County,30.221651,-82.623371,69889,Columbia County
12027,12027,08027,08027,12,FL,DeSoto County,27.190581,-81.806253,34080,DeSoto County
12029,12029,08029,08029,12,FL,Dixie County,29.552675,-83.236232,16805,Dixie County
12031,12031,08031,08031,12,FL,Duval County,30.335245,-81.648113,996373,Duval County
12033,12033,08033,08033,12,FL,Escambia County,30.529998,-87.320322,322424,Escambia County
12035,12035,08035,08035,12,FL,Flagler County,29.474891,-81.286253,115968,Flagler County
12037,12037,08037,08037,12,FL,Franklin County,29.677794,-84.815213,12456,Franklin County
12039,12039,08039,08039,12,FL,Gadsden County,30.578687,-84.612607,43701,Gadsden County
12041,12041,08041,08041,12,FL,Gilchrist County,29.723456,-82.795801,17928,Gilchrist County
12043,12043,08043,08043,12,FL,Glades County,26.95481,-81.19082,12179,Glades County
12045,12045,08045,08045,12,FL,Gulf County,29.859238,-85.272013,14181,Gulf County
12047,12047,08047,08047,12,FL,Hamilton County,30.491187,-82.951071,13988,Hamilton County
12049,12049,08049,08049,12,FL,Hardee County,27.492846,-81.82158,25313,Hardee County
12051,12051,08051,08051,12,FL,Hendry County,26.539967,-81.152114,39707,Hendry County
12053,12053,08053,08053,12,FL,Hernando County,28.555995,-82.525969,195508,Hernando County
12055,12055,08055,08055,12,FL,Highlands County,27.34108,-81.342353,101222,Highlands County
12057,12057,08057,08057,12,FL,Hillsborough County,27.88761,-82.374417,1463380,Hillsborough County
12059,12059,08059,08059,12,FL,Holmes County,30.862007,-85.815939,19622,Holmes County
12061,12061,08061,08061,12,FL,Indian River County,27.700528,-80.574789,160345,Indian River County
12063,12063,08063,08063,12,FL,Jackson County,30.789249,-85.208814,47214,Jackson County
12065,12065,08065,08065,12,FL,Jefferson County,30.396898,-83.921761,14560,Jefferson County
12067,12067,08067,08067,12,FL,Lafayette County,29.990066,-83.17851,8252,Lafayette County
12069,12069,08069,08069,12,FL,Lake County,28.764113,-81.712282,385875,Lake County
12071,12071,08071,08071,12,FL,Lee County,26.563273,-81.984182,764679,Lee County
12073,12073,08073,08073,12,FL,Leon County,30.45931,-84.2778,292378,Leon County
12075,12075,08075,08075,12,FL,Levy County,29.271854,-82.831233,43051,Levy County
12077,12077,08077,08077,12,FL,Liberty County,30.259849,-84.86858,7974,Liberty County
12079,12079,08079,08079,12,FL,Madison County,30.447233,-83.470416,17976,Madison County
12081,12081,08081,08081,12,FL,Manatee County,27.475556,-82.393144,401443,Manatee County
12083,12083,08083,08083,12,FL,Marion County,29.202805,-82.0431,377370,Marion County
12085,12085,08085,08085,12,FL,Martin County,27.083604,-80.398201,158529,Martin County
12086,12086,08086,08086,12,FL,Miami-Dade County,25.616009,-80.50375,2692459,Miami-Dade County
12087,12087,08087,08087,12,FL,Monroe County,25.58612,-81.022603,82809,Monroe County
12089,12089,08089,08089,12,FL,Nassau County,30.605963,-81.765087,90993,Nassau County
12091,12091,08091,08091,12,FL,Okaloosa County,30.614325,-86.59108,211809,Okaloosa County
12093,12093,08093,08093,12,FL,Okeechobee County,27.385592,-80.887388,39641,Okeechobee County
12095,12095,08095,08095,12,FL,Orange County,28.514391,-81.323284,1429899,Orange County
12097,12097,08097,08097,12,FL,Osceola County,28.059027,-81.139312,390855,Osceola County
12099,12099,08099,08099,12,FL,Palm Beach County,26.649126,-80.448354,1492466,Palm Beach County
12101,12101,08101,08101,12,FL,Pasco County,28.309823,-82.511006,565745,Pasco County
12103,12103,08103,08103,12,FL,Pinellas County,27.905342,-82.798066,958752,Pinellas County
12105,12105,08105,08105,12,FL,Polk County,27.953649,-81.693534,729233,Polk County
12107,12107,08107,08107,12,FL,Putnam County,29.593896,-81.732039,73347,Putnam County
12109,12109,08109,08109,12,FL,St. Johns County,29.890487,-81.40004,276916,St. Johns County
12111,12111,08111,08111,12,FL,St. Lucie County,27.379814,-80.443536,331275,St. Lucie County
12113,12113,08113,08113,12,FL,Santa Rosa County,30.675348,-87.018919,189133,Santa Rosa County
12115,12115,08115,08115,12,FL,Sarasota County,27.225327,-82.423714,435664,Sarasota County
12117,12117,08117,08117,12,FL,Seminole County,28.690065,-81.131975,471058,Seminole County
12119,12119,08119,08119,12,FL,Sumter County,28.715444,-82.069952,130897,Sumter County
12121,12121,08121,08121,12,FL,Suwannee County,30.189244,-82.992754,43510,Suwannee County
12123,12123,08123,08123,12,FL,Taylor County,29.967146,-83.639573,21760,Taylor County
12125,12125,08125,08125,12,FL,Union County,30.05428,-82.366918,16126,Union County
12127,12127,08127,08127,12,FL,Volusia County,29.057769,-81.161792,554901,Volusia County
12129,12129,08129,08129,12,FL,Wakulla County,30.091335,-84.359111,33907,Wakulla County
12131,12131,08131,08131,12,FL,Walton County,30.571247,-86.162798,75855,Walton County
12133,12133,08133,08133,12,FL,Washington County,30.602102,-85.655805,25357,Washington County
13001,13001,09001,09001,13,GA,Appling County,31.739712,-82.290103,18428,Appling County
13003,13003,09003,09003,13,GA,Atkinson County,31.296806,-82.878151,8301,Atkinson County
13005,13005,09005,09005,13,GA,Bacon County,31.55021,-82.451433,11123,Bacon County
13007,13007,09007,09007,13,GA,Baker County,31.31958,-84.454881,2844,Baker County
13009,13009,09009,09009,13,GA,Baldwin County,33.05949,-83.255457,43773,Baldwin County
13011,13011,09011,09011,13,GA,Banks County,34.351922,-83.498441,18069,Banks County
13013,13013,09013,09013,13,GA,Barrow County,33.992009,-83.712303,83963,Barrow County
13015,13015,09015,09015,13,GA,Bartow County,34.240917,-84.838188,109311,Bartow County
13017,13017,09017,09017,13,GA,Ben Hill County,31.740772,-83.147197,17153,Ben Hill County
13019,13019,09019,09019,13,GA,Berrien County,31.288652,-83.22787,18159,Berrien County
13021,13021,09021,09021,13,GA,Bibb County,32.808845,-83.694194,157104,Bibb County
13023,13023,09023,09023,13,GA,Bleckley County,32.435403,-83.331717,12577,Bleckley County
13025,13025,09025,09025,13,GA,Brantley County,31.197334,-81.982978,18040,Brantley County
13027,13027,09027,09027,13,GA,Brooks County,30.822934,-83.581905,16232,Brooks County
13029,13029,09029,09029,13,GA,Bryan County,32.017969,-81.438543,44999,Bryan County
13031,13031,09031,09031,13,GA,Bulloch County,32.394481,-81.741618,81378,Bulloch County
13033,13033,09033,09033,13,GA,Burke County,33.060181,-82.000164,24621,Burke County
13035,13035,09035,09035,13,GA,Butts County,33.290355,-83.958221,25542,Butts County
13037,13037,09037,09037,13,GA,Calhoun County,31.521279,-84.62629,5560,Calhoun County
13039,13039,09039,09039,13,GA,Camden County,30.913358,-81.642019,54911,Camden County
13043,13043,09043,09043,13,GA,Candler County,32.40395,-82.071266,11001,Candler County
13045,13045,09045,09045,13,GA,Carroll County,33.582237,-85.080527,119463,Carroll County
13047,13047,09047,09047,13,GA,Catoosa County,34.900212,-85.139385,67976,Catoosa County
13049,13049,09049,09049,13,GA,Charlton County,30.779904,-82.139644,12530,Charlton County
13051,13051,09051,09051,13,GA,Chatham County,31.980404,-81.085184,294904,Chatham County
13053,13053,09053,09053,13,GA,Chattahoochee County,32.347445,-84.788021,9482,Chattahoochee County
13055,13055,09055,09055,13,GA,Chattooga County,34.474178,-85.345289,24921,Chattooga County
13057,13057,09057,09057,13,GA,Cherokee County,34.244317,-84.475057,268043,Cherokee County
13059,13059,09059,09059,13,GA,Clarke County,33.952185,-83.367152,128489,Clarke County
13061,13061,09061,09061,13,GA,Clay County,31.619831,-84.992583,2835,Clay County
13063,13063,09063,09063,13,GA,Clayton County,33.542686,-84.355573,297417,Clayton County
13065,13065,09065,09065,13,GA,Clinch County,30.917653,-82.702614,6723,Clinch County
13067,13067,09067,09067,13,GA,Cobb County,33.939929,-84.574121,766209,Cobb County
13069,13069,09069,09069,13,GA,Coffee County,31.549245,-82.84494,43047,Coffee County
13071,13071,09071,09071,13,GA,Colquitt County,31.189707,-83.769773,45866,Colquitt County
13073,13073,09073,09073,13,GA,Columbia County,33.552075,-82.249608,156773,Columbia County
13075,13075,09075,09075,13,GA,Cook County,31.152516,-83.429445,17232,Cook County
13077,13077,09077,09077,13,GA,Coweta County,33.352897,-84.762138,146653,Coweta County
13079,13079,09079,09079,13,GA,Crawford County,32.709428,-83.979187,12100,Crawford County
13081,13081,09081,09081,13,GA,Crisp County,31.920268,-83.75653,20042,Crisp County
13083,13083,09083,09083,13,GA,Dade County,34.852424,-85.506201,16224,Dade County
13085,13085,09085,09085,13,GA,Dawson County,34.442608,-84.173261,27047,Dawson County
13087,13087,09087,09087,13,GA,Decatur County,30.880643,-84.58389,29338,Decatur County
13089,13089,09089,09089,13,GA,DeKalb County,33.770661,-84.226343,763831,DeKalb County
13091,13091,09091,09091,13,GA,Dodge County,32.164369,-83.167866,19849,Dodge County
13093,13093,09093,09093,13,GA,Dooly County,32.151995,-83.807167,11142,Dooly County
13095,13095,09095,09095,13,GA,Dougherty County,31.532588,-84.20904,85366,Dougherty County
13097,13097,09097,09097,13,GA,Douglas County,33.701242,-84.767314,144497,Douglas County
13099,13099,09099,09099,13,GA,Early County,31.324191,-84.906723,10813,Early County
13101,13101,09101,09101,13,GA,Echols County,30.714008,-82.897376,3696,Echols County
13103,13103,09103,09103,13,GA,Effingham County,32.361688,-81.343355,65150,Effingham County
13105,13105,09105,09105,13,GA,Elbert County,34.116413,-82.841909,19627,Elbert County
13107,13107,09107,09107,13,GA,Emanuel County,32.5911,-82.299763,22730,Emanuel County
13109,13109,09109,09109,13,GA,Evans County,32.153083,-81.890153,10757,Evans County
13111,13111,09111,09111,13,GA,Fannin County,34.866543,-84.317331,25396,Fannin County
13113,13113,09113,09113,13,GA,Fayette County,33.412717,-84.493941,119441,Fayette County
13115,13115,09115,09115,13,GA,Floyd County,34.263692,-85.213685,98593,Floyd County
13117,13117,09117,09117,13,GA,Forsyth County,34.225143,-84.127408,252786,Forsyth County
13119,13119,09119,09119,13,GA,Franklin County,34.375266,-83.227532,23429,Franklin County
13121,13121,09121,09121,13,GA,Fulton County,33.790034,-84.468182,1069023,Fulton County
13123,13123,09123,09123,13,GA,Gilmer County,34.690506,-84.454624,31429,Gilmer County
13125,13125,09125,09125,13,GA,Glascock County,33.227491,-82.606913,2883,Glascock County
13127,13127,09127,09127,13,GA,Glynn County,31.21271,-81.49645,84470,Glynn County
13129,13129,09129,09129,13,GA,Gordon County,34.509667,-84.873862,57696,Gordon County
13131,13131,09131,09131,13,GA,Grady County,30.875908,-84.24508,26221,Grady County
13133,13133,09133,09133,13,GA,Greene County,33.576704,-83.166625,19025,Greene County
13135,13135,09135,09135,13,GA,Gwinnett County,33.958756,-84.025735,957801,Gwinnett County
13137,13137,09137,09137,13,GA,Habersham County,34.634392,-83.525875,46105,Habersham County
13139,13139,09139,09139,13,GA,Hall County,34.317569,-83.8185,203589,Hall County
13141,13141,09141,09141,13,GA,Hancock County,33.26922,-83.000465,8722,Hancock County
13143,13143,09143,09143,13,GA,Haralson County,33.795165,-85.220063,29985,Haralson County
13145,13145,09145,09145,13,GA,Harris County,32.731549,-84.912432,34927,Harris County
13147,13147,09147,09147,13,GA,Hart County,34.348733,-82.96329,25866,Hart County
13149,13149,09149,09149,13,GA,Heard County,33.291347,-85.137886,11465,Heard County
13151,13151,09151,09151,13,GA,Henry County,33.452947,-84.154021,241818,Henry County
13153,13153,09153,09153,13,GA,Houston County,32.458287,-83.662522,164242,Houston County
13155,13155,09155,09155,13,GA,Irwin County,31.604306,-83.277037,9643,Irwin County
13157,13157,09157,09157,13,GA,Jackson County,34.130905,-83.562557,76712,Jackson County
13159,13159,09159,09159,13,GA,Jasper County,33.316981,-83.689151,14638,Jasper County
13161,13161,09161,09161,13,GA,Jeff Davis County,31.811615,-82.636825,14777,Jeff Davis County
13163,13163,09163,09163,13,GA,Jefferson County,33.058176,-82.420004,15658,Jefferson County
13165,13165,09165,09165,13,GA,Jenkins County,32.794563,-81.971524,8662,Jenkins County
13167,13167,09167,09167,13,GA,Johnson County,32.694584,-82.66397,9168,Johnson County
13169,13169,09169,09169,13,GA,Jones County,33.021664,-83.562196,28356,Jones County
13171,13171,09171,09171,13,GA,Lamar County,33.07444,-84.146689,18550,Lamar County
13173,13173,09173,09173,13,GA,Lanier County,31.038197,-83.063164,9916,Lanier County
13175,13175,09175,09175,13,GA,Laurens County,32.39322,-82.926317,49497,Laurens County
13177,13177,09177,09177,13,GA,Lee County,31.818419,-84.146681,33179,Lee County
13179,13179,09179,09179,13,GA,Liberty County,31.807458,-81.457871,65220,Liberty County
13181,13181,09181,09181,13,GA,Lincoln County,33.792151,-82.448299,7704,Lincoln County
13183,13183,09183,09183,13,GA,Long County,31.749563,-81.74287,16287,Long County
13185,13185,09185,09185,13,GA,Lowndes County,30.833145,-83.268995,118316,Lowndes County
13187,13187,09187,09187,13,GA,Lumpkin County,34.56814,-83.998925,33596,Lumpkin County
13189,13189,09189,09189,13,GA,McDuffie County,33.480613,-82.479533,21587,McDuffie County
13191,13191,09191,09191,13,GA,McIntosh County,31.485629,-81.372141,10982,McIntosh County
13193,13193,09193,09193,13,GA,Macon County,32.362686,-84.051231,12021,Macon County
13195,13195,09195,09195,13,GA,Madison County,34.128526,-83.203737,30263,Madison County
13197,13197,09197,09197,13,GA,Marion County,32.359312,-84.528735,7520,Marion County
13199,13199,09199,09199,13,GA,Meriwether County,33.029267,-84.667058,20619,Meriwether County
13201,13201,09201,09201,13,GA,Miller County,31.162931,-84.730398,5987,Miller County
13205,13205,09205,09205,13,GA,Mitchell County,31.228997,-84.192038,21677,Mitchell County
13207,13207,09207,09207,13,GA,Monroe County,33.017404,-83.922837,28046,Monroe County
13209,13209,09209,09209,13,GA,Montgomery County,32.172108,-82.533349,8577,Montgomery County
13211,13211,09211,09211,13,GA,Morgan County,33.598696,-83.499435,20174,Morgan County
13213,13213,09213,09213,13,GA,Murray County,34.797097,-84.73799,39938,Murray County
13215,13215,09215,09215,13,GA,Muscogee County,32.510197,-84.874946,206960,Muscogee County
13217,13217,09217,09217,13,GA,Newton County,33.552751,-83.85136,112780,Newton County
13219,13219,09219,09219,13,GA,Oconee County,33.834125,-83.437728,42021,Oconee County
13221,13221,09221,09221,13,GA,Oglethorpe County,33.866806,-83.074081,14865,Oglethorpe County
13223,13223,09223,09223,13,GA,Paulding County,33.92103,-84.867169,169660,Paulding County
13225,13225,09225,09225,13,GA,Peach County,32.571324,-83.831978,28035,Peach County
13227,13227,09227,09227,13,GA,Pickens County,34.456746,-84.490351,33333,Pickens County
13229,13229,09229,09229,13,GA,Pierce County,31.353998,-82.21037,19722,Pierce County
13231,13231,09231,09231,13,GA,Pike County,33.081149,-84.389462,18935,Pike County
13233,13233,09233,09233,13,GA,Polk County,33.996015,-85.188338,42925,Polk County
13235,13235,09235,09235,13,GA,Pulaski County,32.238803,-83.481845,9863,Pulaski County
13237,13237,09237,09237,13,GA,Putnam County,33.32106,-83.37179,22140,Putnam County
13239,13239,09239,09239,13,GA,Quitman County,31.862938,-85.004798,2224,Quitman County
13241,13241,09241,09241,13,GA,Rabun County,34.883934,-83.40487,16894,Rabun County
13243,13243,09243,09243,13,GA,Randolph County,31.762651,-84.752311,6377,Randolph County
13245,13245,09245,09245,13,GA,Richmond County,33.361486,-82.074998,206328,Richmond County
13247,13247,09247,09247,13,GA,Rockdale County,33.652081,-84.02637,93614,Rockdale County
13249,13249,09249,09249,13,GA,Schley County,32.263444,-84.322708,4538,Schley County
13251,13251,09251,09251,13,GA,Screven County,32.744751,-81.617585,14060,Screven County
13253,13253,09253,09253,13,GA,Seminole County,30.93396,-84.867685,9138,Seminole County
13255,13255,09255,09255,13,GA,Spalding County,33.262348,-84.284905,67413,Spalding County
13257,13257,09257,09257,13,GA,Stephens County,34.553582,-83.290588,26800,Stephens County
13259,13259,09259,09259,13,GA,Stewart County,32.073225,-84.834912,5295,Stewart County
13261,13261,09261,09261,13,GA,Sumter County,32.042266,-84.204294,29553,Sumter County
13263,13263,09263,09263,13,GA,Talbot County,32.704603,-84.530029,5731,Talbot County
13265,13265,09265,09265,13,GA,Taliaferro County,33.559319,-82.875272,1557,Taliaferro County
13267,13267,09267,09267,13,GA,Tattnall County,32.043768,-82.059208,22852,Tattnall County
13269,13269,09269,09269,13,GA,Taylor County,32.554667,-84.251426,7814,Taylor County
13271,13271,09271,09271,13,GA,Telfair County,31.913641,-82.931063,12461,Telfair County
13273,13273,09273,09273,13,GA,Terrell County,31.777191,-84.439446,9153,Terrell County
13275,13275,09275,09275,13,GA,Thomas County,30.864619,-83.919815,45766,Thomas County
13277,13277,09277,09277,13,GA,Tift County,31.457003,-83.525931,41348,Tift County
13279,13279,09279,09279,13,GA,Toombs County,32.117753,-82.330597,27052,Toombs County
13281,13281,09281,09281,13,GA,Towns County,34.902529,-83.732264,12539,Towns County
13283,13283,09283,09283,13,GA,Treutlen County,32.409586,-82.570882,6390,Treutlen County
13285,13285,09285,09285,13,GA,Troup County,33.034482,-85.02836,69388,Troup County
13287,13287,09287,09287,13,GA,Turner County,31.7248,-83.620319,8971,Turner County
13289,13289,09289,09289,13,GA,Twiggs County,32.665847,-83.425879,7986,Twiggs County
13291,13291,09291,09291,13,GA,Union County,34.833333,-83.989257,24766,Union County
13293,13293,09293,09293,13,GA,Upson County,32.881837,-84.292283,27712,Upson County
13295,13295,09295,09295,13,GA,Walker County,34.735802,-85.305456,67711,Walker County
13297,13297,09297,09297,13,GA,Walton County,33.783887,-83.731829,97135,Walton County
13299,13299,09299,09299,13,GA,Ware County,31.050881,-82.421507,36218,Ware County
13301,13301,09301,09301,13,GA,Warren County,33.419169,-82.688012,5205,Warren County
13303,13303,09303,09303,13,GA,Washington County,32.971843,-82.798112,19927,Washington County
13305,13305,09305,09305,13,GA,Wayne County,31.547845,-81.912376,30155,Wayne County
13307,13307,09307,09307,13,GA,Webster County,32.046691,-84.553828,2350,Webster County
13309,13309,09309,09309,13,GA,Wheeler County,32.105258,-82.733849,7430,Wheeler County
13311,13311,09311,09311,13,GA,White County,34.644182,-83.743,28090,White County
13313,13313,09313,09313,13,GA,Whitfield County,34.801726,-84.968541,102727,Whitfield County
13315,13315,09315,09315,13,GA,Wilcox County,31.96272,-83.438259,8731,Wilcox County
13317,13317,09317,09317,13,GA,Wilkes County,33.779031,-82.747921,9556,Wilkes County
13319,13319,09319,09319,13,GA,Wilkinson County,32.804266,-83.175512,8844,Wilkinson County
13321,13321,09321,09321,13,GA,Worth County,31.551773,-83.84996,20719,Worth County
16001,16001,10001,10001,16,ID,Ada County,43.451477,-116.244376,497984,Ada County
16003,16003,10003,10003,16,ID,Adams County,44.877004,-116.461624,4424,Adams County
16005,16005,10005,10005,16,ID,Bannock County,42.692921,-112.228982,87177,Bannock County
16007,16007,10007,10007,16,ID,Bear Lake County,42.285892,-111.327517,6370,Bear Lake County
16009,16009,10009,10009,16,ID,Benewah County,47.218451,-116.633541,9576,Benewah County
16011,16011,10011,10011,16,ID,Bingham County,43.216357,-112.399206,48068,Bingham County
16013,16013,10013,10013,16,ID,Blaine County,43.394192,-113.955371,24327,Blaine County
16015,16015,10015,10015,16,ID,Boise County,43.987275,-115.71511,7647,Boise County
16017,16017,10017,10017,16,ID,Bonner County,48.316796,-116.612362,47390,Bonner County
16019,16019,10019,10019,16,ID,Bonneville County,43.395171,-111.621878,124626,Bonneville County
16021,16021,10021,10021,16,ID,Boundary County,48.773131,-116.524668,12113,Boundary County
16023,16023,10023,10023,16,ID,Butte County,43.685101,-113.177631,2577,Butte County
16025,16025,10025,10025,16,ID,Camas County,43.502552,-114.772135,1089,Camas County
16027,16027,10027,10027,16,ID,Canyon County,43.625796,-116.709058,232714,Canyon County
16029,16029,10029,10029,16,ID,Caribou County,42.786072,-111.544273,7015,Caribou County
16031,16031,10031,10031,16,ID,Cassia County,42.282313,-113.626328,24699,Cassia County
16033,16033,10033,10033,16,ID,Clark County,44.290218,-112.354613,792,Clark County
16035,16035,10035,10035,16,ID,Clearwater County,46.67257,-115.6535,8750,Clearwater County
16037,16037,10037,10037,16,ID,Custer County,44.273351,-114.252267,4266,Custer County
16039,16039,10039,10039,16,ID,Elmore County,43.394698,-115.471205,28668,Elmore County
16041,16041,10041,10041,16,ID,Franklin County,42.173609,-111.822965,14269,Franklin County
16043,16043,10043,10043,16,ID,Fremont County,44.218091,-111.484429,13404,Fremont County
16045,16045,10045,10045,16,ID,Gem County,44.061473,-116.398784,19258,Gem County
16047,16047,10047,10047,16,ID,Gooding County,42.973185,-114.82142,15643,Gooding County
16049,16049,10049,10049,16,ID,Idaho County,45.849644,-115.467337,16561,Idaho County
16051,16051,10051,10051,16,ID,Jefferson County,43.796965,-112.318588,31055,Jefferson County
16053,16053,10053,10053,16,ID,Jerome County,42.691395,-114.262086,24222,Jerome County
16055,16055,10055,10055,16,ID,Kootenai County,47.675957,-116.695919,172646,Kootenai County
16057,16057,10057,10057,16,ID,Latah County,46.81892,-116.730974,39611,Latah County
16059,16059,10059,10059,16,ID,Lemhi County,44.928506,-113.887042,7948,Lemhi County
16061,16061,10061,10061,16,ID,Lewis County,46.236328,-116.42376,3531,Lewis County
16063,16063,10063,10063,16,ID,Lincoln County,42.990782,-114.153089,5133,Lincoln County
16065,16065,10065,10065,16,ID,Madison County,43.788614,-111.656993,52876,Madison County
16067,16067,10067,10067,16,ID,Minidoka County,42.857211,-113.63984,21674,Minidoka County
16069,16069,10069,10069,16,ID,Nez Perce County,46.333791,-116.760909,42088,Nez Perce County
16071,16071,10071,10071,16,ID,Oneida County,42.183895,-112.520449,4554,Oneida County
16073,16073,10073,10073,16,ID,Owyhee County,42.572851,-116.18969,11978,Owyhee County
16075,16075,10075,10075,16,ID,Payette County,44.00243,-116.750238,25589,Payette County
16077,16077,10077,10077,16,ID,Power County,42.694126,-112.844407,7879,Power County
16079,16079,10079,10079,16,ID,Shoshone County,47.347694,-115.885092,13189,Shoshone County
16081,16081,10081,10081,16,ID,Teton County,43.760994,-111.211765,11731,Teton County
16083,16083,10083,10083,16,ID,Twin Falls County,42.352309,-114.665639,90279,Twin Falls County
16085,16085,10085,10085,16,ID,Valley County,44.85596,-115.618061,11838,Valley County
16087,16087,10087,10087,16,ID,Washington County,44.448223,-116.797792,10544,Washington County
17001,17001,11001,11001,17,IL,Adams County,39.986052,-91.194961,65530,Adams County
17003,17003,11003,11003,17,IL,Alexander County,37.183658,-89.349516,5168,Alexander County
17005,17005,11005,11005,17,IL,Bond County,38.885924,-89.436592,16663,Bond County
17007,17007,11007,11007,17,IL,Boone County,42.318983,-88.824295,53326,Boone County
17009,17009,11009,11009,17,IL,Brown County,39.962069,-90.750309,6217,Brown County
17011,17011,11011,11011,17,IL,Bureau County,41.401304,-89.528377,33118,Bureau County
17013,17013,11013,11013,17,IL,Calhoun County,39.164262,-90.666295,4411,Calhoun County
17015,17015,11015,11015,17,IL,Carroll County,42.0709,-89.924189,15664,Carroll County
17017,17017,11017,11017,17,IL,Cass County,39.969202,-90.245704,12956,Cass County
17019,17019,11019,11019,17,IL,Champaign County,40.138985,-88.196975,205469,Champaign County
17021,17021,11021,11021,17,IL,Christian County,39.545524,-89.279593,33900,Christian County
17023,17023,11023,11023,17,IL,Clark County,39.332334,-87.791683,15407,Clark County
17025,17025,11025,11025,17,IL,Clay County,38.746819,-88.482325,13267,Clay County
17027,17027,11027,11027,17,IL,Clinton County,38.606295,-89.426228,36896,Clinton County
17029,17029,11029,11029,17,IL,Coles County,39.51368,-88.220782,46737,Coles County
17031,17031,11031,11031,17,IL,Cook County,41.894294,-87.645455,5262741,Cook County
17033,17033,11033,11033,17,IL,Crawford County,39.002787,-87.760619,18639,Crawford County
17035,17035,11035,11035,17,IL,Cumberland County,39.273121,-88.240619,10428,Cumberland County
17037,17037,11037,11037,17,IL,DeKalb County,41.894612,-88.768991,100233,DeKalb County
17039,17039,11039,11039,17,IL,De Witt County,40.181499,-88.901853,15441,De Witt County
17041,17041,11041,11041,17,IL,Douglas County,39.766078,-88.222866,19742,Douglas County
17043,17043,11043,11043,17,IL,DuPage County,41.852058,-88.086039,931153,DuPage County
17045,17045,11045,11045,17,IL,Edgar County,39.679037,-87.74711,16755,Edgar County
17047,17047,11047,11047,17,IL,Edwards County,38.417095,-88.047941,6205,Edwards County
17049,17049,11049,11049,17,IL,Effingham County,39.047945,-88.592849,34614,Effingham County
17051,17051,11051,11051,17,IL,Fayette County,39.001125,-89.017923,21460,Fayette County
17053,17053,11053,11053,17,IL,Ford County,40.596539,-88.224588,13533,Ford County
17055,17055,11055,11055,17,IL,Franklin County,37.991852,-88.926321,37636,Franklin County
17057,17057,11057,11057,17,IL,Fulton County,40.46524,-90.202269,33440,Fulton County
17059,17059,11059,11059,17,IL,Gallatin County,37.768677,-88.227964,4947,Gallatin County
17061,17061,11061,11061,17,IL,Greene County,39.355439,-90.387682,11915,Greene County
17063,17063,11063,11063,17,IL,Grundy County,41.29241,-88.401054,52514,Grundy County
17065,17065,11065,11065,17,IL,Hamilton County,38.085227,-88.539009,7977,Hamilton County
17067,17067,11067,11067,17,IL,Hancock County,40.401318,-91.168801,17552,Hancock County
17069,17069,11069,11069,17,IL,Hardin County,37.517852,-88.266148,3634,Hardin County
17071,17071,11071,11071,17,IL,Henderson County,40.814471,-90.941246,6339,Henderson County
17073,17073,11073,11073,17,IL,Henry County,41.350021,-90.130838,49138,Henry County
17075,17075,11075,11075,17,IL,Iroquois County,40.748867,-87.833601,26984,Iroquois County
17077,17077,11077,11077,17,IL,Jackson County,37.786096,-89.381212,52896,Jackson County
17079,17079,11079,11079,17,IL,Jasper County,39.004886,-88.150725,9247,Jasper County
17081,17081,11081,11081,17,IL,Jefferson County,38.30078,-88.92421,37029,Jefferson County
17083,17083,11083,11083,17,IL,Jersey County,39.080195,-90.361385,21444,Jersey County
17085,17085,11085,11085,17,IL,Jo Daviess County,42.362391,-90.21147,22035,Jo Daviess County
17087,17087,11087,11087,17,IL,Johnson County,37.460709,-88.882131,13307,Johnson County
17089,17089,11089,11089,17,IL,Kane County,41.939594,-88.42804,516155,Kane County
17091,17091,11091,11091,17,IL,Kankakee County,41.13951,-87.861117,107236,Kankakee County
17093,17093,11093,11093,17,IL,Kendall County,41.58814,-88.430626,132291,Kendall County
17095,17095,11095,11095,17,IL,Knox County,40.930945,-90.213792,49736,Knox County
17097,17097,11097,11097,17,IL,Lake County,42.185968,-87.805939,713217,Lake County
17099,17099,11099,11099,17,IL,LaSalle County,41.343341,-88.885931,109359,LaSalle County
17101,17101,11101,11101,17,IL,Lawrence County,38.718954,-87.730221,15234,Lawrence County
17103,17103,11103,11103,17,IL,Lee County,41.747447,-89.299362,34021,Lee County
17105,17105,11105,11105,17,IL,Livingston County,40.894376,-88.552852,35752,Livingston County
17107,17107,11107,11107,17,IL,Logan County,40.129277,-89.365309,27879,Logan County
17109,17109,11109,11109,17,IL,McDonough County,40.455808,-90.678954,27079,McDonough County
17111,17111,11111,11111,17,IL,McHenry County,42.324298,-88.452245,309770,McHenry County
17113,17113,11113,11113,17,IL,McLean County,40.494559,-88.844539,170870,McLean County
17115,17115,11115,11115,17,IL,Macon County,39.860237,-88.961529,103647,Macon County
17117,17117,11117,11117,17,IL,Macoupin County,39.265914,-89.92633,44810,Macoupin County
17119,17119,11119,11119,17,IL,Madison County,38.82712,-89.900227,265498,Madison County
17121,17121,11121,11121,17,IL,Marion County,38.648236,-88.920362,37613,Marion County
17123,17123,11123,11123,17,IL,Marshall County,41.031119,-89.342371,11691,Marshall County
17125,17125,11125,11125,17,IL,Mason County,40.236993,-89.913575,13026,Mason County
17127,17127,11127,11127,17,IL,Massac County,37.216119,-88.705658,14125,Massac County
17129,17129,11129,11129,17,IL,Menard County,40.022569,-89.794133,12265,Menard County
17131,17131,11131,11131,17,IL,Mercer County,41.205605,-90.74177,15633,Mercer County
17133,17133,11133,11133,17,IL,Monroe County,38.277983,-90.179078,34898,Monroe County
17135,17135,11135,11135,17,IL,Montgomery County,39.228068,-89.478141,28157,Montgomery County
17137,17137,11137,11137,17,IL,Morgan County,39.717668,-90.205005,32798,Morgan County
17139,17139,11139,11139,17,IL,Moultrie County,39.636896,-88.625726,14486,Moultrie County
17141,17141,11141,11141,17,IL,Ogle County,42.041884,-89.320176,51678,Ogle County
17143,17143,11143,11143,17,IL,Peoria County,40.785972,-89.766993,181225,Peoria County
17145,17145,11145,11145,17,IL,Perry County,38.084381,-89.368525,20880,Perry County
17147,17147,11147,11147,17,IL,Piatt County,40.009033,-88.592355,16654,Piatt County
17149,17149,11149,11149,17,IL,Pike County,39.625106,-90.889034,14633,Pike County
17151,17151,11151,11151,17,IL,Pope County,37.417169,-88.542374,3744,Pope County
17153,17153,11153,11153,17,IL,Pulaski County,37.215615,-89.127755,5161,Pulaski County
17155,17155,11155,11155,17,IL,Putnam County,41.198961,-89.298347,5635,Putnam County
17157,17157,11157,11157,17,IL,Randolph County,38.056515,-89.82121,30055,Randolph County
17159,17159,11159,11159,17,IL,Richland County,38.712187,-88.085452,15803,Richland County
17161,17161,11161,11161,17,IL,Rock Island County,41.468421,-90.572125,144267,Rock Island County
17163,17163,11163,11163,17,IL,St. Clair County,38.470198,-89.928546,256789,St. Clair County
17165,17165,11165,11165,17,IL,Saline County,37.751508,-88.545024,23634,Saline County
17167,17167,11167,11167,17,IL,Sangamon County,39.756886,-89.662435,196012,Sangamon County
17169,17169,11169,11169,17,IL,Schuyler County,40.156905,-90.613464,6875,Schuyler County
17171,17171,11171,11171,17,IL,Scott County,39.637002,-90.477771,4927,Scott County
17173,17173,11173,11173,17,IL,Shelby County,39.384926,-88.798862,20900,Shelby County
17175,17175,11175,11175,17,IL,Stark County,41.096908,-89.797411,5391,Stark County
17177,17177,11177,11177,17,IL,Stephenson County,42.349726,-89.665994,44457,Stephenson County
17179,17179,11179,11179,17,IL,Tazewell County,40.508074,-89.51626,131018,Tazewell County
17181,17181,11181,11181,17,IL,Union County,37.485652,-89.244639,17179,Union County
17183,17183,11183,11183,17,IL,Vermilion County,40.186754,-87.726778,73883,Vermilion County
17185,17185,11185,11185,17,IL,Wabash County,38.445821,-87.839167,11316,Wabash County
17187,17187,11187,11187,17,IL,Warren County,40.850441,-90.620223,16777,Warren County
17189,17189,11189,11189,17,IL,Washington County,38.35314,-89.417187,13711,Washington County
17191,17191,11191,11191,17,IL,Wayne County,38.431857,-88.43243,16121,Wayne County
17193,17193,11193,11193,17,IL,White County,38.087326,-88.178623,13808,White County
17195,17195,11195,11195,17,IL,Whiteside County,41.750673,-89.911005,55509,Whiteside County
17197,17197,11197,11197,17,IL,Will County,41.448474,-87.978456,695903,Will County
17199,17199,11199,11199,17,IL,Williamson County,37.730353,-88.930018,67094,Williamson County
17201,17201,11201,11201,17,IL,Winnebago County,42.337396,-89.161205,284858,Winnebago County
17203,17203,11203,11203,17,IL,Woodford County,40.789787,-89.210587,38395,Woodford County
18001,18001,12001,12001,18,IN,Adams County,40.745733,-84.93613,35826,Adams County
18003,18003,12003,12003,18,IN,Allen County,41.091909,-85.071791,385892,Allen County
18005,18005,12005,12005,18,IN,Bartholomew County,39.205843,-85.897999,82157,Bartholomew County
18007,18007,12007,12007,18,IN,Benton County,40.600939,-87.314786,8712,Benton County
18009,18009,12009,12009,18,IN,Blackford County,40.472672,-85.32373,12098,Blackford County
18011,18011,12011,12011,18,IN,Boone County,40.050892,-86.469014,71169,Boone County
18013,18013,12013,12013,18,IN,Brown County,39.195113,-86.230121,15470,Brown County
18015,18015,12015,12015,18,IN,Carroll County,40.58498,-86.565141,20307,Carroll County
18017,18017,12017,12017,18,IN,Cass County,40.753799,-86.355168,37771,Cass County
18019,18019,12019,12019,18,IN,Clark County,38.476217,-85.711122,121282,Clark County
18021,18021,12021,12021,18,IN,Clay County,39.393928,-87.115858,26432,Clay County
18023,18023,12023,12023,18,IN,Clinton County,40.305944,-86.477567,33151,Clinton County
18025,18025,12025,12025,18,IN,Crawford County,38.289433,-86.440871,10540,Crawford County
18027,18027,12027,12027,18,IN,Daviess County,38.69609,-87.076943,33391,Daviess County
18029,18029,12029,12029,18,IN,Dearborn County,39.140897,-84.975868,50726,Dearborn County
18031,18031,12031,12031,18,IN,Decatur County,39.30598,-85.499831,26477,Decatur County
18033,18033,12033,12033,18,IN,DeKalb County,41.39676,-85.002697,43274,DeKalb County
18035,18035,12035,12035,18,IN,Delaware County,40.227543,-85.399262,111669,Delaware County
18037,18037,12037,12037,18,IN,Dubois County,38.373344,-86.873385,43604,Dubois County
18039,18039,12039,12039,18,IN,Elkhart County,41.600693,-85.863986,206842,Elkhart County
18041,18041,12041,12041,18,IN,Fayette County,39.639655,-85.185032,23333,Fayette County
18043,18043,12043,12043,18,IN,Floyd County,38.318081,-85.911847,80437,Floyd County
18045,18045,12045,12045,18,IN,Fountain County,40.121237,-87.234872,16470,Fountain County
18047,18047,12047,12047,18,IN,Franklin County,39.409762,-85.066964,22767,Franklin County
18049,18049,12049,12049,18,IN,Fulton County,41.050384,-86.265006,20434,Fulton County
18051,18051,12051,12051,18,IN,Gibson County,38.317398,-87.580523,33021,Gibson County
18053,18053,12053,12053,18,IN,Grant County,40.515758,-85.654946,66446,Grant County
18055,18055,12055,12055,18,IN,Greene County,39.047147,-87.004771,30790,Greene County
18057,18057,12057,12057,18,IN,Hamilton County,40.053513,-86.021709,348868,Hamilton County
18059,18059,12059,12059,18,IN,Hancock County,39.822529,-85.77315,80156,Hancock County
18061,18061,12061,12061,18,IN,Harrison County,38.186454,-86.103766,39652,Harrison County
18063,18063,12063,12063,18,IN,Hendricks County,39.768963,-86.509908,175528,Hendricks County
18065,18065,12065,12065,18,IN,Henry County,39.929591,-85.397363,48885,Henry County
18067,18067,12067,12067,18,IN,Howard County,40.483537,-86.114118,83619,Howard County
18069,18069,12069,12069,18,IN,Huntington County,40.826394,-85.478597,36599,Huntington County
18071,18071,12071,12071,18,IN,Jackson County,38.911957,-86.042516,46373,Jackson County
18073,18073,12073,12073,18,IN,Jasper County,41.017688,-87.118814,32906,Jasper County
18075,18075,12075,12075,18,IN,Jay County,40.434956,-85.002331,20456,Jay County
18077,18077,12077,12077,18,IN,Jefferson County,38.783604,-85.44009,33075,Jefferson County
18079,18079,12079,12079,18,IN,Jennings County,38.996229,-85.628103,27564,Jennings County
18081,18081,12081,12081,18,IN,Johnson County,39.496092,-86.094264,162180,Johnson County
18083,18083,12083,12083,18,IN,Knox County,38.688391,-87.420354,36244,Knox County
18085,18085,12085,12085,18,IN,Kosciusko County,41.244293,-85.861575,80050,Kosciusko County
18087,18087,12087,12087,18,IN,LaGrange County,41.642462,-85.427845,40515,LaGrange County
18089,18089,12089,12089,18,IN,Lake County,41.472247,-87.374337,498597,Lake County
18091,18091,12091,12091,18,IN,LaPorte County,41.549013,-86.744739,112222,LaPorte County
18093,18093,12093,12093,18,IN,Lawrence County,38.839815,-86.48782,45022,Lawrence County
18095,18095,12095,12095,18,IN,Madison County,40.166203,-85.722454,130065,Madison County
18097,18097,12097,12097,18,IN,Marion County,39.782976,-86.135794,976770,Marion County
18099,18099,12099,12099,18,IN,Marshall County,41.325003,-86.269036,46018,Marshall County
18101,18101,12101,12101,18,IN,Martin County,38.705322,-86.801847,9786,Martin County
18103,18103,12103,12103,18,IN,Miami County,40.772883,-86.044258,35924,Miami County
18105,18105,12105,12105,18,IN,Monroe County,39.160729,-86.52331,139517,Monroe County
18107,18107,12107,12107,18,IN,Montgomery County,40.040296,-86.892715,37932,Montgomery County
18109,18109,12109,12109,18,IN,Morgan County,39.482646,-86.447457,71802,Morgan County
18111,18111,12111,12111,18,IN,Newton County,40.962399,-87.402172,13796,Newton County
18113,18113,12113,12113,18,IN,Noble County,41.404679,-85.417271,47379,Noble County
18115,18115,12115,12115,18,IN,Ohio County,38.940527,-84.964299,5930,Ohio County
18117,18117,12117,12117,18,IN,Orange County,38.547381,-86.489257,19839,Orange County
18119,18119,12119,12119,18,IN,Owen County,39.317339,-86.838845,21298,Owen County
18121,18121,12121,12121,18,IN,Parke County,39.77425,-87.19695,16154,Parke County
18123,18123,12123,12123,18,IN,Perry County,38.081436,-86.62654,19150,Perry County
18125,18125,12125,12125,18,IN,Pike County,38.397961,-87.232547,12233,Pike County
18127,18127,12127,12127,18,IN,Porter County,41.509914,-87.071313,173256,Porter County
18129,18129,12129,12129,18,IN,Posey County,38.027614,-87.868653,25161,Posey County
18131,18131,12131,12131,18,IN,Pulaski County,41.045272,-86.692538,12488,Pulaski County
18133,18133,12133,12133,18,IN,Putnam County,39.665548,-86.853373,36666,Putnam County
18135,18135,12135,12135,18,IN,Randolph County,40.164079,-85.00579,24375,Randolph County
18137,18137,12137,12137,18,IN,Ripley County,39.100226,-85.260494,28980,Ripley County
18139,18139,12139,12139,18,IN,Rush County,39.622362,-85.466529,16744,Rush County
18141,18141,12141,12141,18,IN,St. Joseph County,41.617723,-86.288048,272549,St. Joseph County
18143,18143,12143,12143,18,IN,Scott County,38.679431,-85.751898,24336,Scott County
18145,18145,12145,12145,18,IN,Shelby County,39.524135,-85.792174,45026,Shelby County
18147,18147,12147,12147,18,IN,Spencer County,38.009697,-87.010375,19820,Spencer County
18149,18149,12149,12149,18,IN,Starke County,41.284478,-86.644636,23356,Starke County
18151,18151,12151,12151,18,IN,Steuben County,41.643467,-85.002405,34440,Steuben County
18153,18153,12153,12153,18,IN,Sullivan County,39.089225,-87.415843,20803,Sullivan County
18155,18155,12155,12155,18,IN,Switzerland County,38.825854,-85.029681,9724,Switzerland County
18157,18157,12157,12157,18,IN,Tippecanoe County,40.389133,-86.893554,186247,Tippecanoe County
18159,18159,12159,12159,18,IN,Tipton County,40.310229,-86.056207,15365,Tipton County
18161,18161,12161,12161,18,IN,Union County,39.623111,-84.925152,7090,Union County
18163,18163,12163,12163,18,IN,Vanderburgh County,38.02007,-87.586166,180158,Vanderburgh County
18165,18165,12165,12165,18,IN,Vermillion County,39.854045,-87.462071,15388,Vermillion County
18167,18167,12167,12167,18,IN,Vigo County,39.429143,-87.390375,106007,Vigo County
18169,18169,12169,12169,18,IN,Wabash County,40.843747,-85.795192,30888,Wabash County
18171,18171,12171,12171,18,IN,Warren County,40.352498,-87.375163,8413,Warren County
18173,18173,12173,12173,18,IN,Warrick County,38.097728,-87.272049,63966,Warrick County
18175,18175,12175,12175,18,IN,Washington County,38.600613,-86.104751,28220,Washington County
18177,18177,12177,12177,18,IN,Wayne County,39.863091,-85.006735,66455,Wayne County
18179,18179,12179,12179,18,IN,Wells County,40.735273,-85.212974,28179,Wells County
18181,18181,12181,12181,18,IN,White County,40.75095,-86.864293,24636,White County
18183,18183,12183,12183,18,IN,Whitley County,41.136426,-85.501892,34316,Whitley County
19001,19001,13001,13001,19,IA,Adair County,41.328528,-94.478164,7477,Adair County
19003,19003,13003,13003,19,IA,Adams County,41.021656,-94.696906,3697,Adams County
19005,19005,13005,13005,19,IA,Allamakee County,43.274964,-91.382751,14067,Allamakee County
19007,19007,13007,13007,19,IA,Appanoose County,40.744249,-92.873065,12282,Appanoose County
19009,19009,13009,13009,19,IA,Audubon County,41.679178,-94.904312,5671,Audubon County
19011,19011,13011,13011,19,IA,Benton County,42.092547,-92.05763,25536,Benton County
19013,19013,13013,13013,19,IA,Black Hawk County,42.471132,-92.3076,130980,Black Hawk County
19015,19015,13015,13015,19,IA,Boone County,42.038642,-93.938603,26691,Boone County
19017,19017,13017,13017,19,IA,Bremer County,42.780895,-92.327356,24974,Bremer County
19019,19019,13019,13019,19,IA,Buchanan County,42.470328,-91.838666,20586,Buchanan County
19021,19021,13021,13021,19,IA,Buena Vista County,42.741522,-95.141432,20776,Buena Vista County
19023,19023,13023,13023,19,IA,Butler County,42.734757,-92.780153,14311,Butler County
19025,19025,13025,13025,19,IA,Calhoun County,42.38617,-94.643683,9886,Calhoun County
19027,19027,13027,13027,19,IA,Carroll County,42.039502,-94.86765,20702,Carroll County
19029,19029,13029,13029,19,IA,Cass County,41.333824,-94.933302,13104,Cass County
19031,19031,13031,13031,19,IA,Cedar County,41.77236,-91.132611,18495,Cedar County
19033,19033,13033,13033,19,IA,Cerro Gordo County,43.074975,-93.250965,42965,Cerro Gordo County
19035,19035,13035,13035,19,IA,Cherokee County,42.742737,-95.633262,11632,Cherokee County
19037,19037,13037,13037,19,IA,Chickasaw County,43.059741,-92.31721,11970,Chickasaw County
19039,19039,13039,13039,19,IA,Clarke County,41.029726,-93.785259,9726,Clarke County
19041,19041,13041,13041,19,IA,Clay County,43.081224,-95.149875,16333,Clay County
19043,19043,13043,13043,19,IA,Clayton County,42.840985,-91.323576,16996,Clayton County
19045,19045,13045,13045,19,IA,Clinton County,41.898073,-90.534243,46418,Clinton County
19047,19047,13047,13047,19,IA,Crawford County,42.043119,-95.38909,16453,Crawford County
19049,19049,13049,13049,19,IA,Dallas County,41.68532,-94.040706,100486,Dallas County
19051,19051,13051,13051,19,IA,Davis County,40.748089,-92.410345,9109,Davis County
19053,19053,13053,13053,19,IA,Decatur County,40.736379,-93.78458,7610,Decatur County
19055,19055,13055,13055,19,IA,Delaware County,42.472937,-91.366767,17458,Delaware County
19057,19057,13057,13057,19,IA,Des Moines County,40.915339,-91.186925,38831,Des Moines County
19059,19059,13059,13059,19,IA,Dickinson County,43.389611,-95.196057,17747,Dickinson County
19061,19061,13061,13061,19,IA,Dubuque County,42.463481,-90.878771,99229,Dubuque County
19063,19063,13063,13063,19,IA,Emmet County,43.377984,-94.66937,9332,Emmet County
19065,19065,13065,13065,19,IA,Fayette County,42.864122,-91.840376,19399,Fayette County
19067,19067,13067,13067,19,IA,Floyd County,43.052741,-92.787367,15552,Floyd County
19069,19069,13069,13069,19,IA,Franklin County,42.736545,-93.271415,9983,Franklin County
19071,19071,13071,13071,19,IA,Fremont County,40.74259,-95.599182,6560,Fremont County
19073,19073,13073,13073,19,IA,Greene County,42.042513,-94.388727,8746,Greene County
19075,19075,13075,13075,19,IA,Grundy County,42.403339,-92.790244,12312,Grundy County
19077,19077,13077,13077,19,IA,Guthrie County,41.683573,-94.501272,10612,Guthrie County
19079,19079,13079,13079,19,IA,Hamilton County,42.390789,-93.70913,15020,Hamilton County
19081,19081,13081,13081,19,IA,Hancock County,43.075411,-93.743697,10757,Hancock County
19083,19083,13083,13083,19,IA,Hardin County,42.390208,-93.241669,16821,Hardin County
19085,19085,13085,13085,19,IA,Harrison County,41.688584,-95.827149,14546,Harrison County
19087,19087,13087,13087,19,IA,Henry County,40.984802,-91.547259,20412,Henry County
19089,19089,13089,13089,19,IA,Howard County,43.365312,-92.321908,9487,Howard County
19091,19091,13091,13091,19,IA,Humboldt County,42.782221,-94.202775,9595,Humboldt County
19093,19093,13093,13093,19,IA,Ida County,42.39186,-95.507421,7007,Ida County
19095,19095,13095,13095,19,IA,Iowa County,41.683918,-92.059123,16679,Iowa County
19097,19097,13097,13097,19,IA,Jackson County,42.164226,-90.574582,19437,Jackson County
19099,19099,13099,13099,19,IA,Jasper County,41.685551,-93.054147,37802,Jasper County
19101,19101,13101,13101,19,IA,Jefferson County,41.006376,-91.966628,15659,Jefferson County
19103,19103,13103,13103,19,IA,Johnson County,41.670668,-91.590529,152984,Johnson County
19105,19105,13105,13105,19,IA,Jones County,42.125118,-91.116914,20647,Jones County
19107,19107,13107,13107,19,IA,Keokuk County,41.331182,-92.167721,9995,Keokuk County
19109,19109,13109,13109,19,IA,Kossuth County,43.212356,-94.213965,14786,Kossuth County
19111,19111,13111,13111,19,IA,Lee County,40.647588,-91.477157,33512,Lee County
19113,19113,13113,13113,19,IA,Linn County,42.077951,-91.597674,230263,Linn County
19115,19115,13115,13115,19,IA,Louisa County,41.218211,-91.256994,10806,Louisa County
19117,19117,13117,13117,19,IA,Lucas County,41.033344,-93.331467,8615,Lucas County
19119,19119,13119,13119,19,IA,Lyon County,43.38358,-96.207201,11917,Lyon County
19121,19121,13121,13121,19,IA,Madison County,41.330622,-94.015184,16626,Madison County
19123,19123,13123,13123,19,IA,Mahaska County,41.330797,-92.636366,22148,Mahaska County
19125,19125,13125,13125,19,IA,Marion County,41.331433,-93.093868,33377,Marion County
19127,19127,13127,13127,19,IA,Marshall County,42.0417,-92.981403,40059,Marshall County
19129,19129,13129,13129,19,IA,Mills County,41.033703,-95.619101,14405,Mills County
19131,19131,13131,13131,19,IA,Mitchell County,43.348564,-92.784466,10582,Mitchell County
19133,19133,13133,13133,19,IA,Monona County,42.049432,-95.956566,8742,Monona County
19135,19135,13135,13135,19,IA,Monroe County,41.028847,-92.869642,7582,Monroe County
19137,19137,13137,13137,19,IA,Montgomery County,41.021735,-95.15779,10335,Montgomery County
19139,19139,13139,13139,19,IA,Muscatine County,41.483776,-91.118699,43113,Muscatine County
19141,19141,13141,13141,19,IA,O'Brien County,43.083746,-95.625624,14154,O'Brien County
19143,19143,13143,13143,19,IA,Osceola County,43.378542,-95.633788,6189,Osceola County
19145,19145,13145,13145,19,IA,Page County,40.739097,-95.144301,15180,Page County
19147,19147,13147,13147,19,IA,Palo Alto County,43.075337,-94.669055,8961,Palo Alto County
19149,19149,13149,13149,19,IA,Plymouth County,42.737585,-96.215864,25681,Plymouth County
19151,19151,13151,13151,19,IA,Pocahontas County,42.734033,-94.678279,7075,Pocahontas County
19153,19153,13153,13153,19,IA,Polk County,41.684816,-93.568971,492769,Polk County
19155,19155,13155,13155,19,IA,Pottawattamie County,41.340184,-95.544905,93560,Pottawattamie County
19157,19157,13157,13157,19,IA,Poweshiek County,41.684642,-92.522934,18643,Poweshiek County
19159,19159,13159,13159,19,IA,Ringgold County,40.735334,-94.244251,4639,Ringgold County
19161,19161,13161,13161,19,IA,Sac County,42.387526,-95.105224,9791,Sac County
19163,19163,13163,13163,19,IA,Scott County,41.642079,-90.622289,174488,Scott County
19165,19165,13165,13165,19,IA,Shelby County,41.679014,-95.308917,11699,Shelby County
19167,19167,13167,13167,19,IA,Sioux County,43.082646,-96.17801,35869,Sioux County
19169,19169,13169,13169,19,IA,Story County,42.037538,-93.466093,98615,Story County
19171,19171,13171,13171,19,IA,Tama County,42.074848,-92.529411,17072,Tama County
19173,19173,13173,13173,19,IA,Taylor County,40.737949,-94.697108,5861,Taylor County
19175,19175,13175,13175,19,IA,Union County,41.02855,-94.245091,12097,Union County
19177,19177,13177,13177,19,IA,Van Buren County,40.754117,-91.952943,7204,Van Buren County
19179,19179,13179,13179,19,IA,Wapello County,41.031275,-92.409466,35341,Wapello County
19181,19181,13181,13181,19,IA,Warren County,41.332446,-93.568751,52548,Warren County
19183,19183,13183,13183,19,IA,Washington County,41.329401,-91.725052,22511,Washington County
19185,19185,13185,13185,19,IA,Wayne County,40.739983,-93.332613,6509,Wayne County
19187,19187,13187,13187,19,IA,Webster County,42.433579,-94.175831,36954,Webster County
19189,19189,13189,13189,19,IA,Winnebago County,43.378124,-93.743488,10650,Winnebago County
19191,19191,13191,13191,19,IA,Winneshiek County,43.292989,-91.850788,20031,Winneshiek County
19193,19193,13193,13193,19,IA,Woodbury County,42.39322,-96.053296,105829,Woodbury County
19195,19195,13195,13195,19,IA,Worth County,43.373491,-93.248533,7425,Worth County
19197,19197,13197,13197,19,IA,Wright County,42.733007,-93.734735,12914,Wright County
20001,20001,14001,14001,20,KS,Allen County,37.884228,-95.300945,12537,Allen County
20003,20003,14003,14003,20,KS,Anderson County,38.215114,-95.292046,7850,Anderson County
20005,20005,14005,14005,20,KS,Atchison County,39.532544,-95.313397,16305,Atchison County
20007,20007,14007,14007,20,KS,Barber County,37.222906,-98.685052,4198,Barber County
20009,20009,14009,14009,20,KS,Barton County,38.481239,-98.767837,25419,Barton County
20011,20011,14011,14011,20,KS,Bourbon County,37.8561,-94.850928,14333,Bourbon County
20013,20013,14013,14013,20,KS,Brown County,39.825931,-95.569905,9473,Brown County
20015,20015,14015,14015,20,KS,Butler County,37.773649,-96.83884,67401,Butler County
20017,20017,14017,14017,20,KS,Chase County,38.299475,-96.594029,2564,Chase County
20019,20019,14019,14019,20,KS,Chautauqua County,37.154259,-96.245396,3386,Chautauqua County
20021,20021,14021,14021,20,KS,Cherokee County,37.169392,-94.845698,19275,Cherokee County
20023,20023,14023,14023,20,KS,Cheyenne County,39.789917,-101.727325,2620,Cheyenne County
20025,20025,14025,14025,20,KS,Clark County,37.233831,-99.813869,1973,Clark County
20027,20027,14027,14027,20,KS,Clay County,39.344964,-97.168853,8112,Clay County
20029,20029,14029,14029,20,KS,Cloud County,39.487329,-97.64139,8988,Cloud County
20031,20031,14031,14031,20,KS,Coffey County,38.23645,-95.729137,8370,Coffey County
20033,20033,14033,14033,20,KS,Comanche County,37.181442,-99.251293,1681,Comanche County
20035,20035,14035,14035,20,KS,Cowley County,37.234507,-96.837247,34498,Cowley County
20037,20037,14037,14037,20,KS,Crawford County,37.505821,-94.853897,38930,Crawford County
20039,20039,14039,14039,20,KS,Decatur County,39.783542,-100.459708,2749,Decatur County
20041,20041,14041,14041,20,KS,Dickinson County,38.867735,-97.157943,18353,Dickinson County
20043,20043,14043,14043,20,KS,Doniphan County,39.788502,-95.147225,7469,Doniphan County
20045,20045,14045,14045,20,KS,Douglas County,38.896417,-95.290947,118814,Douglas County
20047,20047,14047,14047,20,KS,Edwards County,37.883595,-99.304746,2898,Edwards County
20049,20049,14049,14049,20,KS,Elk County,37.456026,-96.244642,2475,Elk County
20051,20051,14051,14051,20,KS,Ellis County,38.914597,-99.317313,28931,Ellis County
20053,20053,14053,14053,20,KS,Ellsworth County,38.700845,-98.205355,6354,Ellsworth County
20055,20055,14055,14055,20,KS,Finney County,38.049808,-100.739967,38297,Finney County
20057,20057,14057,14057,20,KS,Ford County,37.688416,-99.884748,34206,Ford County
20059,20059,14059,14059,20,KS,Franklin County,38.558019,-95.278962,26028,Franklin County
20061,20061,14061,14061,20,KS,Geary County,39.002139,-96.7681,36747,Geary County
20063,20063,14063,14063,20,KS,Gove County,38.917239,-100.48736,2694,Gove County
20065,20065,14065,14065,20,KS,Graham County,39.354972,-99.879894,2405,Graham County
20067,20067,14067,14067,20,KS,Grant County,37.547537,-101.299362,7327,Grant County
20069,20069,14069,14069,20,KS,Gray County,37.744513,-100.451716,5633,Gray County
20071,20071,14071,14071,20,KS,Greeley County,38.480404,-101.80597,1277,Greeley County
20073,20073,14073,14073,20,KS,Greenwood County,37.879347,-96.241732,5972,Greenwood County
20075,20075,14075,14075,20,KS,Hamilton County,37.995244,-101.793689,2494,Hamilton County
20077,20077,14077,14077,20,KS,Harper County,37.188184,-98.06659,5461,Harper County
20079,20079,14079,14079,20,KS,Harvey County,38.050144,-97.436706,33942,Harvey County
20081,20081,14081,14081,20,KS,Haskell County,37.554979,-100.879952,3756,Haskell County
20083,20083,14083,14083,20,KS,Hodgeman County,38.087493,-99.898407,1718,Hodgeman County
20085,20085,14085,14085,20,KS,Jackson County,39.411145,-95.794485,13230,Jackson County
20087,20087,14087,14087,20,KS,Jefferson County,39.239644,-95.375314,18300,Jefferson County
20089,20089,14089,14089,20,KS,Jewell County,39.777005,-98.222619,2926,Jewell County
20091,20091,14091,14091,20,KS,Johnson County,38.883907,-94.82233,610536,Johnson County
20093,20093,14093,14093,20,KS,Kearny County,37.994461,-101.308136,3971,Kearny County
20095,20095,14095,14095,20,KS,Kingman County,37.552951,-98.144529,7446,Kingman County
20097,20097,14097,14097,20,KS,Kiowa County,37.561231,-99.286539,2452,Kiowa County
20099,20099,14099,14099,20,KS,Labette County,37.191468,-95.297473,20119,Labette County
20101,20101,14101,14101,20,KS,Lane County,38.481286,-100.466185,1568,Lane County
20103,20103,14103,14103,20,KS,Leavenworth County,39.189511,-95.038977,81870,Leavenworth County
20105,20105,14105,14105,20,KS,Lincoln County,39.04728,-98.214284,2947,Lincoln County
20107,20107,14107,14107,20,KS,Linn County,38.216549,-94.844932,9582,Linn County
20109,20109,14109,14109,20,KS,Logan County,38.91327,-101.157402,2743,Logan County
20111,20111,14111,14111,20,KS,Lyon County,38.455403,-96.161641,32100,Lyon County
20113,20113,14113,14113,20,KS,McPherson County,38.395812,-97.647489,30160,McPherson County
20115,20115,14115,14115,20,KS,Marion County,38.359647,-97.102771,11754,Marion County
20117,20117,14117,14117,20,KS,Marshall County,39.782709,-96.521243,10014,Marshall County
20119,20119,14119,14119,20,KS,Meade County,37.243886,-100.360094,4045,Meade County
20121,20121,14121,14121,20,KS,Miami County,38.566772,-94.832963,34183,Miami County
20123,20123,14123,14123,20,KS,Mitchell County,39.393026,-98.207362,5764,Mitchell County
20125,20125,14125,14125,20,KS,Montgomery County,37.189537,-95.742403,31360,Montgomery County
20127,20127,14127,14127,20,KS,Morris County,38.688204,-96.651448,5360,Morris County
20129,20129,14129,14129,20,KS,Morton County,37.185249,-101.809516,2695,Morton County
20131,20131,14131,14131,20,KS,Nemaha County,39.791043,-96.005381,10218,Nemaha County
20133,20133,14133,14133,20,KS,Neosho County,37.564283,-95.315682,15909,Neosho County
20135,20135,14135,14135,20,KS,Ness County,38.480437,-99.908745,2678,Ness County
20137,20137,14137,14137,20,KS,Norton County,39.783867,-99.899235,5435,Norton County
20139,20139,14139,14139,20,KS,Osage County,38.650215,-95.708255,15724,Osage County
20141,20141,14141,14141,20,KS,Osborne County,39.348261,-98.767942,3494,Osborne County
20143,20143,14143,14143,20,KS,Ottawa County,39.137963,-97.654802,5733,Ottawa County
20145,20145,14145,14145,20,KS,Pawnee County,38.181477,-99.234772,6244,Pawnee County
20147,20147,14147,14147,20,KS,Phillips County,39.784506,-99.34215,4953,Phillips County
20149,20149,14149,14149,20,KS,Pottawatomie County,39.382187,-96.337113,25392,Pottawatomie County
20151,20151,14151,14151,20,KS,Pratt County,37.647594,-98.74012,9151,Pratt County
20153,20153,14153,14153,20,KS,Rawlins County,39.786198,-101.076738,2555,Rawlins County
20155,20155,14155,14155,20,KS,Reno County,37.948185,-98.078346,61808,Reno County
20157,20157,14157,14157,20,KS,Republic County,39.828906,-97.650883,4680,Republic County
20159,20159,14159,14159,20,KS,Rice County,38.347178,-98.201415,9374,Rice County
20161,20161,14161,14161,20,KS,Riley County,39.291211,-96.727489,71996,Riley County
20163,20163,14163,14163,20,KS,Rooks County,39.346006,-99.324492,4894,Rooks County
20165,20165,14165,14165,20,KS,Rush County,38.523596,-99.309184,2944,Rush County
20167,20167,14167,14167,20,KS,Russell County,38.91604,-98.770949,6672,Russell County
20169,20169,14169,14169,20,KS,Saline County,38.791804,-97.651478,54232,Saline County
20171,20171,14171,14171,20,KS,Scott County,38.481877,-100.90636,5137,Scott County
20173,20173,14173,14173,20,KS,Sedgwick County,37.681045,-97.461054,524246,Sedgwick County
20175,20175,14175,14175,20,KS,Seward County,37.18096,-100.855257,21832,Seward County
20177,20177,14177,14177,20,KS,Shawnee County,39.041805,-95.755664,178608,Shawnee County
20179,20179,14179,14179,20,KS,Sheridan County,39.350547,-100.441228,2442,Sheridan County
20181,20181,14181,14181,20,KS,Sherman County,39.351352,-101.719859,5882,Sherman County
20183,20183,14183,14183,20,KS,Smith County,39.78466,-98.785429,3559,Smith County
20185,20185,14185,14185,20,KS,Stafford County,38.03563,-98.719889,4064,Stafford County
20187,20187,14187,14187,20,KS,Stanton County,37.565932,-101.789383,2072,Stanton County
20189,20189,14189,14189,20,KS,Stevens County,37.2017,-101.317268,5236,Stevens County
20191,20191,14191,14191,20,KS,Sumner County,37.236662,-97.493352,22332,Sumner County
20193,20193,14193,14193,20,KS,Thomas County,39.357713,-101.083386,7916,Thomas County
20195,20195,14195,14195,20,KS,Trego County,38.921302,-99.865423,2808,Trego County
20197,20197,14197,14197,20,KS,Wabaunsee County,38.955154,-96.201262,6885,Wabaunsee County
20199,20199,14199,14199,20,KS,Wallace County,38.926626,-101.771103,1514,Wallace County
20201,20201,14201,14201,20,KS,Washington County,39.776714,-97.095611,5526,Washington County
20203,20203,14203,14203,20,KS,Wichita County,38.481922,-101.347434,2144,Wichita County
20205,20205,14205,14205,20,KS,Wilson County,37.558515,-95.745175,8577,Wilson County
20207,20207,14207,14207,20,KS,Woodson County,37.888193,-95.758469,3103,Woodson County
20209,20209,14209,14209,20,KS,Wyandotte County,39.115384,-94.763087,168873,Wyandotte County
21001,21001,15001,15001,21,KY,Adair County,37.105559,-85.28138,18870,Adair County
21003,21003,15003,15003,21,KY,Allen County,36.75077,-86.192458,20595,Allen County
21005,21005,15005,15005,21,KY,Anderson County,38.005396,-84.986417,23869,Anderson County
21007,21007,15007,15007,21,KY,Ballard County,37.051323,-89.010367,7724,Ballard County
21009,21009,15009,15009,21,KY,Barren County,36.962805,-85.932108,44445,Barren County
21011,21011,15011,15011,21,KY,Bath County,38.152249,-83.737641,12708,Bath County
21013,21013,15013,15013,21,KY,Bell County,36.728928,-83.680718,23942,Bell County
21015,21015,15015,15015,21,KY,Boone County,38.9589,-84.736371,136403,Boone County
21017,21017,15017,15017,21,KY,Bourbon County,38.202562,-84.20986,20285,Bourbon County
21019,21019,15019,15019,21,KY,Boyd County,38.360003,-82.681406,48175,Boyd County
21021,21021,15021,15021,21,KY,Boyle County,37.618104,-84.868352,30701,Boyle County
21023,21023,15023,15023,21,KY,Bracken County,38.680365,-84.115235,8390,Bracken County
21025,21025,15025,15025,21,KY,Breathitt County,37.517807,-83.317158,13679,Breathitt County
21027,21027,15027,15027,21,KY,Breckinridge County,37.777988,-86.432919,20432,Breckinridge County
21029,21029,15029,15029,21,KY,Bullitt County,37.969945,-85.702635,82293,Bullitt County
21031,21031,15031,15031,21,KY,Butler County,37.207013,-86.682471,12318,Butler County
21033,21033,15033,15033,21,KY,Caldwell County,37.148642,-87.870509,12632,Caldwell County
21035,21035,15035,15035,21,KY,Calloway County,36.620978,-88.274086,37147,Calloway County
21037,21037,15037,15037,21,KY,Campbell County,38.946981,-84.379583,93086,Campbell County
21039,21039,15039,15039,21,KY,Carlisle County,36.85718,-88.976614,4811,Carlisle County
21041,21041,15041,15041,21,KY,Carroll County,38.668394,-85.124024,10833,Carroll County
21043,21043,15043,15043,21,KY,Carter County,38.314094,-83.038988,26575,Carter County
21045,21045,15045,15045,21,KY,Casey County,37.321962,-84.92822,15886,Casey County
21047,21047,15047,15047,21,KY,Christian County,36.892059,-87.492986,72696,Christian County
21049,21049,15049,15049,21,KY,Clark County,37.970314,-84.145115,36999,Clark County
21051,21051,15051,15051,21,KY,Clay County,37.164273,-83.715473,20294,Clay County
21053,21053,15053,15053,21,KY,Clinton County,36.727258,-85.136098,9216,Clinton County
21055,21055,15055,15055,21,KY,Crittenden County,37.358149,-88.10501,8985,Crittenden County
21057,21057,15057,15057,21,KY,Cumberland County,36.782372,-85.388484,5856,Cumberland County
21059,21059,15059,15059,21,KY,Daviess County,37.731671,-87.087139,103291,Daviess County
21061,21061,15061,15061,21,KY,Edmonson County,37.227514,-86.218015,12132,Edmonson County
21063,21063,15063,15063,21,KY,Elliott County,38.116883,-83.096116,7334,Elliott County
21065,21065,15065,15065,21,KY,Estill County,37.692449,-83.963983,14134,Estill County
21067,21067,15067,15067,21,KY,Fayette County,38.040678,-84.458272,322403,Fayette County
21069,21069,15069,15069,21,KY,Fleming County,38.367848,-83.699205,15091,Fleming County
21071,21071,15071,15071,21,KY,Floyd County,37.552456,-82.739724,35756,Floyd County
21073,21073,15073,15073,21,KY,Franklin County,38.234919,-84.868786,51569,Franklin County
21075,21075,15075,15075,21,KY,Fulton County,36.552511,-89.187659,6501,Fulton County
21077,21077,15077,15077,21,KY,Gallatin County,38.755663,-84.865143,8667,Gallatin County
21079,21079,15079,15079,21,KY,Garrard County,37.630162,-84.545856,16935,Garrard County
21081,21081,15081,15081,21,KY,Grant County,38.649167,-84.625924,25008,Grant County
21083,21083,15083,15083,21,KY,Graves County,36.723344,-88.649897,36512,Graves County
21085,21085,15085,15085,21,KY,Grayson County,37.458577,-86.344011,26410,Grayson County
21087,21087,15087,15087,21,KY,Green County,37.278065,-85.537925,11112,Green County
21089,21089,15089,15089,21,KY,Greenup County,38.563562,-82.93382,35852,Greenup County
21091,21091,15091,15091,21,KY,Hancock County,37.843325,-86.792761,9092,Hancock County
21093,21093,15093,15093,21,KY,Hardin County,37.695836,-85.963183,110719,Hardin County
21095,21095,15095,15095,21,KY,Harlan County,36.859223,-83.221497,26689,Harlan County
21097,21097,15097,15097,21,KY,Harrison County,38.444578,-84.334131,18705,Harrison County
21099,21099,15099,15099,21,KY,Hart County,37.305827,-85.878443,19271,Hart County
21101,21101,15101,15101,21,KY,Henderson County,37.792542,-87.572577,44645,Henderson County
21103,21103,15103,15103,21,KY,Henry County,38.451383,-85.119647,15666,Henry County
21105,21105,15105,15105,21,KY,Hickman County,36.675896,-88.972084,4521,Hickman County
21107,21107,15107,15107,21,KY,Hopkins County,37.31107,-87.542196,45367,Hopkins County
21109,21109,15109,15109,21,KY,Jackson County,37.403458,-84.020576,12951,Jackson County
21111,21111,15111,15111,21,KY,Jefferson County,38.189532,-85.657624,782123,Jefferson County
21113,21113,15113,15113,21,KY,Jessamine County,37.873291,-84.58396,52972,Jessamine County
21115,21115,15115,15115,21,KY,Johnson County,37.847756,-82.830121,22634,Johnson County
21117,21117,15117,15117,21,KY,Kenton County,38.930503,-84.533438,169183,Kenton County
21119,21119,15119,15119,21,KY,Knott County,37.354368,-82.952546,14160,Knott County
21121,21121,15121,15121,21,KY,Knox County,36.8885,-83.855551,30135,Knox County
21123,21123,15123,15123,21,KY,Larue County,37.544462,-85.696841,14870,Larue County
21125,21125,15125,15125,21,KY,Laurel County,37.113268,-84.119395,62662,Laurel County
21127,21127,15127,15127,21,KY,Lawrence County,38.074453,-82.73829,16288,Lawrence County
21129,21129,15129,15129,21,KY,Lee County,37.608116,-83.719248,7360,Lee County
21131,21131,15131,15131,21,KY,Leslie County,37.087846,-83.388617,10455,Leslie County
21133,21133,15133,15133,21,KY,Letcher County,37.118536,-82.861251,21428,Letcher County
21135,21135,15135,15135,21,KY,Lewis County,38.535047,-83.370143,13061,Lewis County
21137,21137,15137,15137,21,KY,Lincoln County,37.457174,-84.658335,24238,Lincoln County
21139,21139,15139,15139,21,KY,Livingston County,37.209517,-88.363426,8845,Livingston County
21141,21141,15141,15141,21,KY,Logan County,36.859607,-86.881288,27497,Logan County
21143,21143,15143,15143,21,KY,Lyon County,37.023976,-88.083391,8664,Lyon County
21145,21145,15145,15145,21,KY,McCracken County,37.054111,-88.712454,67836,McCracken County
21147,21147,15147,15147,21,KY,McCreary County,36.731136,-84.491052,16851,McCreary County
21149,21149,15149,15149,21,KY,McLean County,37.526707,-87.265597,9114,McLean County
21151,21151,15151,15151,21,KY,Madison County,37.725511,-84.278362,92920,Madison County
21153,21153,15153,15153,21,KY,Magoffin County,37.698983,-83.069721,11594,Magoffin County
21155,21155,15155,15155,21,KY,Marion County,37.552604,-85.268959,19580,Marion County
21157,21157,15157,15157,21,KY,Marshall County,36.882017,-88.332752,31665,Marshall County
21159,21159,15159,15159,21,KY,Martin County,37.796774,-82.506623,11228,Martin County
21161,21161,15161,15161,21,KY,Mason County,38.594137,-83.828125,17085,Mason County
21163,21163,15163,15163,21,KY,Meade County,37.967476,-86.200863,29981,Meade County
21165,21165,15165,15165,21,KY,Menifee County,37.935485,-83.589355,6115,Menifee County
21167,21167,15167,15167,21,KY,Mercer County,37.812085,-84.879695,22616,Mercer County
21169,21169,15169,15169,21,KY,Metcalfe County,36.99243,-85.633456,10271,Metcalfe County
21171,21171,15171,15171,21,KY,Monroe County,36.714077,-85.713508,11301,Monroe County
21173,21173,15173,15173,21,KY,Montgomery County,38.038109,-83.912416,28091,Montgomery County
21175,21175,15175,15175,21,KY,Morgan County,37.92294,-83.258944,13719,Morgan County
21177,21177,15177,15177,21,KY,Muhlenberg County,37.213816,-87.134092,30875,Muhlenberg County
21179,21179,15179,15179,21,KY,Nelson County,37.80312,-85.465931,46756,Nelson County
21181,21181,15181,15181,21,KY,Nicholas County,38.338031,-84.026223,7536,Nicholas County
21183,21183,15183,15183,21,KY,Ohio County,37.477859,-86.844871,23726,Ohio County
21185,21185,15185,15185,21,KY,Oldham County,38.400127,-85.45615,67642,Oldham County
21187,21187,15187,15187,21,KY,Owen County,38.499395,-84.84159,11294,Owen County
21189,21189,15189,15189,21,KY,Owsley County,37.423622,-83.691637,4018,Owsley County
21191,21191,15191,15191,21,KY,Pendleton County,38.696284,-84.351943,14640,Pendleton County
21193,21193,15193,15193,21,KY,Perry County,37.241282,-83.217772,28378,Perry County
21195,21195,15195,15195,21,KY,Pike County,37.486031,-82.410912,58408,Pike County
21197,21197,15197,15197,21,KY,Powell County,37.809907,-83.831354,13085,Powell County
21199,21199,15199,15199,21,KY,Pulaski County,37.107452,-84.576969,65016,Pulaski County
21201,21201,15201,15201,21,KY,Robertson County,38.513473,-84.06423,2184,Robertson County
21203,21203,15203,15203,21,KY,Rockcastle County,37.36105,-84.314368,16053,Rockcastle County
21205,21205,15205,15205,21,KY,Rowan County,38.204266,-83.428079,24732,Rowan County
21207,21207,15207,15207,21,KY,Russell County,36.990587,-85.05495,17975,Russell County
21209,21209,15209,15209,21,KY,Scott County,38.28571,-84.57834,57477,Scott County
21211,21211,15211,15211,21,KY,Shelby County,38.239011,-85.228247,48179,Shelby County
21213,21213,15213,15213,21,KY,Simpson County,36.740937,-86.581793,19620,Simpson County
21215,21215,15215,15215,21,KY,Spencer County,38.025411,-85.317174,19564,Spencer County
21217,21217,15217,15217,21,KY,Taylor County,37.36621,-85.328059,26020,Taylor County
21219,21219,15219,15219,21,KY,Todd County,36.840338,-87.183642,12280,Todd County
21221,21221,15221,15221,21,KY,Trigg County,36.807681,-87.858652,14068,Trigg County
21223,21223,15223,15223,21,KY,Trimble County,38.62004,-85.351208,8461,Trimble County
21225,21225,15225,15225,21,KY,Union County,37.658029,-87.95165,13646,Union County
21227,21227,15227,15227,21,KY,Warren County,36.995634,-86.423579,134933,Warren County
21229,21229,15229,15229,21,KY,Washington County,37.754209,-85.175416,12024,Washington County
21231,21231,15231,15231,21,KY,Wayne County,36.800772,-84.82659,19528,Wayne County
21233,21233,15233,15233,21,KY,Webster County,37.51946,-87.68479,12989,Webster County
21235,21235,15235,15235,21,KY,Whitley County,36.758024,-84.144648,36687,Whitley County
21237,21237,15237,15237,21,KY,Wolfe County,37.743893,-83.49511,6552,Wolfe County
21239,21239,15239,15239,21,KY,Woodford County,38.043103,-84.748855,26892,Woodford County
22001,22001,16001,16001,22,LA,Acadia Parish,30.291497,-92.411037,57455,Acadia Parish
22003,22003,16003,16003,22,LA,Allen Parish,30.652744,-92.819605,22697,Allen Parish
22005,22005,16005,16005,22,LA,Ascension Parish,30.206444,-90.912502,126984,Ascension Parish
22007,22007,16007,16007,22,LA,Assumption Parish,29.9033,-91.065219,20968,Assumption Parish
22009,22009,16009,16009,22,LA,Avoyelles Parish,31.088503,-91.983275,39616,Avoyelles Parish
22011,22011,16011,16011,22,LA,Beauregard Parish,30.645018,-93.340253,36573,Beauregard Parish
22013,22013,16013,16013,22,LA,Bienville Parish,32.340952,-93.041151,12899,Bienville Parish
22015,22015,16015,16015,22,LA,Bossier Parish,32.698481,-93.626561,128615,Bossier Parish
22017,22017,16017,16017,22,LA,Caddo Parish,32.580106,-93.88497,237056,Caddo Parish
22019,22019,16019,16019,22,LA,Calcasieu Parish,30.229559,-93.358015,216416,Calcasieu Parish
22021,22021,16021,16021,22,LA,Caldwell Parish,32.101219,-92.114231,9617,Caldwell Parish
22023,22023,16023,16023,22,LA,Cameron Parish,29.871812,-93.164948,5619,Cameron Parish
22025,22025,16025,16025,22,LA,Catahoula Parish,31.666517,-91.846703,8859,Catahoula Parish
22027,22027,16027,16027,22,LA,Claiborne Parish,32.82716,-92.989728,14109,Claiborne Parish
22029,22029,16029,16029,22,LA,Concordia Parish,31.469805,-91.626315,18589,Concordia Parish
22031,22031,16031,16031,22,LA,De Soto Parish,32.059248,-93.740797,26854,De Soto Parish
22033,22033,16033,16033,22,LA,East Baton Rouge Parish,30.54393,-91.093131,455884,East Baton Rouge Parish
22035,22035,16035,16035,22,LA,East Carroll Parish,32.73017,-91.234141,7383,East Carroll Parish
22037,22037,16037,16037,22,LA,East Feliciana Parish,30.839784,-91.043434,19451,East Feliciana Parish
22039,22039,16039,16039,22,LA,Evangeline Parish,30.720693,-92.404086,32307,Evangeline Parish
22041,22041,16041,16041,22,LA,Franklin Parish,32.139076,-91.672371,19721,Franklin Parish
22043,22043,16043,16043,22,LA,Grant Parish,31.597787,-92.561716,22129,Grant Parish
22045,22045,16045,16045,22,LA,Iberia Parish,29.606013,-91.842706,69725,Iberia Parish
22047,22047,16047,16047,22,LA,Iberville Parish,30.270653,-91.365872,30095,Iberville Parish
22049,22049,16049,16049,22,LA,Jackson Parish,32.30429,-92.5617,14989,Jackson Parish
22051,22051,16051,16051,22,LA,Jefferson Parish,29.5033,-90.036231,439845,Jefferson Parish
22053,22053,16053,16053,22,LA,Jefferson Davis Parish,30.269529,-92.816221,32166,Jefferson Davis Parish
22055,22055,16055,16055,22,LA,Lafayette Parish,30.206507,-92.06417,242004,Lafayette Parish
22057,22057,16057,16057,22,LA,Lafourche Parish,29.491992,-90.394849,97495,Lafourche Parish
22059,22059,16059,16059,22,LA,LaSalle Parish,31.680083,-92.161596,14812,LaSalle Parish
22061,22061,16061,16061,22,LA,Lincoln Parish,32.601823,-92.662303,48259,Lincoln Parish
22063,22063,16063,16063,22,LA,Livingston Parish,30.440419,-90.727474,142726,Livingston Parish
22065,22065,16065,16065,22,LA,Madison Parish,32.346878,-91.231932,9927,Madison Parish
22067,22067,16067,16067,22,LA,Morehouse Parish,32.820008,-91.800399,25430,Morehouse Parish
22069,22069,16069,16069,22,LA,Natchitoches Parish,31.732509,-93.082546,37349,Natchitoches Parish
22071,22071,16071,16071,22,LA,Orleans Parish,30.05342,-89.934502,383282,Orleans Parish
22073,22073,16073,16073,22,LA,Ouachita Parish,32.480932,-92.151581,160003,Ouachita Parish
22075,22075,16075,16075,22,LA,Plaquemines Parish,29.282447,-89.576068,23466,Plaquemines Parish
22077,22077,16077,16077,22,LA,Pointe Coupee Parish,30.708319,-91.604621,20689,Pointe Coupee Parish
22079,22079,16079,16079,22,LA,Rapides Parish,31.193204,-92.535953,129607,Rapides Parish
22081,22081,16081,16081,22,LA,Red River Parish,32.101213,-93.34905,7619,Red River Parish
22083,22083,16083,16083,22,LA,Richland Parish,32.413158,-91.748353,19997,Richland Parish
22085,22085,16085,16085,22,LA,Sabine Parish,31.560402,-93.559579,22118,Sabine Parish
22087,22087,16087,16087,22,LA,St. Bernard Parish,29.91811,-89.263494,43838,St. Bernard Parish
22089,22089,16089,16089,22,LA,St. Charles Parish,29.905722,-90.357855,52481,St. Charles Parish
22091,22091,16091,16091,22,LA,St. Helena Parish,30.822539,-90.708307,10889,St. Helena Parish
22093,22093,16093,16093,22,LA,St. James Parish,30.024777,-90.793956,20127,St. James Parish
22095,22095,16095,16095,22,LA,St. John the Baptist Parish,30.144068,-90.49096,42394,St. John the Baptist Parish
22097,22097,16097,16097,22,LA,St. Landry Parish,30.583441,-91.989274,82273,St. Landry Parish
22099,22099,16099,16099,22,LA,St. Martin Parish,30.121433,-91.611481,51604,St. Martin Parish
22101,22101,16101,16101,22,LA,St. Mary Parish,29.629349,-91.463804,49140,St. Mary Parish
22103,22103,16103,16103,22,LA,St. Tammany Parish,30.410022,-89.951962,264933,St. Tammany Parish
22105,22105,16105,16105,22,LA,Tangipahoa Parish,30.621348,-90.40649,133549,Tangipahoa Parish
22107,22107,16107,16107,22,LA,Tensas Parish,32.001489,-91.342576,4116,Tensas Parish
22109,22109,16109,16109,22,LA,Terrebonne Parish,29.33413,-90.843674,109319,Terrebonne Parish
22111,22111,16111,16111,22,LA,Union Parish,32.829349,-92.37565,21124,Union Parish
22113,22113,16113,16113,22,LA,Vermilion Parish,29.789722,-92.291568,57289,Vermilion Parish
22115,22115,16115,16115,22,LA,Vernon Parish,31.102841,-93.18833,48582,Vernon Parish
22117,22117,16117,16117,22,LA,Washington Parish,30.852144,-90.046253,45370,Washington Parish
22119,22119,16119,16119,22,LA,Webster Parish,32.732152,-93.339825,36864,Webster Parish
22121,22121,16121,16121,22,LA,West Baton Rouge Parish,30.464052,-91.309808,27236,West Baton Rouge Parish
22123,22123,16123,16123,22,LA,West Carroll Parish,32.79248,-91.451998,9694,West Carroll Parish
22125,22125,16125,16125,22,LA,West Feliciana Parish,30.873364,-91.421776,15256,West Feliciana Parish
22127,22127,16127,16127,22,LA,Winn Parish,31.941187,-92.641269,13721,Winn Parish
23001,23001,17001,17001,23,ME,Androscoggin County,44.167681,-70.207435,111039,Androscoggin County
23003,23003,17003,17003,23,ME,Aroostook County,46.709193,-68.612409,66994,Aroostook County
23005,23005,17005,17005,23,ME,Cumberland County,43.808348,-70.330375,303312,Cumberland County
23007,23007,17007,17007,23,ME,Franklin County,44.976724,-70.414935,29418,Franklin County
23009,23009,17009,17009,23,ME,Hancock County,44.564906,-68.370703,55460,Hancock County
23011,23011,17011,17011,23,ME,Kennebec County,44.417012,-69.765764,123754,Kennebec County
23013,23013,17013,17013,23,ME,Knox County,44.042045,-69.038514,40609,Knox County
23015,23015,17015,17015,23,ME,Lincoln County,43.994781,-69.513624,35192,Lincoln County
23017,23017,17017,17017,23,ME,Oxford County,44.4945,-70.734421,57849,Oxford County
23019,23019,17019,17019,23,ME,Penobscot County,45.409284,-68.666616,152007,Penobscot County
23021,23021,17021,17021,23,ME,Piscataquis County,45.915639,-69.102231,16768,Piscataquis County
23023,23023,17023,17023,23,ME,Sagadahoc County,43.916845,-69.844227,36688,Sagadahoc County
23025,23025,17025,17025,23,ME,Somerset County,45.503646,-69.95611,50404,Somerset County
23027,23027,17027,17027,23,ME,Waldo County,44.505822,-69.138961,39635,Waldo County
23029,23029,17029,17029,23,ME,Washington County,44.967009,-67.609354,31062,Washington County
23031,23031,17031,17031,23,ME,York County,43.426019,-70.668425,212089,York County
24001,24001,18001,18001,24,MD,Allegany County,39.612313,-78.703104,67947,Allegany County
24003,24003,18003,18003,24,MD,Anne Arundel County,38.991617,-76.560894,588769,Anne Arundel County
24005,24005,18005,18005,24,MD,Baltimore County,39.443167,-76.616569,853073,Baltimore County
24009,24009,18009,18009,24,MD,Calvert County,38.522719,-76.529762,92857,Calvert County
24011,24011,18011,18011,24,MD,Caroline County,38.871531,-75.831662,33290,Caroline County
24013,24013,18013,18013,24,MD,Carroll County,39.563328,-77.01533,172890,Carroll County
24015,24015,18015,18015,24,MD,Cecil County,39.562354,-75.941585,103740,Cecil County
24017,24017,18017,18017,24,MD,Charles County,38.472853,-77.015427,166682,Charles County
24019,24019,18019,18019,24,MD,Dorchester County,38.429196,-76.047433,32508,Dorchester County
24021,24021,18021,18021,24,MD,Frederick County,39.470177,-77.397636,272737,Frederick County
24023,24023,18023,18023,24,MD,Garrett County,39.547299,-79.274619,28761,Garrett County
24025,24025,18025,18025,24,MD,Harford County,39.537429,-76.299789,261122,Harford County
24027,24027,18027,18027,24,MD,Howard County,39.252264,-76.924406,332722,Howard County
24029,24029,18029,18029,24,MD,Kent County,39.241279,-76.125987,19142,Kent County
24031,24031,18031,18031,24,MD,Montgomery County,39.137381,-77.203063,1061243,Montgomery County
24033,24033,18033,18033,24,MD,Prince George's County,38.829278,-76.848188,965601,Prince George's County
24035,24035,18035,18035,24,MD,Queen Anne's County,39.040693,-76.082405,49983,Queen Anne's County
24037,24037,18037,18037,24,MD,St. Mary's County,38.223077,-76.534487,113953,St. Mary's County
24039,24039,18039,18039,24,MD,Somerset County,38.07445,-75.853323,24567,Somerset County
24041,24041,18041,18041,24,MD,Talbot County,38.748349,-76.178476,37456,Talbot County
24043,24043,18043,18043,24,MD,Washington County,39.603621,-77.814671,154586,Washington County
24045,24045,18045,18045,24,MD,Wicomico County,38.36737,-75.632083,103473,Wicomico County
24047,24047,18047,18047,24,MD,Worcester County,38.222133,-75.309931,52445,Worcester County
24510,24510,18510,18510,24,MD,Baltimore city,39.300032,-76.610476,583132,Baltimore city
25001,25001,19001,19001,25,MA,Barnstable County,41.706123,-70.164823,228969,Barnstable County
25003,25003,19003,19003,25,MA,Berkshire County,42.371493,-73.217928,128758,Berkshire County
25005,25005,19005,19005,25,MA,Bristol County,41.748588,-71.088894,579172,Bristol County
25007,25007,19007,19007,25,MA,Dukes County,41.38097,-70.701499,20581,Dukes County
25009,25009,19009,19009,25,MA,Essex County,42.642708,-70.864909,809218,Essex County
25011,25011,19011,19011,25,MA,Franklin County,42.584504,-72.591792,70988,Franklin County
25013,25013,19013,19013,25,MA,Hampden County,42.136198,-72.635648,464908,Hampden County
25015,25015,19015,19015,25,MA,Hampshire County,42.339459,-72.663694,162064,Hampshire County
25017,25017,19017,19017,25,MA,Middlesex County,42.481718,-71.394916,1629422,Middlesex County
25019,25019,19019,19019,25,MA,Nantucket County,41.293392,-70.102164,14244,Nantucket County
25021,25021,19021,19021,25,MA,Norfolk County,42.171738,-71.18111,726025,Norfolk County
25023,25023,19023,19023,25,MA,Plymouth County,41.987196,-70.741942,530979,Plymouth County
25025,25025,19025,19025,25,MA,Suffolk County,42.338551,-71.018253,795431,Suffolk County
25027,25027,19027,19027,25,MA,Worcester County,42.311693,-71.940282,861461,Worcester County
26001,26001,20001,20001,26,MI,Alcona County,44.657509,-83.29458,10158,Alcona County
26003,26003,20003,20003,26,MI,Alger County,46.521736,-86.657119,8834,Alger County
26005,26005,20005,20005,26,MI,Allegan County,42.421251,-86.261403,120596,Allegan County
26007,26007,20007,20007,26,MI,Alpena County,44.894954,-83.426574,28877,Alpena County
26009,26009,20009,20009,26,MI,Antrim County,45.005455,-85.175639,23421,Antrim County
26011,26011,20011,20011,26,MI,Arenac County,44.036833,-83.740675,14990,Arenac County
26013,26013,20013,20013,26,MI,Baraga County,46.695859,-88.36181,8128,Baraga County
26015,26015,20015,20015,26,MI,Barry County,42.582811,-85.31455,62548,Barry County
26017,26017,20017,20017,26,MI,Bay County,43.699711,-83.978701,103594,Bay County
26019,26019,20019,20019,26,MI,Benzie County,44.636844,-86.231999,17974,Benzie County
26021,26021,20021,20021,26,MI,Berrien County,41.791382,-86.742543,154095,Berrien County
26023,26023,20023,20023,26,MI,Branch County,41.918455,-85.066885,44810,Branch County
26025,26025,20025,20025,26,MI,Calhoun County,42.24299,-85.012385,134113,Calhoun County
26027,26027,20027,20027,26,MI,Cass County,41.917243,-86.000142,51563,Cass County
26029,26029,20029,20029,26,MI,Charlevoix County,45.618554,-85.543684,26012,Charlevoix County
26031,26031,20031,20031,26,MI,Cheboygan County,45.476022,-84.495431,25599,Cheboygan County
26033,26033,20033,20033,26,MI,Chippewa County,46.321819,-84.52063,36744,Chippewa County
26035,26035,20035,20035,26,MI,Clare County,43.991137,-84.838325,30822,Clare County
26037,26037,20037,20037,26,MI,Clinton County,42.950455,-84.591695,79128,Clinton County
26039,26039,20039,20039,26,MI,Crawford County,44.680175,-84.611343,12965,Crawford County
26041,26041,20041,20041,26,MI,Delta County,45.805229,-86.901938,36842,Delta County
26043,26043,20043,20043,26,MI,Dickinson County,46.012833,-87.866139,25886,Dickinson County
26045,26045,20045,20045,26,MI,Eaton County,42.58953,-84.84645,109106,Eaton County
26047,26047,20047,20047,26,MI,Emmet County,45.590094,-84.986822,34090,Emmet County
26049,26049,20049,20049,26,MI,Genesee County,43.021077,-83.706372,405648,Genesee County
26051,26051,20051,20051,26,MI,Gladwin County,43.98975,-84.389816,25369,Gladwin County
26053,26053,20053,20053,26,MI,Gogebic County,46.488054,-89.788314,14315,Gogebic County
26055,26055,20055,20055,26,MI,Grand Traverse County,44.718688,-85.553848,95315,Grand Traverse County
26057,26057,20057,20057,26,MI,Gratiot County,43.292326,-84.60469,41662,Gratiot County
26059,26059,20059,20059,26,MI,Hillsdale County,41.927461,-84.637479,45677,Hillsdale County
26061,26061,20061,20061,26,MI,Houghton County,46.998427,-88.651903,37160,Houghton County
26063,26063,20063,20063,26,MI,Huron County,43.907616,-82.857045,31351,Huron County
26065,26065,20065,20065,26,MI,Ingham County,42.603534,-84.373811,284520,Ingham County
26067,26067,20067,20067,26,MI,Ionia County,42.94465,-85.073766,66861,Ionia County
26069,26069,20069,20069,26,MI,Iosco County,44.386912,-83.380141,25191,Iosco County
26071,26071,20071,20071,26,MI,Iron County,46.170254,-88.540526,11637,Iron County
26073,26073,20073,20073,26,MI,Isabella County,43.645233,-84.839424,64488,Isabella County
26075,26075,20075,20075,26,MI,Jackson County,42.248474,-84.420868,160200,Jackson County
26077,26077,20077,20077,26,MI,Kalamazoo County,42.246266,-85.532854,261629,Kalamazoo County
26079,26079,20079,20079,26,MI,Kalkaska County,44.678881,-85.088992,17925,Kalkaska County
26081,26081,20081,20081,26,MI,Kent County,43.032497,-85.547446,658040,Kent County
26083,26083,20083,20083,26,MI,Keweenaw County,47.367297,-88.351332,2055,Keweenaw County
26085,26085,20085,20085,26,MI,Lake County,43.995187,-85.8114,12099,Lake County
26087,26087,20087,20087,26,MI,Lapeer County,43.088633,-83.224325,88528,Lapeer County
26089,26089,20089,20089,26,MI,Leelanau County,45.146182,-86.051574,22302,Leelanau County
26091,26091,20091,20091,26,MI,Lenawee County,41.896022,-84.074356,99214,Lenawee County
26093,26093,20093,20093,26,MI,Livingston County,42.602532,-83.911718,193973,Livingston County
26095,26095,20095,20095,26,MI,Luce County,46.510988,-85.517552,5325,Luce County
26097,26097,20097,20097,26,MI,Mackinac County,46.167868,-85.303762,10830,Mackinac County
26099,26099,20099,20099,26,MI,Macomb County,42.671553,-82.911456,880349,Macomb County
26101,26101,20101,20101,26,MI,Manistee County,44.245268,-86.327537,25063,Manistee County
26103,26103,20103,20103,26,MI,Marquette County,46.656596,-87.584028,65931,Marquette County
26105,26105,20105,20105,26,MI,Mason County,43.957196,-86.442937,29064,Mason County
26107,26107,20107,20107,26,MI,Mecosta County,43.635295,-85.332751,39781,Mecosta County
26109,26109,20109,20109,26,MI,Menominee County,45.535568,-87.501457,23423,Menominee County
26111,26111,20111,20111,26,MI,Midland County,43.648203,-84.379414,83476,Midland County
26113,26113,20113,20113,26,MI,Missaukee County,44.325424,-85.085471,15067,Missaukee County
26115,26115,20115,20115,26,MI,Monroe County,41.916097,-83.487106,154796,Monroe County
26117,26117,20117,20117,26,MI,Montcalm County,43.312782,-85.149468,66515,Montcalm County
26119,26119,20119,20119,26,MI,Montmorency County,45.024134,-84.130107,9155,Montmorency County
26121,26121,20121,20121,26,MI,Muskegon County,43.428739,-86.420908,175817,Muskegon County
26123,26123,20123,20123,26,MI,Newaygo County,43.562712,-85.791372,50042,Newaygo County
26125,26125,20125,20125,26,MI,Oakland County,42.660452,-83.38421,1272408,Oakland County
26127,26127,20127,20127,26,MI,Oceana County,43.603954,-86.467177,26688,Oceana County
26129,26129,20129,20129,26,MI,Ogemaw County,44.33328,-84.128073,20740,Ogemaw County
26131,26131,20131,20131,26,MI,Ontonagon County,46.835325,-89.276912,5804,Ontonagon County
26133,26133,20133,20133,26,MI,Osceola County,43.997552,-85.322283,22887,Osceola County
26135,26135,20135,20135,26,MI,Oscoda County,44.687257,-84.126905,8234,Oscoda County
26137,26137,20137,20137,26,MI,Otsego County,45.021787,-84.576603,25102,Otsego County
26139,26139,20139,20139,26,MI,Ottawa County,43.054969,-86.219349,296787,Ottawa County
26141,26141,20141,20141,26,MI,Presque Isle County,45.252397,-83.432283,12979,Presque Isle County
26143,26143,20143,20143,26,MI,Roscommon County,44.339517,-84.611271,23432,Roscommon County
26145,26145,20145,20145,26,MI,Saginaw County,43.328267,-84.05541,189831,Saginaw County
26147,26147,20147,20147,26,MI,St. Clair County,42.928803,-82.668913,160265,St. Clair County
26149,26149,20149,20149,26,MI,St. Joseph County,41.911488,-85.52287,60902,St. Joseph County
26151,26151,20151,20151,26,MI,Sanilac County,43.449155,-82.642815,40506,Sanilac County
26153,26153,20153,20153,26,MI,Schoolcraft County,46.021122,-86.197029,8041,Schoolcraft County
26155,26155,20155,20155,26,MI,Shiawassee County,42.951545,-84.146352,67983,Shiawassee County
26157,26157,20157,20157,26,MI,Tuscola County,43.487902,-83.436618,53274,Tuscola County
26159,26159,20159,20159,26,MI,Van Buren County,42.28215,-86.306076,75556,Van Buren County
26161,26161,20161,20161,26,MI,Washtenaw County,42.252217,-83.843423,371656,Washtenaw County
26163,26163,20163,20163,26,MI,Wayne County,42.284664,-83.261953,1790225,Wayne County
26165,26165,20165,20165,26,MI,Wexford County,44.331375,-85.570046,33676,Wexford County
27001,27001,21001,21001,27,MN,Aitkin County,46.602446,-93.41976,15693,Aitkin County
27003,27003,21003,21003,27,MN,Anoka County,45.27411,-93.242723,364299,Anoka County
27005,27005,21005,21005,27,MN,Becker County,46.937629,-95.741757,35147,Becker County
27007,27007,21007,21007,27,MN,Beltrami County,47.879508,-95.00505,46230,Beltrami County
27009,27009,21009,21009,27,MN,Benton County,45.701225,-94.00144,41338,Benton County
27011,27011,21011,21011,27,MN,Big Stone County,45.419925,-96.402226,5147,Big Stone County
27013,27013,21013,21013,27,MN,Blue Earth County,44.03371,-94.064012,69173,Blue Earth County
27015,27015,21015,21015,27,MN,Brown County,44.246541,-94.733647,25885,Brown County
27017,27017,21017,21017,27,MN,Carlton County,46.603818,-92.671044,36156,Carlton County
27019,27019,21019,21019,27,MN,Carver County,44.82132,-93.800091,107286,Carver County
27021,27021,21021,21021,27,MN,Cass County,46.951745,-94.333705,30125,Cass County
27023,27023,21023,21023,27,MN,Chippewa County,45.028625,-95.564108,12593,Chippewa County
27025,27025,21025,21025,27,MN,Chisago County,45.505444,-92.903849,56670,Chisago County
27027,27027,21027,21027,27,MN,Clay County,46.898377,-96.494901,65351,Clay County
27029,27029,21029,21029,27,MN,Clearwater County,47.575873,-95.371117,8580,Clearwater County
27031,27031,21031,21031,27,MN,Cook County,47.758556,-90.344319,5592,Cook County
27033,27033,21033,21033,27,MN,Cottonwood County,44.010639,-95.183152,11489,Cottonwood County
27035,27035,21035,21035,27,MN,Crow Wing County,46.491653,-94.070718,66236,Crow Wing County
27037,27037,21037,21037,27,MN,Dakota County,44.670893,-93.062481,440317,Dakota County
27039,27039,21039,21039,27,MN,Dodge County,44.020706,-92.869353,20861,Dodge County
27041,27041,21041,21041,27,MN,Douglas County,45.936835,-95.462155,39079,Douglas County
27043,27043,21043,21043,27,MN,Faribault County,43.676522,-93.947234,13888,Faribault County
27045,27045,21045,21045,27,MN,Fillmore County,43.679187,-92.093937,21246,Fillmore County
27047,27047,21047,21047,27,MN,Freeborn County,43.674202,-93.350289,30883,Freeborn County
27049,27049,21049,21049,27,MN,Goodhue County,44.406178,-92.716,47536,Goodhue County
27051,27051,21051,21051,27,MN,Grant County,45.930743,-96.010699,6080,Grant County
27053,27053,21053,21053,27,MN,Hennepin County,45.006121,-93.475228,1281267,Hennepin County
27055,27055,21055,21055,27,MN,Houston County,43.66699,-91.501556,18818,Houston County
27057,27057,21057,21057,27,MN,Hubbard County,47.095551,-94.91329,21380,Hubbard County
27059,27059,21059,21059,27,MN,Isanti County,45.562431,-93.296339,41383,Isanti County
27061,27061,21061,21061,27,MN,Itasca County,47.490817,-93.611102,44984,Itasca County
27063,27063,21063,21063,27,MN,Jackson County,43.671111,-95.149731,9969,Jackson County
27065,27065,21065,21065,27,MN,Kanabec County,45.94776,-93.297788,16040,Kanabec County
27067,27067,21067,21067,27,MN,Kandiyohi County,45.152714,-95.004981,43685,Kandiyohi County
27069,27069,21069,21069,27,MN,Kittson County,48.77604,-96.780349,4180,Kittson County
27071,27071,21071,21071,27,MN,Koochiching County,48.245374,-93.782896,12031,Koochiching County
27073,27073,21073,21073,27,MN,Lac qui Parle County,44.999856,-96.176836,6701,Lac qui Parle County
27075,27075,21075,21075,27,MN,Lake County,47.517111,-91.411704,10885,Lake County
27077,27077,21077,21077,27,MN,Lake of the Woods County,48.7681,-94.904633,3760,Lake of the Woods County
27079,27079,21079,21079,27,MN,Le Sueur County,44.373424,-93.730143,28627,Le Sueur County
27081,27081,21081,21081,27,MN,Lincoln County,44.408238,-96.272032,5628,Lincoln County
27083,27083,21083,21083,27,MN,Lyon County,44.409195,-95.847268,25174,Lyon County
27085,27085,21085,21085,27,MN,McLeod County,44.821657,-94.272323,36701,McLeod County
27087,27087,21087,21087,27,MN,Mahnomen County,47.328387,-95.811089,5374,Mahnomen County
27089,27089,21089,21089,27,MN,Marshall County,48.362728,-96.357761,9035,Marshall County
27091,27091,21091,21091,27,MN,Martin County,43.677173,-94.547096,19970,Martin County
27093,27093,21093,21093,27,MN,Meeker County,45.123155,-94.527346,23428,Meeker County
27095,27095,21095,21095,27,MN,Mille Lacs County,45.929043,-93.632996,26410,Mille Lacs County
27097,27097,21097,21097,27,MN,Morrison County,46.020484,-94.266619,33980,Morrison County
27099,27099,21099,21099,27,MN,Mower County,43.666249,-92.759514,40049,Mower County
27101,27101,21101,21101,27,MN,Murray County,44.015594,-95.761581,8168,Murray County
27103,27103,21103,21103,27,MN,Nicollet County,44.35882,-94.245684,34490,Nicollet County
27105,27105,21105,21105,27,MN,Nobles County,43.677686,-95.763132,22183,Nobles County
27107,27107,21107,21107,27,MN,Norman County,47.329453,-96.463776,6422,Norman County
27109,27109,21109,21109,27,MN,Olmsted County,43.999499,-92.410098,162991,Olmsted County
27111,27111,21111,21111,27,MN,Otter Tail County,46.405727,-95.714581,60024,Otter Tail County
27113,27113,21113,21113,27,MN,Pennington County,48.069247,-96.037725,13939,Pennington County
27115,27115,21115,21115,27,MN,Pine County,46.10094,-92.763094,28854,Pine County
27117,27117,21117,21117,27,MN,Pipestone County,44.015361,-96.257015,9405,Pipestone County
27119,27119,21119,21119,27,MN,Polk County,47.774254,-96.400027,31051,Polk County
27121,27121,21121,21121,27,MN,Pope County,45.589623,-95.446705,11309,Pope County
27123,27123,21123,21123,27,MN,Ramsey County,45.015204,-93.099965,551480,Ramsey County
27125,27125,21125,21125,27,MN,Red Lake County,47.865487,-96.08718,3936,Red Lake County
27127,27127,21127,21127,27,MN,Redwood County,44.403536,-95.254241,15391,Redwood County
27129,27129,21129,21129,27,MN,Renville County,44.723697,-94.955617,14684,Renville County
27131,27131,21131,21131,27,MN,Rice County,44.350775,-93.298513,67030,Rice County
27133,27133,21133,21133,27,MN,Rock County,43.669587,-96.263238,9705,Rock County
27135,27135,21135,21135,27,MN,Roseau County,48.761068,-95.821504,15294,Roseau County
27137,27137,21137,21137,27,MN,St. Louis County,47.578635,-92.514593,199962,St. Louis County
27139,27139,21139,21139,27,MN,Scott County,44.651805,-93.533731,151265,Scott County
27141,27141,21141,21141,27,MN,Sherburne County,45.453176,-93.76913,97479,Sherburne County
27143,27143,21143,21143,27,MN,Sibley County,44.575734,-94.230123,14802,Sibley County
27145,27145,21145,21145,27,MN,Stearns County,45.555235,-94.610482,158349,Stearns County
27147,27147,21147,21147,27,MN,Steele County,44.015261,-93.220453,37352,Steele County
27149,27149,21149,21149,27,MN,Stevens County,45.593461,-95.992315,9646,Stevens County
27151,27151,21151,21151,27,MN,Swift County,45.27581,-95.690124,9791,Swift County
27153,27153,21153,21153,27,MN,Todd County,46.066569,-94.900576,25250,Todd County
27155,27155,21155,21155,27,MN,Traverse County,45.769935,-96.474832,3346,Traverse County
27157,27157,21157,21157,27,MN,Wabasha County,44.289634,-92.233454,21417,Wabasha County
27159,27159,21159,21159,27,MN,Wadena County,46.586986,-94.988608,14107,Wadena County
27161,27161,21161,21161,27,MN,Waseca County,44.01846,-93.589844,18954,Waseca County
27163,27163,21163,21163,27,MN,Washington County,45.037929,-92.890117,268191,Washington County
27165,27165,21165,21165,27,MN,Watonwan County,43.978109,-94.613798,11221,Watonwan County
27167,27167,21167,21167,27,MN,Wilkin County,46.362335,-96.476657,6481,Wilkin County
27169,27169,21169,21169,27,MN,Winona County,43.981353,-91.777044,49606,Winona County
27171,27171,21171,21171,27,MN,Wright County,45.175091,-93.966396,141759,Wright County
27173,27173,21173,21173,27,MN,Yellow Medicine County,44.715736,-95.862756,9492,Yellow Medicine County
28001,28001,22001,22001,28,MS,Adams County,31.486224,-91.351797,29405,Adams County
28003,28003,22003,22003,28,MS,Alcorn County,34.886569,-88.581109,34680,Alcorn County
28005,28005,22005,22005,28,MS,Amite County,31.203933,-90.795542,12698,Amite County
28007,28007,22007,22007,28,MS,Attala County,33.090468,-89.588622,17828,Attala County
28009,28009,22009,22009,28,MS,Benton County,34.809593,-89.200213,7661,Benton County
28011,28011,22011,22011,28,MS,Bolivar County,33.799139,-90.88412,30849,Bolivar County
28013,28013,22013,22013,28,MS,Calhoun County,33.936634,-89.337114,13240,Calhoun County
28015,28015,22015,22015,28,MS,Carroll County,33.440795,-89.918887,9941,Carroll County
28017,28017,22017,22017,28,MS,Chickasaw County,33.933277,-88.947558,17067,Chickasaw County
28019,28019,22019,22019,28,MS,Choctaw County,33.345964,-89.251332,8202,Choctaw County
28021,28021,22021,22021,28,MS,Claiborne County,31.97281,-90.915424,9093,Claiborne County
28023,28023,22023,22023,28,MS,Clarke County,32.045374,-88.687976,15533,Clarke County
28025,28025,22025,22025,28,MS,Clay County,33.65967,-88.782468,18645,Clay County
28027,28027,22027,22027,28,MS,Coahoma County,34.230316,-90.60401,21232,Coahoma County
28029,28029,22029,22029,28,MS,Copiah County,31.866915,-90.448758,28293,Copiah County
28031,28031,22031,22031,28,MS,Covington County,31.633331,-89.548897,18313,Covington County
28033,28033,22033,22033,28,MS,DeSoto County,34.874922,-89.991211,185902,DeSoto County
28035,28035,22035,22035,28,MS,Forrest County,31.18858,-89.259447,78136,Forrest County
28037,28037,22037,22037,28,MS,Franklin County,31.477773,-90.895457,7653,Franklin County
28039,28039,22039,22039,28,MS,George County,30.855431,-88.642268,24335,George County
28041,28041,22041,22041,28,MS,Greene County,31.212845,-88.634811,13501,Greene County
28043,28043,22043,22043,28,MS,Grenada County,33.770031,-89.80274,21581,Grenada County
28045,28045,22045,22045,28,MS,Hancock County,30.391641,-89.482791,46075,Hancock County
28047,28047,22047,22047,28,MS,Harrison County,30.416536,-89.083376,208613,Harrison County
28049,28049,22049,22049,28,MS,Hinds County,32.267788,-90.466017,226636,Hinds County
28051,28051,22051,22051,28,MS,Holmes County,33.125942,-90.091197,16912,Holmes County
28053,28053,22053,22053,28,MS,Humphreys County,33.130996,-90.523421,7715,Humphreys County
28055,28055,22055,22055,28,MS,Issaquena County,32.755539,-91.003535,1326,Issaquena County
28057,28057,22057,22057,28,MS,Itawamba County,34.281075,-88.363127,23824,Itawamba County
28059,28059,22059,22059,28,MS,Jackson County,30.456005,-88.625101,143291,Jackson County
28061,28061,22061,22061,28,MS,Jasper County,32.016748,-89.119176,16348,Jasper County
28063,28063,22063,22063,28,MS,Jefferson County,31.733633,-91.043878,7254,Jefferson County
28065,28065,22065,22065,28,MS,Jefferson Davis County,31.564808,-89.827086,11258,Jefferson Davis County
28067,28067,22067,22067,28,MS,Jones County,31.616601,-89.168532,67142,Jones County
28069,28069,22069,22069,28,MS,Kemper County,32.750136,-88.625631,8983,Kemper County
28071,28071,22071,22071,28,MS,Lafayette County,34.353078,-89.485385,55905,Lafayette County
28073,28073,22073,22073,28,MS,Lamar County,31.197586,-89.506369,64368,Lamar County
28075,28075,22075,22075,28,MS,Lauderdale County,32.403998,-88.660449,72706,Lauderdale County
28077,28077,22077,22077,28,MS,Lawrence County,31.550009,-90.10753,11984,Lawrence County
28079,28079,22079,22079,28,MS,Leake County,32.76063,-89.52225,21247,Leake County
28081,28081,22081,22081,28,MS,Lee County,34.29237,-88.682439,83228,Lee County
28083,28083,22083,22083,28,MS,Leflore County,33.54979,-90.294934,28196,Leflore County
28085,28085,22085,22085,28,MS,Lincoln County,31.535216,-90.453566,34815,Lincoln County
28087,28087,22087,22087,28,MS,Lowndes County,33.471424,-88.439723,58726,Lowndes County
28089,28089,22089,22089,28,MS,Madison County,32.63437,-90.03416,109222,Madison County
28091,28091,22091,22091,28,MS,Marion County,31.230167,-89.821712,24399,Marion County
28093,28093,22093,22093,28,MS,Marshall County,34.76619,-89.504231,33754,Marshall County
28095,28095,22095,22095,28,MS,Monroe County,33.89003,-88.485038,34093,Monroe County
28097,28097,22097,22097,28,MS,Montgomery County,33.500714,-89.639625,9793,Montgomery County
28099,28099,22099,22099,28,MS,Neshoba County,32.752518,-89.119274,28992,Neshoba County
28101,28101,22101,22101,28,MS,Newton County,32.40197,-89.118412,21243,Newton County
28103,28103,22103,22103,28,MS,Noxubee County,33.106606,-88.566152,10231,Noxubee County
28105,28105,22105,22105,28,MS,Oktibbeha County,33.422313,-88.876151,51710,Oktibbeha County
28107,28107,22107,22107,28,MS,Panola County,34.365205,-89.963065,33114,Panola County
28109,28109,22109,22109,28,MS,Pearl River County,30.774793,-89.586904,56140,Pearl River County
28111,28111,22111,22111,28,MS,Perry County,31.169307,-88.988755,11470,Perry County
28113,28113,22113,22113,28,MS,Pike County,31.177516,-90.397725,40209,Pike County
28115,28115,22115,22115,28,MS,Pontotoc County,34.227081,-89.037239,31206,Pontotoc County
28117,28117,22117,22117,28,MS,Prentiss County,34.620566,-88.522184,24935,Prentiss County
28119,28119,22119,22119,28,MS,Quitman County,34.252833,-90.290171,6153,Quitman County
28121,28121,22121,22121,28,MS,Rankin County,32.267123,-89.946063,157052,Rankin County
28123,28123,22123,22123,28,MS,Scott County,32.411959,-89.533486,27958,Scott County
28125,28125,22125,22125,28,MS,Sharkey County,32.892395,-90.827613,3767,Sharkey County
28127,28127,22127,22127,28,MS,Simpson County,31.902505,-89.917709,25893,Simpson County
28129,28129,22129,22129,28,MS,Smith County,32.019029,-89.494876,14204,Smith County
28131,28131,22131,22131,28,MS,Stone County,30.790184,-89.112297,18333,Stone County
28133,28133,22133,22133,28,MS,Sunflower County,33.605529,-90.59509,25826,Sunflower County
28135,28135,22135,22135,28,MS,Tallahatchie County,33.954529,-90.172243,12670,Tallahatchie County
28137,28137,22137,22137,28,MS,Tate County,34.649553,-89.943105,28124,Tate County
28139,28139,22139,22139,28,MS,Tippah County,34.763618,-88.918819,21732,Tippah County
28141,28141,22141,22141,28,MS,Tishomingo County,34.738835,-88.234827,18822,Tishomingo County
28143,28143,22143,22143,28,MS,Tunica County,34.652201,-90.37177,9720,Tunica County
28145,28145,22145,22145,28,MS,Union County,34.489533,-89.002339,27780,Union County
28147,28147,22147,22147,28,MS,Walthall County,31.164492,-90.103431,13863,Walthall County
28149,28149,22149,22149,28,MS,Warren County,32.356095,-90.852384,44548,Warren County
28151,28151,22151,22151,28,MS,Washington County,33.273174,-90.944446,44613,Washington County
28153,28153,22153,22153,28,MS,Wayne County,31.642503,-88.678214,19778,Wayne County
28155,28155,22155,22155,28,MS,Webster County,33.612061,-89.283961,9921,Webster County
28157,28157,22157,22157,28,MS,Wilkinson County,31.161091,-91.324617,8525,Wilkinson County
28159,28159,22159,22159,28,MS,Winston County,33.078724,-89.037391,17673,Winston County
28161,28161,22161,22161,28,MS,Yalobusha County,34.030666,-89.703807,12446,Yalobusha County
28163,28163,22163,22163,28,MS,Yazoo County,32.765675,-90.387928,26618,Yazoo County
29001,29001,23001,23001,29,MO,Adair County,40.190666,-92.603592,25246,Adair County
29003,29003,23003,23003,29,MO,Andrew County,39.988863,-94.803551,18083,Andrew County
29005,29005,23005,23005,29,MO,Atchison County,40.431846,-95.437555,5306,Atchison County
29007,29007,23007,23007,29,MO,Audrain County,39.214481,-91.843418,24925,Audrain County
29009,29009,23009,23009,29,MO,Barry County,36.699376,-93.834334,34539,Barry County
29011,29011,23011,23011,29,MO,Barton County,37.500799,-94.344089,11613,Barton County
29013,29013,23013,23013,29,MO,Bates County,38.257217,-94.339246,16044,Bates County
29015,29015,23015,23015,29,MO,Benton County,38.301036,-93.287942,19409,Benton County
29017,29017,23017,23017,29,MO,Bollinger County,37.318427,-90.024645,10525,Bollinger County
29019,29019,23019,23019,29,MO,Boone County,38.989861,-92.310202,183894,Boone County
29021,29021,23021,23021,29,MO,Buchanan County,39.660369,-94.808173,84615,Buchanan County
29023,29023,23023,23023,29,MO,Butler County,36.71518,-90.40313,42007,Butler County
29025,29025,23025,23025,29,MO,Caldwell County,39.658998,-93.979179,8806,Caldwell County
29027,29027,23027,23027,29,MO,Callaway County,38.835547,-91.923446,44288,Callaway County
29029,29029,23029,23029,29,MO,Camden County,38.026527,-92.765327,42784,Camden County
29031,29031,23031,23031,29,MO,Cape Girardeau County,37.384141,-89.685658,81788,Cape Girardeau County
29033,29033,23033,23033,29,MO,Carroll County,39.427375,-93.500227,8461,Carroll County
29035,29035,23035,23035,29,MO,Carter County,36.944858,-90.945705,5207,Carter County
29037,29037,23037,23037,29,MO,Cass County,38.646474,-94.354547,108113,Cass County
29039,29039,23039,23039,29,MO,Cedar County,37.733655,-93.850014,14199,Cedar County
29041,29041,23041,23041,29,MO,Chariton County,39.517968,-92.96162,7380,Chariton County
29043,29043,23043,23043,29,MO,Christian County,36.969739,-93.187614,89224,Christian County
29045,29045,23045,23045,29,MO,Clark County,40.407275,-91.729472,6632,Clark County
29047,29047,23047,23047,29,MO,Clay County,39.315551,-94.421502,253923,Clay County
29049,29049,23049,23049,29,MO,Clinton County,39.608723,-94.395803,21204,Clinton County
29051,29051,23051,23051,29,MO,Cole County,38.503233,-92.280027,77198,Cole County
29053,29053,23053,23053,29,MO,Cooper County,38.847093,-92.810069,17089,Cooper County
29055,29055,23055,23055,29,MO,Crawford County,37.966559,-91.313936,23026,Crawford County
29057,29057,23057,23057,29,MO,Dade County,37.43235,-93.854878,7586,Dade County
29059,29059,23059,23059,29,MO,Dallas County,37.683583,-93.033815,17099,Dallas County
29061,29061,23061,23061,29,MO,Daviess County,39.962839,-93.970053,8427,Daviess County
29063,29063,23063,23063,29,MO,DeKalb County,39.894665,-94.40719,11014,DeKalb County
29065,29065,23065,23065,29,MO,Dent County,37.603072,-91.489717,14418,Dent County
29067,29067,23067,23067,29,MO,Douglas County,36.946517,-92.515892,11592,Douglas County
29069,29069,23069,23069,29,MO,Dunklin County,36.153025,-90.062254,28178,Dunklin County
29071,29071,23071,23071,29,MO,Franklin County,38.413003,-91.072832,104769,Franklin County
29073,29073,23073,23073,29,MO,Gasconade County,38.441183,-91.50578,14745,Gasconade County
29075,29075,23075,23075,29,MO,Gentry County,40.208127,-94.405321,6115,Gentry County
29077,29077,23077,23077,29,MO,Greene County,37.258196,-93.340641,299060,Greene County
29079,29079,23079,23079,29,MO,Grundy County,40.112541,-93.565054,9729,Grundy County
29081,29081,23081,23081,29,MO,Harrison County,40.34562,-93.992582,8155,Harrison County
29083,29083,23083,23083,29,MO,Henry County,38.386491,-93.792628,21949,Henry County
29085,29085,23085,23085,29,MO,Hickory County,37.93691,-93.322988,8303,Hickory County
29087,29087,23087,23087,29,MO,Holt County,40.095724,-95.219072,4186,Holt County
29089,29089,23089,23089,29,MO,Howard County,39.143365,-92.695926,10144,Howard County
29091,29091,23091,23091,29,MO,Howell County,36.774369,-91.887368,39750,Howell County
29093,29093,23093,23093,29,MO,Iron County,37.625971,-90.699587,9515,Iron County
29095,29095,23095,23095,29,MO,Jackson County,39.005364,-94.343211,717243,Jackson County
29097,29097,23097,23097,29,MO,Jasper County,37.205197,-94.337259,122766,Jasper County
29099,29099,23099,23099,29,MO,Jefferson County,38.25763,-90.543681,226929,Jefferson County
29101,29101,23101,23101,29,MO,Johnson County,38.741528,-93.811863,54002,Johnson County
29103,29103,23103,23103,29,MO,Knox County,40.136856,-92.146835,3732,Knox County
29105,29105,23105,23105,29,MO,Laclede County,37.659698,-92.594843,36024,Laclede County
29107,29107,23107,23107,29,MO,Lafayette County,39.068705,-93.802639,33001,Lafayette County
29109,29109,23109,23109,29,MO,Lawrence County,37.10659,-93.830551,37963,Lawrence County
29111,29111,23111,23111,29,MO,Lewis County,40.084559,-91.728803,10031,Lewis County
29113,29113,23113,23113,29,MO,Lincoln County,39.062255,-90.962916,59829,Lincoln County
29115,29115,23115,23115,29,MO,Linn County,39.86444,-93.108019,11849,Linn County
29117,29117,23117,23117,29,MO,Livingston County,39.778587,-93.548201,14562,Livingston County
29119,29119,23119,23119,29,MO,McDonald County,36.627955,-94.343716,23285,McDonald County
29121,29121,23121,23121,29,MO,Macon County,39.829795,-92.56434,15182,Macon County
29123,29123,23123,23123,29,MO,Madison County,37.474481,-90.343413,12600,Madison County
29125,29125,23125,23125,29,MO,Maries County,38.162615,-91.923601,8427,Maries County
29127,29127,23127,23127,29,MO,Marion County,39.807538,-91.635379,28470,Marion County
29129,29129,23129,23129,29,MO,Mercer County,40.421413,-93.567631,3515,Mercer County
29131,29131,23131,23131,29,MO,Miller County,38.21668,-92.429876,24733,Miller County
29133,29133,23133,23133,29,MO,Mississippi County,36.826264,-89.295929,12537,Mississippi County
29135,29135,23135,23135,29,MO,Moniteau County,38.633037,-92.583642,15464,Moniteau County
29137,29137,23137,23137,29,MO,Monroe County,39.49827,-92.006458,8666,Monroe County
29139,29139,23139,23139,29,MO,Montgomery County,38.935184,-91.465427,11262,Montgomery County
29141,29141,23141,23141,29,MO,Morgan County,38.420806,-92.874835,20997,Morgan County
29143,29143,23143,23143,29,MO,New Madrid County,36.594261,-89.655948,16329,New Madrid County
29145,29145,23145,23145,29,MO,Newton County,36.908371,-94.335034,58613,Newton County
29147,29147,23147,23147,29,MO,Nodaway County,40.361136,-94.883146,21218,Nodaway County
29149,29149,23149,23149,29,MO,Oregon County,36.68531,-91.401827,8617,Oregon County
29151,29151,23151,23151,29,MO,Osage County,38.464253,-91.859504,13249,Osage County
29153,29153,23153,23153,29,MO,Ozark County,36.64959,-92.458549,8514,Ozark County
29155,29155,23155,23155,29,MO,Pemiscot County,36.209916,-89.785942,15585,Pemiscot County
29157,29157,23157,23157,29,MO,Perry County,37.71113,-89.802125,18960,Perry County
29159,29159,23159,23159,29,MO,Pettis County,38.727367,-93.285207,42951,Pettis County
29161,29161,23161,23161,29,MO,Phelps County,37.866326,-91.790349,44517,Phelps County
29163,29163,23163,23163,29,MO,Pike County,39.339959,-91.171607,17613,Pike County
29165,29165,23165,23165,29,MO,Platte County,39.37869,-94.761477,107100,Platte County
29167,29167,23167,23167,29,MO,Polk County,37.616761,-93.400817,31577,Polk County
29169,29169,23169,23169,29,MO,Pulaski County,37.824835,-92.207022,53964,Pulaski County
29171,29171,23171,23171,29,MO,Putnam County,40.478606,-93.014531,4676,Putnam County
29173,29173,23173,23173,29,MO,Ralls County,39.553455,-91.524787,10351,Ralls County
29175,29175,23175,23175,29,MO,Randolph County,39.439249,-92.492959,24636,Randolph County
29177,29177,23177,23177,29,MO,Ray County,39.308401,-93.995746,23100,Ray County
29179,29179,23179,23179,29,MO,Reynolds County,37.366464,-90.972282,6078,Reynolds County
29181,29181,23181,23181,29,MO,Ripley County,36.65017,-90.874834,10680,Ripley County
29183,29183,23183,23183,29,MO,St. Charles County,38.781102,-90.674915,406258,St. Charles County
29185,29185,23185,23185,29,MO,St. Clair County,38.04223,-93.77656,9340,St. Clair County
29186,29186,23186,23186,29,MO,Ste. Genevieve County,37.885845,-90.161531,18476,Ste. Genevieve County
29187,29187,23187,23187,29,MO,St. Francois County,37.810707,-90.473868,66900,St. Francois County
29189,29189,23189,23189,29,MO,St. Louis County,38.640688,-90.446073,1002838,St. Louis County
29195,29195,23195,23195,29,MO,Saline County,39.13584,-93.204164,23319,Saline County
29197,29197,23197,23197,29,MO,Schuyler County,40.469361,-92.519016,4007,Schuyler County
29199,29199,23199,23199,29,MO,Scotland County,40.447686,-92.142824,4698,Scotland County
29201,29201,23201,23201,29,MO,Scott County,37.047793,-89.568098,38009,Scott County
29203,29203,23203,23203,29,MO,Shannon County,37.152498,-91.391328,7041,Shannon County
29205,29205,23205,23205,29,MO,Shelby County,39.797531,-92.088719,6101,Shelby County
29207,29207,23207,23207,29,MO,Stoddard County,36.851557,-89.947481,28652,Stoddard County
29209,29209,23209,23209,29,MO,Stone County,36.745822,-93.457842,31175,Stone County
29211,29211,23211,23211,29,MO,Sullivan County,40.209587,-93.109783,5976,Sullivan County
29213,29213,23213,23213,29,MO,Taney County,36.649827,-93.042819,56020,Taney County
29215,29215,23215,23215,29,MO,Texas County,37.314257,-91.964478,24413,Texas County
29217,29217,23217,23217,29,MO,Vernon County,37.850196,-94.341597,19642,Vernon County
29219,29219,23219,23219,29,MO,Warren County,38.761902,-91.159306,35707,Warren County
29221,29221,23221,23221,29,MO,Washington County,37.942611,-90.897018,23499,Washington County
29223,29223,23223,23223,29,MO,Wayne County,37.111074,-90.453931,10913,Wayne County
29225,29225,23225,23225,29,MO,Webster County,37.280804,-92.87608,39168,Webster County
29227,29227,23227,23227,29,MO,Worth County,40.480499,-94.419198,1962,Worth County
29229,29229,23229,23229,29,MO,Wright County,37.267633,-92.479989,18180,Wright County
29510,29510,23510,23510,29,MO,St. Louis city,38.635699,-90.244582,300528,St. Louis city
30001,30001,24001,24001,30,MT,Beaverhead County,45.133863,-112.892869,9372,Beaverhead County
30003,30003,24003,24003,30,MT,Big Horn County,45.407868,-107.518162,13051,Big Horn County
30005,30005,24005,24005,30,MT,Blaine County,48.428282,-108.967648,7002,Blaine County
30007,30007,24007,24007,30,MT,Broadwater County,46.329849,-111.497873,6846,Broadwater County
30009,30009,24009,24009,30,MT,Carbon County,45.224468,-109.028554,10512,Carbon County
30011,30011,24011,24011,30,MT,Carter County,45.516825,-104.515324,1413,Carter County
30013,30013,24013,24013,30,MT,Cascade County,47.316575,-111.350262,84328,Cascade County
30015,30015,24015,24015,30,MT,Chouteau County,47.886834,-110.4362,5899,Chouteau County
30017,30017,24017,24017,30,MT,Custer County,46.261414,-105.550352,11859,Custer County
30019,30019,24019,24019,30,MT,Daniels County,48.794429,-105.541739,1658,Daniels County
30021,30021,24021,24021,30,MT,Dawson County,47.26613,-104.898271,8922,Dawson County
30023,30023,24023,24023,30,MT,Deer Lodge County,46.094672,-113.141624,9413,Deer Lodge County
30025,30025,24025,24025,30,MT,Fallon County,46.318184,-104.405718,3033,Fallon County
30027,30027,24027,24027,30,MT,Fergus County,47.221816,-109.232956,11457,Fergus County
30029,30029,24029,24029,30,MT,Flathead County,48.295422,-114.052059,104773,Flathead County
30031,30031,24031,24031,30,MT,Gallatin County,45.518054,-111.163921,119502,Gallatin County
30033,30033,24033,24033,30,MT,Garfield County,47.267184,-106.995991,1172,Garfield County
30035,30035,24035,24035,30,MT,Glacier County,48.705671,-112.990502,13747,Glacier County
30037,30037,24037,24037,30,MT,Golden Valley County,46.380624,-109.174586,820,Golden Valley County
30039,30039,24039,24039,30,MT,Granite County,46.395955,-113.427356,3308,Granite County
30041,30041,24041,24041,30,MT,Hill County,48.631959,-110.106321,16250,Hill County
30043,30043,24043,24043,30,MT,Jefferson County,46.124232,-112.059428,12133,Jefferson County
30045,30045,24045,24045,30,MT,Judith Basin County,47.032558,-110.30532,2017,Judith Basin County
30047,30047,24047,24047,30,MT,Lake County,47.642901,-114.083687,31259,Lake County
30049,30049,24049,24049,30,MT,Lewis and Clark County,47.132013,-112.373367,71093,Lewis and Clark County
30051,30051,24051,24051,30,MT,Liberty County,48.559654,-111.036924,1960,Liberty County
30053,30053,24053,24053,30,MT,Lincoln County,48.552385,-115.463185,19731,Lincoln County
30055,30055,24055,24055,30,MT,McCone County,47.629628,-105.757222,1733,McCone County
30057,30057,24057,24057,30,MT,Madison County,45.32529,-111.913791,8657,Madison County
30059,30059,24059,24059,30,MT,Meagher County,46.5857,-110.92174,1925,Meagher County
30061,30061,24061,24061,30,MT,Mineral County,47.129687,-115.085385,4565,Mineral County
30063,30063,24063,24063,30,MT,Missoula County,47.027263,-113.892691,118238,Missoula County
30065,30065,24065,24065,30,MT,Musselshell County,46.505281,-108.439763,4747,Musselshell County
30067,30067,24067,24067,30,MT,Park County,45.463081,-110.53493,17193,Park County
30069,30069,24069,24069,30,MT,Petroleum County,47.141917,-108.226575,498,Petroleum County
30071,30071,24071,24071,30,MT,Phillips County,48.250143,-107.928897,4190,Phillips County
30073,30073,24073,24073,30,MT,Pondera County,48.228604,-112.220761,5882,Pondera County
30075,30075,24075,24075,30,MT,Powder River County,45.408926,-105.555344,1693,Powder River County
30077,30077,24077,24077,30,MT,Powell County,46.844225,-112.9311,6934,Powell County
30079,30079,24079,24079,30,MT,Prairie County,46.812384,-105.503994,1076,Prairie County
30081,30081,24081,24081,30,MT,Ravalli County,46.077744,-114.105795,44351,Ravalli County
30083,30083,24083,24083,30,MT,Richland County,47.785633,-104.563408,11501,Richland County
30085,30085,24085,24085,30,MT,Roosevelt County,48.282747,-104.99517,10780,Roosevelt County
30087,30087,24087,24087,30,MT,Rosebud County,46.173206,-106.666792,8298,Rosebud County
30089,30089,24089,24089,30,MT,Sanders County,47.756497,-115.180306,12451,Sanders County
30091,30091,24091,24091,30,MT,Sheridan County,48.705523,-104.533913,3518,Sheridan County
30093,30093,24093,24093,30,MT,Silver Bow County,45.896232,-112.660071,35168,Silver Bow County
30095,30095,24095,24095,30,MT,Stillwater County,45.658545,-109.381576,9010,Stillwater County
30097,30097,24097,24097,30,MT,Sweet Grass County,45.811292,-109.944796,3671,Sweet Grass County
30099,30099,24099,24099,30,MT,Teton County,47.819035,-112.281725,6242,Teton County
30101,30101,24101,24101,30,MT,Toole County,48.645125,-111.733472,4964,Toole County
30103,30103,24103,24103,30,MT,Treasure County,46.229441,-107.285772,761,Treasure County
30105,30105,24105,24105,30,MT,Valley County,48.34985,-106.670424,7551,Valley County
30107,30107,24107,24107,30,MT,Wheatland County,46.496967,-109.857684,2093,Wheatland County
30109,30109,24109,24109,30,MT,Wibaux County,46.962966,-104.274518,928,Wibaux County
30111,30111,24111,24111,30,MT,Yellowstone County,45.936987,-108.276656,165045,Yellowstone County
31001,31001,25001,25001,31,NE,Adams County,40.520632,-98.500044,31147,Adams County
31003,31003,25003,25003,31,NE,Antelope County,42.183225,-98.058037,6276,Antelope County
31005,31005,25005,25005,31,NE,Arthur County,41.57193,-101.695917,431,Arthur County
31007,31007,25007,25007,31,NE,Banner County,41.53975,-103.726263,683,Banner County
31009,31009,25009,25009,31,NE,Blaine County,41.931945,-99.996407,431,Blaine County
31011,31011,25011,25011,31,NE,Boone County,41.703934,-98.070476,5351,Boone County
31013,31013,25013,25013,31,NE,Box Butte County,42.21038,-103.081779,10824,Box Butte County
31015,31015,25015,25015,31,NE,Boyd County,42.894448,-98.773022,1806,Boyd County
31017,31017,25017,25017,31,NE,Brown County,42.359562,-99.92392,2903,Brown County
31019,31019,25019,25019,31,NE,Buffalo County,40.855265,-99.074984,50129,Buffalo County
31021,31021,25021,25021,31,NE,Burt County,41.854179,-96.337746,6721,Burt County
31023,31023,25023,25023,31,NE,Butler County,41.226072,-97.132039,8349,Butler County
31025,31025,25025,25025,31,NE,Cass County,40.909878,-96.140609,26593,Cass County
31027,31027,25027,25027,31,NE,Cedar County,42.60456,-97.25687,8373,Cedar County
31029,31029,25029,25029,31,NE,Chase County,40.53039,-101.694192,3881,Chase County
31031,31031,25031,25031,31,NE,Cherry County,42.571323,-101.047653,5462,Cherry County
31033,31033,25033,25033,31,NE,Cheyenne County,41.214236,-103.011929,9482,Cheyenne County
31035,31035,25035,25035,31,NE,Clay County,40.523669,-98.050858,6101,Clay County
31037,31037,25037,25037,31,NE,Colfax County,41.57496,-97.088945,10546,Colfax County
31039,31039,25039,25039,31,NE,Cuming County,41.915865,-96.788517,9009,Cuming County
31041,31041,25041,25041,31,NE,Custer County,41.393893,-99.726866,10495,Custer County
31043,31043,25043,25043,31,NE,Dakota County,42.391624,-96.561327,21502,Dakota County
31045,31045,25045,25045,31,NE,Dawes County,42.713038,-103.135436,8151,Dawes County
31047,31047,25047,25047,31,NE,Dawson County,40.86784,-99.815583,24039,Dawson County
31049,31049,25049,25049,31,NE,Deuel County,41.111903,-102.332609,1829,Deuel County
31051,31051,25051,25051,31,NE,Dixon County,42.485086,-96.855784,5580,Dixon County
31053,31053,25053,25053,31,NE,Dodge County,41.577008,-96.645852,37102,Dodge County
31055,31055,25055,25055,31,NE,Douglas County,41.297091,-96.154066,585010,Douglas County
31057,31057,25057,25057,31,NE,Dundy County,40.180165,-101.681133,1647,Dundy County
31059,31059,25059,25059,31,NE,Fillmore County,40.52504,-97.596705,5567,Fillmore County
31061,31061,25061,25061,31,NE,Franklin County,40.183203,-98.96208,2885,Franklin County
31063,31063,25063,25063,31,NE,Frontier County,40.530947,-100.406683,2510,Frontier County
31065,31065,25065,25065,31,NE,Furnas County,40.191865,-99.909663,4615,Furnas County
31067,31067,25067,25067,31,NE,Gage County,40.255234,-96.683453,21663,Gage County
31069,31069,25069,25069,31,NE,Garden County,41.633364,-102.302985,1883,Garden County
31071,31071,25071,25071,31,NE,Garfield County,41.906868,-98.951231,1806,Garfield County
31073,31073,25073,25073,31,NE,Gosper County,40.509095,-99.823206,1891,Gosper County
31075,31075,25075,25075,31,NE,Grant County,41.913957,-101.755965,611,Grant County
31077,31077,25077,25077,31,NE,Greeley County,41.567571,-98.530565,2180,Greeley County
31079,31079,25079,25079,31,NE,Hall County,40.866027,-98.502664,62730,Hall County
31081,31081,25081,25081,31,NE,Hamilton County,40.872817,-98.022329,9403,Hamilton County
31083,31083,25083,25083,31,NE,Harlan County,40.178766,-99.403418,3054,Harlan County
31085,31085,25085,25085,31,NE,Hayes County,40.537234,-101.047963,855,Hayes County
31087,31087,25087,25087,31,NE,Hitchcock County,40.176896,-101.044217,2610,Hitchcock County
31089,31089,25089,25089,31,NE,Holt County,42.459287,-98.784766,10083,Holt County
31091,31091,25091,25091,31,NE,Hooker County,41.920317,-101.117324,707,Hooker County
31093,31093,25093,25093,31,NE,Howard County,41.216851,-98.513342,6496,Howard County
31095,31095,25095,25095,31,NE,Jefferson County,40.175736,-97.143103,7260,Jefferson County
31097,31097,25097,25097,31,NE,Johnson County,40.394955,-96.265264,5288,Johnson County
31099,31099,25099,25099,31,NE,Kearney County,40.50912,-98.947602,6695,Kearney County
31101,31101,25101,25101,31,NE,Keith County,41.194245,-101.644449,8322,Keith County
31103,31103,25103,25103,31,NE,Keya Paha County,42.87548,-99.718351,763,Keya Paha County
31105,31105,25105,25105,31,NE,Kimball County,41.199274,-103.703153,3401,Kimball County
31107,31107,25107,25107,31,NE,Knox County,42.634404,-97.891349,8383,Knox County
31109,31109,25109,25109,31,NE,Lancaster County,40.783547,-96.688658,322910,Lancaster County
31111,31111,25111,25111,31,NE,Lincoln County,41.050322,-100.744481,34551,Lincoln County
31113,31113,25113,25113,31,NE,Logan County,41.542155,-100.443665,714,Logan County
31115,31115,25115,25115,31,NE,Loup County,41.903183,-99.509852,606,Loup County
31117,31117,25117,25117,31,NE,McPherson County,41.648414,-101.120851,396,McPherson County
31119,31119,25119,25119,31,NE,Madison County,41.909929,-97.606856,35473,Madison County
31121,31121,25121,25121,31,NE,Merrick County,41.16979,-98.031057,7659,Merrick County
31123,31123,25123,25123,31,NE,Morrill County,41.732204,-102.990594,4539,Morrill County
31125,31125,25125,25125,31,NE,Nance County,41.402385,-97.991408,3382,Nance County
31127,31127,25127,25127,31,NE,Nemaha County,40.387389,-95.852721,7088,Nemaha County
31129,31129,25129,25129,31,NE,Nuckolls County,40.176492,-98.046842,4081,Nuckolls County
31131,31131,25131,25131,31,NE,Otoe County,40.637992,-96.131027,15892,Otoe County
31133,31133,25133,25133,31,NE,Pawnee County,40.137797,-96.245214,2536,Pawnee County
31135,31135,25135,25135,31,NE,Perkins County,40.857646,-101.627468,2851,Perkins County
31137,31137,25137,25137,31,NE,Phelps County,40.516365,-99.406557,8968,Phelps County
31139,31139,25139,25139,31,NE,Pierce County,42.271413,-97.610992,7328,Pierce County
31141,31141,25141,25141,31,NE,Platte County,41.576866,-97.513467,34280,Platte County
31143,31143,25143,25143,31,NE,Polk County,41.187925,-97.570663,5225,Polk County
31145,31145,25145,25145,31,NE,Red Willow County,40.16942,-100.468576,10671,Red Willow County
31147,31147,25147,25147,31,NE,Richardson County,40.123743,-95.718603,7836,Richardson County
31149,31149,25149,25149,31,NE,Rock County,42.394749,-99.420851,1267,Rock County
31151,31151,25151,25151,31,NE,Saline County,40.516802,-97.131755,14249,Saline County
31153,31153,25153,25153,31,NE,Sarpy County,41.115064,-96.109125,191114,Sarpy County
31155,31155,25155,25155,31,NE,Saunders County,41.223388,-96.642097,22361,Saunders County
31157,31157,25157,25157,31,NE,Scotts Bluff County,41.850331,-103.701549,36002,Scotts Bluff County
31159,31159,25159,25159,31,NE,Seward County,40.871944,-97.140383,17605,Seward County
31161,31161,25161,25161,31,NE,Sheridan County,42.512289,-102.36828,5097,Sheridan County
31163,31163,25163,25163,31,NE,Sherman County,41.218743,-98.972849,2956,Sherman County
31165,31165,25165,25165,31,NE,Sioux County,42.470668,-103.73217,1144,Sioux County
31167,31167,25167,25167,31,NE,Stanton County,41.905045,-97.177109,5824,Stanton County
31169,31169,25169,25169,31,NE,Thayer County,40.173845,-97.596263,5013,Thayer County
31171,31171,25171,25171,31,NE,Thomas County,41.85573,-100.524703,671,Thomas County
31173,31173,25173,25173,31,NE,Thurston County,42.154061,-96.533943,6769,Thurston County
31175,31175,25175,25175,31,NE,Valley County,41.564094,-98.983484,4048,Valley County
31177,31177,25177,25177,31,NE,Washington County,41.533973,-96.224577,20904,Washington County
31179,31179,25179,25179,31,NE,Wayne County,42.210746,-97.126243,9687,Wayne County
31181,31181,25181,25181,31,NE,Webster County,40.180646,-98.49859,3387,Webster County
31183,31183,25183,25183,31,NE,Wheeler County,41.922575,-98.520853,773,Wheeler County
31185,31185,25185,25185,31,NE,York County,40.873056,-97.596742,14084,York County
32001,32001,26001,26001,32,NV,Churchill County,39.53771,-118.264166,25539,Churchill County
32003,32003,26003,26003,32,NV,Clark County,36.21413,-115.014398,2273386,Clark County
32005,32005,26005,26005,32,NV,Douglas County,38.905129,-119.609019,49468,Douglas County
32007,32007,26007,26007,32,NV,Elko County,41.141133,-115.351424,53750,Elko County
32009,32009,26009,26009,32,NV,Esmeralda County,37.778966,-117.632382,730,Esmeralda County
32011,32011,26011,26011,32,NV,Eureka County,39.977788,-116.272208,1847,Eureka County
32013,32013,26013,26013,32,NV,Humboldt County,41.407914,-118.127591,17283,Humboldt County
32015,32015,26015,26015,32,NV,Lander County,39.90021,-117.04724,5725,Lander County
32017,32017,26017,26017,32,NV,Lincoln County,37.634605,-114.863037,4502,Lincoln County
32019,32019,26019,26019,32,NV,Lyon County,39.022213,-119.197425,59431,Lyon County
32021,32021,26021,26021,32,NV,Mineral County,38.516647,-118.416279,4553,Mineral County
32023,32023,26023,26023,32,NV,Nye County,37.965864,-116.459011,51968,Nye County
32027,32027,26027,26027,32,NV,Pershing County,40.439639,-118.409477,6639,Pershing County
32029,32029,26029,26029,32,NV,Storey County,39.438385,-119.524646,4106,Storey County
32031,32031,26031,26031,32,NV,Washoe County,40.73132,-119.663269,487388,Washoe County
32033,32033,26033,26033,32,NV,White Pine County,39.418176,-114.900565,9079,White Pine County
32510,32510,26510,26510,32,NV,Carson City,39.15306,-119.747368,58677,Carson City
33001,33001,27001,27001,33,NH,Belknap County,43.519109,-71.425366,63743,Belknap County
33003,33003,27003,27003,33,NH,Carroll County,43.867774,-71.20156,50212,Carroll County
33005,33005,27005,27005,33,NH,Cheshire County,42.92546,-72.248183,76501,Cheshire County
33007,33007,27007,27007,33,NH,Coos County,44.652548,-71.289431,31173,Coos County
33009,33009,27009,27009,33,NH,Grafton County,43.926439,-71.842424,91123,Grafton County
33011,33011,27011,27011,33,NH,Hillsborough County,42.911532,-71.723055,422705,Hillsborough County
33013,33013,27013,27013,33,NH,Merrimack County,43.299579,-71.680041,153922,Merrimack County
33015,33015,27015,27015,33,NH,Rockingham County,42.988664,-71.09908,314430,Rockingham County
33017,33017,27017,27017,33,NH,Strafford County,43.293272,-71.035589,131006,Strafford County
33019,33019,27019,27019,33,NH,Sullivan County,43.361188,-72.222084,43033,Sullivan County
34001,34001,28001,28001,34,NJ,Atlantic County,39.469355,-74.633759,274191,Atlantic County
34003,34003,28003,28003,34,NJ,Bergen County,40.959698,-74.074727,954774,Bergen County
34005,34005,28005,28005,34,NJ,Burlington County,39.875786,-74.663006,461862,Burlington County
34007,34007,28007,28007,34,NJ,Camden County,39.802407,-74.961249,523204,Camden County
34009,34009,28009,28009,34,NJ,Cape May County,39.085841,-74.846354,95077,Cape May County
34011,34011,28011,28011,34,NJ,Cumberland County,39.328434,-75.121628,153848,Cumberland County
34013,34013,28013,28013,34,NJ,Essex County,40.7874,-74.246292,862032,Essex County
34015,34015,28015,28015,34,NJ,Gloucester County,39.722875,-75.145679,302607,Gloucester County
34017,34017,28017,28017,34,NJ,Hudson County,40.731375,-74.078601,722655,Hudson County
34019,34019,28019,28019,34,NJ,Hunterdon County,40.565283,-74.911969,128839,Hunterdon County
34021,34021,28021,28021,34,NJ,Mercer County,40.282503,-74.703724,386759,Mercer County
34023,34023,28023,28023,34,NJ,Middlesex County,40.439621,-74.40743,861908,Middlesex County
34025,34025,28025,28025,34,NJ,Monmouth County,40.287048,-74.152446,643163,Monmouth County
34027,34027,28027,28027,34,NJ,Morris County,40.858896,-74.547292,509001,Morris County
34029,34029,28029,28029,34,NJ,Ocean County,39.865669,-74.258864,638824,Ocean County
34031,34031,28031,28031,34,NJ,Passaic County,41.036655,-74.299408,523100,Passaic County
34033,34033,28033,28033,34,NJ,Salem County,39.573828,-75.357356,64859,Salem County
34035,34035,28035,28035,34,NJ,Somerset County,40.565527,-74.619938,345014,Somerset County
34037,34037,28037,28037,34,NJ,Sussex County,41.137461,-74.691914,144082,Sussex County
34039,34039,28039,28039,34,NJ,Union County,40.659871,-74.308696,574349,Union County
34041,34041,28041,28041,34,NJ,Warren County,40.853491,-75.009498,109595,Warren County
35001,35001,29001,29001,35,NM,Bernalillo County,35.053628,-106.66908,676581,Bernalillo County
35003,35003,29003,29003,35,NM,Catron County,33.901621,-108.391928,3612,Catron County
35005,35005,29005,29005,35,NM,Chaves County,33.361604,-104.469837,65168,Chaves County
35006,35006,29006,29006,35,NM,Cibola County,34.928272,-107.99268,27076,Cibola County
35007,35007,29007,29007,35,NM,Colfax County,36.612964,-104.64011,12332,Colfax County
35009,35009,29009,29009,35,NM,Curry County,34.572984,-103.346055,48325,Curry County
35011,35011,29011,29011,35,NM,De Baca County,34.359273,-104.368696,1678,De Baca County
35013,35013,29013,29013,35,NM,Doña Ana County,32.349919,-106.834968,219899,Doña Ana County
35015,35015,29015,29015,35,NM,Eddy County,32.457835,-104.306434,62257,Eddy County
35017,35017,29017,29017,35,NM,Grant County,32.732087,-108.381504,28209,Grant County
35019,35019,29019,29019,35,NM,Guadalupe County,34.869782,-104.784968,4447,Guadalupe County
35021,35021,29021,29021,35,NM,Harding County,35.859352,-103.853424,660,Harding County
35023,35023,29023,29023,35,NM,Hidalgo County,31.898052,-108.751929,4149,Hidalgo County
35025,35025,29025,29025,35,NM,Lea County,32.795687,-103.413271,74586,Lea County
35027,35027,29027,29027,35,NM,Lincoln County,33.740841,-105.449805,20296,Lincoln County
35028,35028,29028,29028,35,NM,Los Alamos County,35.870047,-106.307968,19424,Los Alamos County
35029,35029,29029,29029,35,NM,Luna County,32.184523,-107.747191,25420,Luna County
35031,35031,29031,29031,35,NM,McKinley County,35.584062,-108.253294,72630,McKinley County
35033,35033,29033,29033,35,NM,Mora County,35.982841,-104.921898,4184,Mora County
35035,35035,29035,29035,35,NM,Otero County,32.615599,-105.751308,67861,Otero County
35037,35037,29037,29037,35,NM,Quay County,35.107018,-103.548071,8721,Quay County
35039,35039,29039,29039,35,NM,Rio Arriba County,36.509669,-106.693983,40264,Rio Arriba County
35041,35041,29041,29041,35,NM,Roosevelt County,34.021207,-103.483004,19118,Roosevelt County
35043,35043,29043,29043,35,NM,Sandoval County,35.685091,-106.883119,149218,Sandoval County
35045,35045,29045,29045,35,NM,San Juan County,36.511624,-108.324578,121429,San Juan County
35047,35047,29047,29047,35,NM,San Miguel County,35.476859,-104.803519,27115,San Miguel County
35049,35049,29049,29049,35,NM,Santa Fe County,35.514531,-105.963972,154977,Santa Fe County
35051,35051,29051,29051,35,NM,Sierra County,33.119468,-107.188161,11526,Sierra County
35053,35053,29053,29053,35,NM,Socorro County,33.991658,-106.939136,16565,Socorro County
35055,35055,29055,29055,35,NM,Taos County,36.577183,-105.638878,34392,Taos County
35057,35057,29057,29057,35,NM,Torrance County,34.554978,-105.890557,15051,Torrance County
35059,35059,29059,29059,35,NM,Union County,36.488085,-103.475723,4067,Union County
35061,35061,29061,29061,35,NM,Valencia County,34.71684,-106.806582,76329,Valencia County
36001,36001,30001,30001,36,NY,Albany County,42.58824,-73.97401,314368,Albany County
36003,36003,30003,30003,36,NY,Allegany County,42.247853,-78.026153,46373,Allegany County
36005,36005,30005,30005,36,NY,Bronx County,40.848711,-73.852939,1466438,Bronx County
36007,36007,30007,30007,36,NY,Broome County,42.161977,-75.830283,198199,Broome County
36009,36009,30009,30009,36,NY,Cattaraugus County,42.239099,-78.662332,76907,Cattaraugus County
36011,36011,30011,30011,36,NY,Cayuga County,43.008546,-76.574587,76095,Cayuga County
36013,36013,30013,30013,36,NY,Chautauqua County,42.304216,-79.407595,127424,Chautauqua County
36015,36015,30015,30015,36,NY,Chemung County,42.148697,-76.752471,83882,Chemung County
36017,36017,30017,30017,36,NY,Chenango County,42.478024,-75.602241,47073,Chenango County
36019,36019,30019,30019,36,NY,Clinton County,44.752712,-73.705643,79715,Clinton County
36021,36021,30021,30021,36,NY,Columbia County,42.247696,-73.626718,61550,Columbia County
36023,36023,30023,30023,36,NY,Cortland County,42.594039,-76.07624,46723,Cortland County
36025,36025,30025,30025,36,NY,Delaware County,42.193986,-74.966728,44186,Delaware County
36027,36027,30027,30027,36,NY,Dutchess County,41.75477,-73.740041,295742,Dutchess County
36029,36029,30029,30029,36,NY,Erie County,42.752759,-78.778192,953254,Erie County
36031,36031,30031,30031,36,NY,Essex County,44.109601,-73.778431,37336,Essex County
36033,36033,30033,30033,36,NY,Franklin County,44.594376,-74.31067,47527,Franklin County
36035,36035,30035,30035,36,NY,Fulton County,43.115609,-74.423678,53160,Fulton County
36037,36037,30037,30037,36,NY,Genesee County,43.00091,-78.192778,58258,Genesee County
36039,36039,30039,30039,36,NY,Greene County,42.279821,-74.142025,47890,Greene County
36041,36041,30041,30041,36,NY,Hamilton County,43.657879,-74.502456,5078,Hamilton County
36043,36043,30043,30043,36,NY,Herkimer County,43.571009,-74.841097,60007,Herkimer County
36045,36045,30045,30045,36,NY,Jefferson County,43.996389,-76.052968,116134,Jefferson County
36047,36047,30047,30047,36,NY,Kings County,40.635045,-73.95064,2727393,Kings County
36049,36049,30049,30049,36,NY,Lewis County,43.782681,-75.44414,26538,Lewis County
36051,36051,30051,30051,36,NY,Livingston County,42.729042,-77.778463,61699,Livingston County
36053,36053,30053,30053,36,NY,Madison County,42.910026,-75.663575,67890,Madison County
36055,36055,30055,30055,36,NY,Monroe County,43.250347,-77.700518,758554,Monroe County
36057,36057,30057,30057,36,NY,Montgomery County,42.900891,-74.435357,49433,Montgomery County
36059,36059,30059,30059,36,NY,Nassau County,40.729612,-73.589414,1393978,Nassau County
36061,36061,30061,30061,36,NY,New York County,40.776642,-73.970187,1687834,New York County
36063,36063,30063,30063,36,NY,Niagara County,43.272672,-78.812943,212252,Niagara County
36065,36065,30065,30065,36,NY,Oneida County,43.242727,-75.434282,231695,Oneida County
36067,36067,30067,30067,36,NY,Onondaga County,43.006516,-76.196134,475653,Onondaga County
36069,36069,30069,30069,36,NY,Ontario County,42.856357,-77.303497,112475,Ontario County
36071,36071,30071,30071,36,NY,Orange County,41.40241,-74.306252,401322,Orange County
36073,36073,30073,30073,36,NY,Orleans County,43.339906,-78.207028,40236,Orleans County
36075,36075,30075,30075,36,NY,Oswego County,43.461443,-76.209262,117351,Oswego County
36077,36077,30077,30077,36,NY,Otsego County,42.629776,-75.028841,58351,Otsego County
36079,36079,30079,30079,36,NY,Putnam County,41.427907,-73.743861,97660,Putnam County
36081,36081,30081,30081,36,NY,Queens County,40.654658,-73.841209,2395791,Queens County
36083,36083,30083,30083,36,NY,Rensselaer County,42.710421,-73.513845,160923,Rensselaer County
36085,36085,30085,30085,36,NY,Richmond County,40.561263,-74.1399,495522,Richmond County
36087,36087,30087,30087,36,NY,Rockland County,41.154628,-74.024662,338121,Rockland County
36089,36089,30089,30089,36,NY,St. Lawrence County,44.488112,-75.074311,108311,St. Lawrence County
36091,36091,30091,30091,36,NY,Saratoga County,43.106135,-73.855387,235689,Saratoga County
36093,36093,30093,30093,36,NY,Schenectady County,42.817552,-74.043559,157861,Schenectady County
36095,36095,30095,30095,36,NY,Schoharie County,42.591294,-74.438172,29720,Schoharie County
36097,36097,30097,30097,36,NY,Schuyler County,42.419776,-76.938603,17857,Schuyler County
36099,36099,30099,30099,36,NY,Seneca County,42.782294,-76.827088,33715,Seneca County
36101,36101,30101,30101,36,NY,Steuben County,42.266725,-77.385525,93363,Steuben County
36103,36103,30103,30103,36,NY,Suffolk County,40.943554,-72.692218,1524099,Suffolk County
36105,36105,30105,30105,36,NY,Sullivan County,41.719993,-74.771577,78643,Sullivan County
36107,36107,30107,30107,36,NY,Tioga County,42.178057,-76.297456,48355,Tioga County
36109,36109,30109,30109,36,NY,Tompkins County,42.453006,-76.473483,105404,Tompkins County
36111,36111,30111,30111,36,NY,Ulster County,41.947212,-74.265458,181687,Ulster County
36113,36113,30113,30113,36,NY,Warren County,43.555105,-73.838139,65638,Warren County
36115,36115,30115,30115,36,NY,Washington County,43.312377,-73.439428,61143,Washington County
36117,36117,30117,30117,36,NY,Wayne County,43.218114,-77.049402,91103,Wayne County
36119,36119,30119,30119,36,NY,Westchester County,41.152686,-73.745753,1003245,Westchester County
36121,36121,30121,30121,36,NY,Wyoming County,42.701363,-78.228567,40401,Wyoming County
36123,36123,30123,30123,36,NY,Yates County,42.638237,-77.104324,24709,Yates County
37001,37001,31001,31001,37,NC,Alamance County,36.043954,-79.400573,171842,Alamance County
37003,37003,31003,31003,37,NC,Alexander County,35.920951,-81.177467,36430,Alexander County
37005,37005,31005,31005,37,NC,Alleghany County,36.489356,-81.132299,10899,Alleghany County
37007,37007,31007,31007,37,NC,Anson County,34.974972,-80.109763,22030,Anson County
37009,37009,31009,31009,37,NC,Ashe County,36.443469,-81.499334,26569,Ashe County
37011,37011,31011,31011,37,NC,Avery County,36.07209,-81.920285,17798,Avery County
37013,37013,31013,31013,37,NC,Beaufort County,35.482313,-76.842014,44618,Beaufort County
37015,37015,31015,31015,37,NC,Bertie County,36.059043,-76.962364,17851,Bertie County
37017,37017,31017,31017,37,NC,Bladen County,34.591938,-78.539489,29599,Bladen County
37019,37019,31019,31019,37,NC,Brunswick County,34.038754,-78.227765,138084,Brunswick County
37021,37021,31021,31021,37,NC,Buncombe County,35.609371,-82.530423,269621,Buncombe County
37023,37023,31023,31023,37,NC,Burke County,35.746182,-81.70618,87546,Burke County
37025,37025,31025,31025,37,NC,Cabarrus County,35.388346,-80.552728,227065,Cabarrus County
37027,37027,31027,31027,37,NC,Caldwell County,35.966396,-81.51254,80512,Caldwell County
37029,37029,31029,31029,37,NC,Camden County,36.342344,-76.162488,10398,Camden County
37031,37031,31031,31031,37,NC,Carteret County,34.858343,-76.53586,67656,Carteret County
37033,37033,31033,31033,37,NC,Caswell County,36.394298,-79.339609,22694,Caswell County
37035,37035,31035,31035,37,NC,Catawba County,35.661883,-81.214906,160747,Catawba County
37037,37037,31037,31037,37,NC,Chatham County,35.704994,-79.251454,76611,Chatham County
37039,37039,31039,31039,37,NC,Cherokee County,35.13715,-84.061449,28833,Cherokee County
37041,37041,31041,31041,37,NC,Chowan County,36.128979,-76.602752,13666,Chowan County
37043,37043,31043,31043,37,NC,Clay County,35.052997,-83.752264,11118,Clay County
37045,37045,31045,31045,37,NC,Cleveland County,35.33463,-81.557114,99725,Cleveland County
37047,37047,31047,31047,37,NC,Columbus County,34.261602,-78.639308,50505,Columbus County
37049,37049,31049,31049,37,NC,Craven County,35.116829,-77.08132,100552,Craven County
37051,37051,31051,31051,37,NC,Cumberland County,35.050192,-78.828719,334370,Cumberland County
37053,37053,31053,31053,37,NC,Currituck County,36.372174,-75.941224,28385,Currituck County
37055,37055,31055,31055,37,NC,Dare County,35.606269,-75.767536,37001,Dare County
37057,37057,31057,31057,37,NC,Davidson County,35.795131,-80.207107,169131,Davidson County
37059,37059,31059,31059,37,NC,Davie County,35.929355,-80.542552,42806,Davie County
37061,37061,31061,31061,37,NC,Duplin County,34.934403,-77.933543,48675,Duplin County
37063,37063,31063,31063,37,NC,Durham County,36.033828,-78.878125,325602,Durham County
37065,37065,31065,31065,37,NC,Edgecombe County,35.917077,-77.602742,48697,Edgecombe County
37067,37067,31067,31067,37,NC,Forsyth County,36.132466,-80.256961,382733,Forsyth County
37069,37069,31069,31069,37,NC,Franklin County,36.088241,-78.28309,69060,Franklin County
37071,37071,31071,31071,37,NC,Gaston County,35.293344,-81.177256,228269,Gaston County
37073,37073,31073,31073,37,NC,Gates County,36.442135,-76.702355,10452,Gates County
37075,37075,31075,31075,37,NC,Graham County,35.348364,-83.830915,8016,Graham County
37077,37077,31077,31077,37,NC,Granville County,36.299884,-78.657634,61041,Granville County
37079,37079,31079,31079,37,NC,Greene County,35.481959,-77.681688,20444,Greene County
37081,37081,31081,31081,37,NC,Guilford County,36.079065,-79.788665,541347,Guilford County
37083,37083,31083,31083,37,NC,Halifax County,36.251438,-77.644842,48495,Halifax County
37085,37085,31085,31085,37,NC,Harnett County,35.368635,-78.87161,133761,Harnett County
37087,37087,31087,31087,37,NC,Haywood County,35.558882,-82.981307,62131,Haywood County
37089,37089,31089,31089,37,NC,Henderson County,35.336415,-82.479741,116493,Henderson County
37091,37091,31091,31091,37,NC,Hertford County,36.363517,-76.981616,21451,Hertford County
37093,37093,31093,31093,37,NC,Hoke County,35.017233,-79.241964,52223,Hoke County
37095,37095,31095,31095,37,NC,Hyde County,35.408157,-76.153687,4549,Hyde County
37097,37097,31097,31097,37,NC,Iredell County,35.806251,-80.874524,187630,Iredell County
37099,37099,31099,31099,37,NC,Jackson County,35.285454,-83.123966,43134,Jackson County
37101,37101,31101,31101,37,NC,Johnston County,35.513419,-78.367348,217612,Johnston County
37103,37103,31103,31103,37,NC,Jones County,35.032268,-77.356195,9156,Jones County
37105,37105,31105,31105,37,NC,Lee County,35.476336,-79.172117,63387,Lee County
37107,37107,31107,31107,37,NC,Lenoir County,35.240066,-77.635514,54995,Lenoir County
37109,37109,31109,31109,37,NC,Lincoln County,35.488491,-81.226893,87190,Lincoln County
37111,37111,31111,31111,37,NC,McDowell County,35.682271,-82.048044,44536,McDowell County
37113,37113,31113,31113,37,NC,Macon County,35.152959,-83.421901,37049,Macon County
37115,37115,31115,31115,37,NC,Madison County,35.864206,-82.712631,21209,Madison County
37117,37117,31117,31117,37,NC,Martin County,35.847301,-77.119602,21949,Martin County
37119,37119,31119,31119,37,NC,Mecklenburg County,35.246862,-80.833832,1118340,Mecklenburg County
37121,37121,31121,31121,37,NC,Mitchell County,36.013102,-82.163554,14881,Mitchell County
37123,37123,31123,31123,37,NC,Montgomery County,35.327548,-79.910752,25720,Montgomery County
37125,37125,31125,31125,37,NC,Moore County,35.308272,-79.492725,100168,Moore County
37127,37127,31127,31127,37,NC,Nash County,35.965945,-77.987555,95027,Nash County
37129,37129,31129,31129,37,NC,New Hanover County,34.183445,-77.864204,226060,New Hanover County
37131,37131,31131,31131,37,NC,Northampton County,36.421774,-77.398352,17438,Northampton County
37133,37133,31133,31133,37,NC,Onslow County,34.763109,-77.499469,204735,Onslow County
37135,37135,31135,31135,37,NC,Orange County,36.062526,-79.120034,148792,Orange County
37137,37137,31137,31137,37,NC,Pamlico County,35.147575,-76.665268,12280,Pamlico County
37139,37139,31139,31139,37,NC,Pasquotank County,36.265199,-76.260691,40645,Pasquotank County
37141,37141,31141,31141,37,NC,Pender County,34.512556,-77.888106,60563,Pender County
37143,37143,31143,31143,37,NC,Perquimans County,36.180897,-76.403244,12997,Perquimans County
37145,37145,31145,31145,37,NC,Person County,36.38635,-78.965623,39146,Person County
37147,37147,31147,31147,37,NC,Pitt County,35.59249,-77.372739,170570,Pitt County
37149,37149,31149,31149,37,NC,Polk County,35.277901,-82.167621,19372,Polk County
37151,37151,31151,31151,37,NC,Randolph County,35.709915,-79.806215,144334,Randolph County
37153,37153,31153,31153,37,NC,Richmond County,35.004636,-79.755695,42879,Richmond County
37155,37155,31155,31155,37,NC,Robeson County,34.63921,-79.100881,116361,Robeson County
37157,37157,31157,31157,37,NC,Rockingham County,36.381806,-79.782754,91080,Rockingham County
37159,37159,31159,31159,37,NC,Rowan County,35.641355,-80.521721,147027,Rowan County
37161,37161,31161,31161,37,NC,Rutherford County,35.402747,-81.919582,64421,Rutherford County
37163,37163,31163,31163,37,NC,Sampson County,34.989298,-78.371261,59021,Sampson County
37165,37165,31165,31165,37,NC,Scotland County,34.840023,-79.477337,34110,Scotland County
37167,37167,31167,31167,37,NC,Stanly County,35.310449,-80.254374,62609,Stanly County
37169,37169,31169,31169,37,NC,Stokes County,36.393797,-80.269921,44517,Stokes County
37171,37171,31171,31171,37,NC,Surry County,36.415416,-80.686463,71253,Surry County
37173,37173,31173,31173,37,NC,Swain County,35.568849,-83.465614,14083,Swain County
37175,37175,31175,31175,37,NC,Transylvania County,35.210103,-82.816666,33009,Transylvania County
37177,37177,31177,31177,37,NC,Tyrrell County,35.87042,-76.165345,3232,Tyrrell County
37179,37179,31179,31179,37,NC,Union County,34.99182,-80.530426,239287,Union County
37181,37181,31181,31181,37,NC,Vance County,36.365481,-78.405434,42529,Vance County
37183,37183,31183,31183,37,NC,Wake County,35.789846,-78.650624,1133553,Wake County
37185,37185,31185,31185,37,NC,Warren County,36.398105,-78.099899,18598,Warren County
37187,37187,31187,31187,37,NC,Washington County,35.844713,-76.572291,10955,Washington County
37189,37189,31189,31189,37,NC,Watauga County,36.235368,-81.709888,54072,Watauga County
37191,37191,31191,31191,37,NC,Wayne County,35.35419,-78.00867,117226,Wayne County
37193,37193,31193,31193,37,NC,Wilkes County,36.208883,-81.166095,65871,Wilkes County
37195,37195,31195,31195,37,NC,Wilson County,35.700357,-77.921598,78811,Wilson County
37197,37197,31197,31197,37,NC,Yadkin County,36.158765,-80.665164,37182,Yadkin County
37199,37199,31199,31199,37,NC,Yancey County,35.889326,-82.303954,18475,Yancey County
38001,38001,32001,32001,38,ND,Adams County,46.096815,-102.533198,2188,Adams County
38003,38003,32003,32003,38,ND,Barnes County,46.94255,-98.070195,10836,Barnes County
38005,38005,32005,32005,38,ND,Benson County,48.071743,-99.351152,5953,Benson County
38007,38007,32007,32007,38,ND,Billings County,47.007044,-103.364016,931,Billings County
38009,38009,32009,32009,38,ND,Bottineau County,48.794412,-100.831257,6377,Bottineau County
38011,38011,32011,32011,38,ND,Bowman County,46.110144,-103.505943,2981,Bowman County
38013,38013,32013,32013,38,ND,Burke County,48.786453,-102.520087,2189,Burke County
38015,38015,32015,32015,38,ND,Burleigh County,46.978829,-100.469533,98467,Burleigh County
38017,38017,32017,32017,38,ND,Cass County,46.927003,-97.252375,184868,Cass County
38019,38019,32019,32019,38,ND,Cavalier County,48.768439,-98.46379,3693,Cavalier County
38021,38021,32021,32021,38,ND,Dickey County,46.107756,-98.496518,4959,Dickey County
38023,38023,32023,32023,38,ND,Divide County,48.814754,-103.509326,2198,Divide County
38025,38025,32025,32025,38,ND,Dunn County,47.354557,-102.612322,4103,Dunn County
38027,38027,32027,32027,38,ND,Eddy County,47.723436,-98.900474,2333,Eddy County
38029,38029,32029,32029,38,ND,Emmons County,46.284255,-100.237842,3282,Emmons County
38031,38031,32031,32031,38,ND,Foster County,47.471431,-98.872876,3389,Foster County
38033,38033,32033,32033,38,ND,Golden Valley County,46.938924,-103.844612,1730,Golden Valley County
38035,38035,32035,32035,38,ND,Grand Forks County,47.926003,-97.450851,73062,Grand Forks County
38037,38037,32037,32037,38,ND,Grant County,46.357827,-101.639049,2281,Grant County
38039,38039,32039,32039,38,ND,Griggs County,47.456334,-98.232286,2296,Griggs County
38041,38041,32041,32041,38,ND,Hettinger County,46.435704,-102.454238,2474,Hettinger County
38043,38043,32043,32043,38,ND,Kidder County,46.938273,-99.731198,2384,Kidder County
38045,38045,32045,32045,38,ND,LaMoure County,46.464195,-98.526057,4083,LaMoure County
38047,38047,32047,32047,38,ND,Logan County,46.469278,-99.504585,1885,Logan County
38049,38049,32049,32049,38,ND,McHenry County,48.233842,-100.633267,5322,McHenry County
38051,38051,32051,32051,38,ND,McIntosh County,46.108682,-99.416487,2512,McIntosh County
38053,38053,32053,32053,38,ND,McKenzie County,47.742475,-103.403215,14744,McKenzie County
38055,38055,32055,32055,38,ND,McLean County,47.653206,-101.421914,9749,McLean County
38057,38057,32057,32057,38,ND,Mercer County,47.307147,-101.833328,8330,Mercer County
38059,38059,32059,32059,38,ND,Morton County,46.710819,-101.298265,33333,Morton County
38061,38061,32061,32061,38,ND,Mountrail County,48.210073,-102.364895,9765,Mountrail County
38063,38063,32063,32063,38,ND,Nelson County,47.918667,-98.204428,2989,Nelson County
38065,38065,32065,32065,38,ND,Oliver County,47.118079,-101.33142,1866,Oliver County
38067,38067,32067,32067,38,ND,Pembina County,48.766896,-97.545405,6827,Pembina County
38069,38069,32069,32069,38,ND,Pierce County,48.238883,-99.966497,3968,Pierce County
38071,38071,32071,32071,38,ND,Ramsey County,48.266163,-98.739031,11555,Ramsey County
38073,38073,32073,32073,38,ND,Ransom County,46.449276,-97.647554,5703,Ransom County
38075,38075,32075,32075,38,ND,Renville County,48.712781,-101.658152,2272,Renville County
38077,38077,32077,32077,38,ND,Richland County,46.265219,-96.93796,16524,Richland County
38079,38079,32079,32079,38,ND,Rolette County,48.768271,-99.840463,12162,Rolette County
38081,38081,32081,32081,38,ND,Sargent County,46.108204,-97.630051,3842,Sargent County
38083,38083,32083,32083,38,ND,Sheridan County,47.581359,-100.330986,1258,Sheridan County
38085,38085,32085,32085,38,ND,Sioux County,46.110618,-101.061284,3884,Sioux County
38087,38087,32087,32087,38,ND,Slope County,46.445834,-103.462462,701,Slope County
38089,38089,32089,32089,38,ND,Stark County,46.817031,-102.662026,33805,Stark County
38091,38091,32091,32091,38,ND,Steele County,47.451062,-97.71892,1797,Steele County
38093,38093,32093,32093,38,ND,Stutsman County,46.972223,-98.956123,21529,Stutsman County
38095,38095,32095,32095,38,ND,Towner County,48.682183,-99.248158,2138,Towner County
38097,38097,32097,32097,38,ND,Traill County,47.446215,-97.164754,7974,Traill County
38099,38099,32099,32099,38,ND,Walsh County,48.376979,-97.72223,10520,Walsh County
38101,38101,32101,32101,38,ND,Ward County,48.216686,-101.540537,69847,Ward County
38103,38103,32103,32103,38,ND,Wells County,47.580851,-99.682213,3955,Wells County
38105,38105,32105,32105,38,ND,Williams County,48.355765,-103.501333,41149,Williams County
39001,39001,33001,33001,39,OH,Adams County,38.834468,-83.478082,27434,Adams County
39003,39003,33003,33003,39,OH,Allen County,40.771627,-84.106103,102059,Allen County
39005,39005,33005,33005,39,OH,Ashland County,40.843273,-82.270127,52420,Ashland County
39007,39007,33007,33007,39,OH,Ashtabula County,41.906637,-80.745592,97413,Ashtabula County
39009,39009,33009,33009,39,OH,Athens County,39.332755,-82.045885,62350,Athens County
39011,39011,33011,33011,39,OH,Auglaize County,40.561309,-84.224018,46411,Auglaize County
39013,39013,33013,33013,39,OH,Belmont County,40.017682,-80.967727,66235,Belmont County
39015,39015,33015,33015,39,OH,Brown County,38.931377,-83.866772,43629,Brown County
39017,39017,33017,33017,39,OH,Butler County,39.439747,-84.565734,390600,Butler County
39019,39019,33019,33019,39,OH,Carroll County,40.579884,-81.090787,26689,Carroll County
39021,39021,33021,33021,39,OH,Champaign County,40.132775,-83.767604,38705,Champaign County
39023,39023,33023,33023,39,OH,Clark County,39.917032,-83.783676,135719,Clark County
39025,39025,33025,33025,39,OH,Clermont County,39.052054,-84.149485,208635,Clermont County
39027,39027,33027,33027,39,OH,Clinton County,39.416681,-83.804583,41962,Clinton County
39029,39029,33029,33029,39,OH,Columbiana County,40.770073,-80.778455,101607,Columbiana County
39031,39031,33031,33031,39,OH,Coshocton County,40.29671,-81.930109,36548,Coshocton County
39033,39033,33033,33033,39,OH,Crawford County,40.848524,-82.924783,41928,Crawford County
39035,39035,33035,33035,39,OH,Cuyahoga County,41.555037,-81.604957,1261696,Cuyahoga County
39037,39037,33037,33037,39,OH,Darke County,40.131467,-84.621191,51882,Darke County
39039,39039,33039,33039,39,OH,Defiance County,41.321679,-84.486433,38227,Defiance County
39041,39041,33041,33041,39,OH,Delaware County,40.278941,-83.007462,215062,Delaware County
39043,39043,33043,33043,39,OH,Erie County,41.394143,-82.586835,75429,Erie County
39045,39045,33045,33045,39,OH,Fairfield County,39.747694,-82.626685,159357,Fairfield County
39047,39047,33047,33047,39,OH,Fayette County,39.555246,-83.461893,28939,Fayette County
39049,39049,33049,33049,39,OH,Franklin County,39.969875,-83.009086,1324013,Franklin County
39051,39051,33051,33051,39,OH,Fulton County,41.597264,-84.124267,42619,Fulton County
39053,39053,33053,33053,39,OH,Gallia County,38.817046,-82.301746,29193,Gallia County
39055,39055,33055,33055,39,OH,Geauga County,41.499322,-81.173505,95334,Geauga County
39057,39057,33057,33057,39,OH,Greene County,39.687479,-83.894894,168025,Greene County
39059,39059,33059,33059,39,OH,Guernsey County,40.056665,-81.497875,38390,Guernsey County
39061,39061,33061,33061,39,OH,Hamilton County,39.196927,-84.544187,829909,Hamilton County
39063,39063,33063,33063,39,OH,Hancock County,41.000217,-83.665947,74830,Hancock County
39065,39065,33065,33065,39,OH,Hardin County,40.660415,-83.664077,30725,Hardin County
39067,39067,33067,33067,39,OH,Harrison County,40.292318,-81.091565,14493,Harrison County
39069,39069,33069,33069,39,OH,Henry County,41.331584,-84.0689,27629,Henry County
39071,39071,33071,33071,39,OH,Highland County,39.184422,-83.601359,43321,Highland County
39073,39073,33073,33073,39,OH,Hocking County,39.490342,-82.483447,27999,Hocking County
39075,39075,33075,33075,39,OH,Holmes County,40.565597,-81.930001,44194,Holmes County
39077,39077,33077,33077,39,OH,Huron County,41.14508,-82.594641,58439,Huron County
39079,39079,33079,33079,39,OH,Jackson County,39.013477,-82.614142,32642,Jackson County
39081,39081,33081,33081,39,OH,Jefferson County,40.399384,-80.763527,65107,Jefferson County
39083,39083,33083,33083,39,OH,Knox County,40.40362,-82.422393,62765,Knox County
39085,39085,33085,33085,39,OH,Lake County,41.778142,-81.19733,232410,Lake County
39087,39087,33087,33087,39,OH,Lawrence County,38.603866,-82.517186,58132,Lawrence County
39089,39089,33089,33089,39,OH,Licking County,40.091505,-82.483435,178680,Licking County
39091,39091,33091,33091,39,OH,Logan County,40.387553,-83.766343,46065,Logan County
39093,39093,33093,33093,39,OH,Lorain County,41.438805,-82.179722,313367,Lorain County
39095,39095,33095,33095,39,OH,Lucas County,41.682321,-83.468903,430728,Lucas County
39097,39097,33097,33097,39,OH,Madison County,39.896607,-83.400885,43823,Madison County
39099,39099,33099,33099,39,OH,Mahoning County,41.01088,-80.770396,227948,Mahoning County
39101,39101,33101,33101,39,OH,Marion County,40.588034,-83.168803,65363,Marion County
39103,39103,33103,33103,39,OH,Medina County,41.116174,-81.899764,182550,Medina County
39105,39105,33105,33105,39,OH,Meigs County,39.089807,-82.028397,22118,Meigs County
39107,39107,33107,33107,39,OH,Mercer County,40.535333,-84.632059,42471,Mercer County
39109,39109,33109,33109,39,OH,Miami County,40.053326,-84.228413,108821,Miami County
39111,39111,33111,33111,39,OH,Monroe County,39.726253,-81.090983,13354,Monroe County
39113,39113,33113,33113,39,OH,Montgomery County,39.753736,-84.290591,536629,Montgomery County
39115,39115,33115,33115,39,OH,Morgan County,39.624946,-81.861697,13741,Morgan County
39117,39117,33117,33117,39,OH,Morrow County,40.525266,-82.797729,34964,Morrow County
39119,39119,33119,33119,39,OH,Muskingum County,39.966046,-81.943506,86342,Muskingum County
39121,39121,33121,33121,39,OH,Noble County,39.767232,-81.452493,14090,Noble County
39123,39123,33123,33123,39,OH,Ottawa County,41.545495,-83.012613,40260,Ottawa County
39125,39125,33125,33125,39,OH,Paulding County,41.118948,-84.582125,18804,Paulding County
39127,39127,33127,33127,39,OH,Perry County,39.743187,-82.237952,35439,Perry County
39129,39129,33129,33129,39,OH,Pickaway County,39.648947,-83.052827,58628,Pickaway County
39131,39131,33131,33131,39,OH,Pike County,39.071341,-83.052911,27050,Pike County
39133,39133,33133,33133,39,OH,Portage County,41.16897,-81.196962,161775,Portage County
39135,39135,33135,33135,39,OH,Preble County,39.73881,-84.644758,40964,Preble County
39137,39137,33137,33137,39,OH,Putnam County,41.024533,-84.129879,34380,Putnam County
39139,39139,33139,33139,39,OH,Richland County,40.774159,-82.542781,124840,Richland County
39141,39141,33141,33141,39,OH,Ross County,39.323895,-83.059538,76985,Ross County
39143,39143,33143,33143,39,OH,Sandusky County,41.355319,-83.142776,58832,Sandusky County
39145,39145,33145,33145,39,OH,Scioto County,38.814889,-82.998675,73720,Scioto County
39147,39147,33147,33147,39,OH,Seneca County,41.119992,-83.127547,54990,Seneca County
39149,39149,33149,33149,39,OH,Shelby County,40.33668,-84.204142,48119,Shelby County
39151,39151,33151,33151,39,OH,Stark County,40.814131,-81.365667,374357,Stark County
39153,39153,33153,33153,39,OH,Summit County,41.121847,-81.534928,539530,Summit County
39155,39155,33155,33155,39,OH,Trumbull County,41.306374,-80.7704,201405,Trumbull County
39157,39157,33157,33157,39,OH,Tuscarawas County,40.44749,-81.471105,93063,Tuscarawas County
39159,39159,33159,33159,39,OH,Union County,40.295901,-83.367042,63077,Union County
39161,39161,33161,33161,39,OH,Van Wert County,40.85552,-84.585775,28878,Van Wert County
39163,39163,33163,33163,39,OH,Vinton County,39.252042,-82.485961,12784,Vinton County
39165,39165,33165,33165,39,OH,Warren County,39.425663,-84.16994,243004,Warren County
39167,39167,33167,33167,39,OH,Washington County,39.450676,-81.490636,59613,Washington County
39169,39169,33169,33169,39,OH,Wayne County,40.829661,-81.887194,116840,Wayne County
39171,39171,33171,33171,39,OH,Williams County,41.564959,-84.584324,37025,Williams County
39173,39173,33173,33173,39,OH,Wood County,41.360183,-83.622682,132212,Wood County
39175,39175,33175,33175,39,OH,Wyandot County,40.839782,-83.313681,21854,Wyandot County
40001,40001,34001,34001,40,OK,Adair County,35.898043,-94.651026,19415,Adair County
40003,40003,34003,34003,40,OK,Alfalfa County,36.729703,-98.323445,5713,Alfalfa County
40005,40005,34005,34005,40,OK,Atoka County,34.392469,-96.036558,14174,Atoka County
40007,40007,34007,34007,40,OK,Beaver County,36.748334,-100.483056,5012,Beaver County
40009,40009,34009,34009,40,OK,Beckham County,35.270601,-99.690057,22302,Beckham County
40011,40011,34011,34011,40,OK,Blaine County,35.877795,-98.429031,8711,Blaine County
40013,40013,34013,34013,40,OK,Bryan County,33.964004,-96.265135,46293,Bryan County
40015,40015,34015,34015,40,OK,Caddo County,35.16792,-98.381045,26858,Caddo County
40017,40017,34017,34017,40,OK,Canadian County,35.543354,-97.979889,155507,Canadian County
40019,40019,34019,34019,40,OK,Carter County,34.251848,-97.287927,48003,Carter County
40021,40021,34021,34021,40,OK,Cherokee County,35.904367,-94.996796,47081,Cherokee County
40023,40023,34023,34023,40,OK,Choctaw County,34.027699,-95.554079,14196,Choctaw County
40025,40025,34025,34025,40,OK,Cimarron County,36.74839,-102.517698,2290,Cimarron County
40027,40027,34027,34027,40,OK,Cleveland County,35.206376,-97.323088,296019,Cleveland County
40029,40029,34029,34029,40,OK,Coal County,34.582861,-96.288039,5279,Coal County
40031,40031,34031,34031,40,OK,Comanche County,34.662625,-98.476586,121129,Comanche County
40033,40033,34033,34033,40,OK,Cotton County,34.290676,-98.373438,5543,Cotton County
40035,40035,34035,34035,40,OK,Craig County,36.76389,-95.201553,14146,Craig County
40037,40037,34037,34037,40,OK,Creek County,35.907398,-96.380177,71776,Creek County
40039,40039,34039,34039,40,OK,Custer County,35.645601,-98.997386,28423,Custer County
40041,40041,34041,34041,40,OK,Delaware County,36.393437,-94.808189,40400,Delaware County
40043,40043,34043,34043,40,OK,Dewey County,35.97796,-99.014385,4466,Dewey County
40045,40045,34045,34045,40,OK,Ellis County,36.224258,-99.750139,3745,Ellis County
40047,40047,34047,34047,40,OK,Garfield County,36.378132,-97.788741,62629,Garfield County
40049,40049,34049,34049,40,OK,Garvin County,34.70935,-97.312723,25627,Garvin County
40051,40051,34051,34051,40,OK,Grady County,35.021058,-97.88689,54805,Grady County
40053,40053,34053,34053,40,OK,Grant County,36.788254,-97.788151,4168,Grant County
40055,40055,34055,34055,40,OK,Greer County,34.933853,-99.552968,5488,Greer County
40057,40057,34057,34057,40,OK,Harmon County,34.745971,-99.844194,2465,Harmon County
40059,40059,34059,34059,40,OK,Harper County,36.80035,-99.662805,3255,Harper County
40061,40061,34061,34061,40,OK,Haskell County,35.232431,-95.109642,11549,Haskell County
40063,40063,34063,34063,40,OK,Hughes County,35.052934,-96.251183,13334,Hughes County
40065,40065,34065,34065,40,OK,Jackson County,34.594006,-99.412235,24731,Jackson County
40067,40067,34067,34067,40,OK,Jefferson County,34.105082,-97.83889,5326,Jefferson County
40069,40069,34069,34069,40,OK,Johnston County,34.313455,-96.654254,10222,Johnston County
40071,40071,34071,34071,40,OK,Kay County,36.814885,-97.143862,43541,Kay County
40073,40073,34073,34073,40,OK,Kingfisher County,35.949436,-97.934557,15151,Kingfisher County
40075,40075,34075,34075,40,OK,Kiowa County,34.921489,-98.981617,8487,Kiowa County
40077,40077,34077,34077,40,OK,Latimer County,34.875137,-95.272262,9461,Latimer County
40079,40079,34079,34079,40,OK,Le Flore County,34.897356,-94.695074,48131,Le Flore County
40081,40081,34081,34081,40,OK,Lincoln County,35.703117,-96.881392,33469,Lincoln County
40083,40083,34083,34083,40,OK,Logan County,35.914277,-97.450952,49726,Logan County
40085,40085,34085,34085,40,OK,Love County,33.957804,-97.245093,10143,Love County
40087,40087,34087,34087,40,OK,McClain County,35.016436,-97.449803,41887,McClain County
40089,40089,34089,34089,40,OK,McCurtain County,34.117073,-94.766086,30786,McCurtain County
40091,40091,34091,34091,40,OK,McIntosh County,35.369108,-95.671787,18946,McIntosh County
40093,40093,34093,34093,40,OK,Major County,36.313119,-98.542015,7750,Major County
40095,40095,34095,34095,40,OK,Marshall County,34.027007,-96.770533,15342,Marshall County
40097,40097,34097,34097,40,OK,Mayes County,36.303804,-95.235638,39066,Mayes County
40099,40099,34099,34099,40,OK,Murray County,34.485766,-97.071557,13869,Murray County
40101,40101,34101,34101,40,OK,Muskogee County,35.617551,-95.383911,66160,Muskogee County
40103,40103,34103,34103,40,OK,Noble County,36.384901,-97.236335,10900,Noble County
40105,40105,34105,34105,40,OK,Nowata County,36.789615,-95.613312,9296,Nowata County
40107,40107,34107,34107,40,OK,Okfuskee County,35.466804,-96.327762,11238,Okfuskee County
40109,40109,34109,34109,40,OK,Oklahoma County,35.554611,-97.409401,797296,Oklahoma County
40111,40111,34111,34111,40,OK,Okmulgee County,35.6435,-95.965947,36679,Okmulgee County
40113,40113,34113,34113,40,OK,Osage County,36.624299,-96.408112,45741,Osage County
40115,40115,34115,34115,40,OK,Ottawa County,36.835764,-94.802681,30209,Ottawa County
40117,40117,34117,34117,40,OK,Pawnee County,36.313704,-96.696669,15544,Pawnee County
40119,40119,34119,34119,40,OK,Payne County,36.079225,-96.975255,81592,Payne County
40121,40121,34121,34121,40,OK,Pittsburg County,34.92554,-95.74813,43727,Pittsburg County
40123,40123,34123,34123,40,OK,Pontotoc County,34.721415,-96.69178,38077,Pontotoc County
40125,40125,34125,34125,40,OK,Pottawatomie County,35.211391,-96.957004,72441,Pottawatomie County
40127,40127,34127,34127,40,OK,Pushmataha County,34.377899,-95.408082,10797,Pushmataha County
40129,40129,34129,34129,40,OK,Roger Mills County,35.708554,-99.741572,3427,Roger Mills County
40131,40131,34131,34131,40,OK,Rogers County,36.377794,-95.601383,95315,Rogers County
40133,40133,34133,34133,40,OK,Seminole County,35.158366,-96.602857,23508,Seminole County
40135,40135,34135,34135,40,OK,Sequoyah County,35.502435,-94.750757,39255,Sequoyah County
40137,40137,34137,34137,40,OK,Stephens County,34.481361,-97.855607,42753,Stephens County
40139,40139,34139,34139,40,OK,Texas County,36.746317,-101.483855,21283,Texas County
40141,40141,34141,34141,40,OK,Tillman County,34.371085,-98.931701,6956,Tillman County
40143,40143,34143,34143,40,OK,Tulsa County,36.120318,-95.941813,670157,Tulsa County
40145,40145,34145,34145,40,OK,Wagoner County,35.963388,-95.514201,81377,Wagoner County
40147,40147,34147,34147,40,OK,Washington County,36.704403,-95.906253,52593,Washington County
40149,40149,34149,34149,40,OK,Washita County,35.289497,-98.991436,10903,Washita County
40151,40151,34151,34151,40,OK,Woods County,36.726984,-98.863649,8587,Woods County
40153,40153,34153,34153,40,OK,Woodward County,36.425619,-99.273661,20385,Woodward County
41001,41001,35001,35001,41,OR,Baker County,44.703427,-117.691933,16689,Baker County
41003,41003,35003,35003,41,OR,Benton County,44.493882,-123.424664,95167,Benton County
41005,41005,35005,35005,41,OR,Clackamas County,45.160493,-122.195127,422160,Clackamas County
41007,41007,35007,35007,41,OR,Clatsop County,46.024509,-123.705037,41089,Clatsop County
41009,41009,35009,35009,41,OR,Columbia County,45.941932,-123.081079,52631,Columbia County
41011,41011,35011,35011,41,OR,Coos County,43.18591,-124.094133,64887,Coos County
41013,41013,35013,35013,41,OR,Crook County,44.163054,-120.371585,24923,Crook County
41015,41015,35015,35015,41,OR,Curry County,42.466439,-124.210929,23503,Curry County
41017,41017,35017,35017,41,OR,Deschutes County,43.915118,-121.225575,199355,Deschutes County
41019,41019,35019,35019,41,OR,Douglas County,43.286328,-123.154476,111235,Douglas County
41021,41021,35021,35021,41,OR,Gilliam County,45.382955,-120.276246,2016,Gilliam County
41023,41023,35023,35023,41,OR,Grant County,44.496326,-119.014057,7223,Grant County
41025,41025,35025,35025,41,OR,Harney County,43.064449,-118.987169,7491,Harney County
41027,41027,35027,35027,41,OR,Hood River County,45.511775,-121.655976,23943,Hood River County
41029,41029,35029,35029,41,OR,Jackson County,42.411621,-122.675611,223394,Jackson County
41031,41031,35031,35031,41,OR,Jefferson County,44.645151,-121.178632,24518,Jefferson County
41033,41033,35033,35033,41,OR,Josephine County,42.386983,-123.57162,88105,Josephine County
41035,41035,35035,35035,41,OR,Klamath County,42.683761,-121.646168,69504,Klamath County
41037,41037,35037,35037,41,OR,Lake County,42.788401,-120.38979,8149,Lake County
41039,41039,35039,35039,41,OR,Lane County,43.928334,-122.897581,382940,Lane County
41041,41041,35041,35041,41,OR,Lincoln County,44.641061,-123.911212,50472,Lincoln County
41043,41043,35043,35043,41,OR,Linn County,44.488898,-122.537208,128936,Linn County
41045,41045,35045,35045,41,OR,Malheur County,43.188625,-117.603191,31608,Malheur County
41047,41047,35047,35047,41,OR,Marion County,44.900898,-122.57626,346202,Marion County
41049,41049,35049,35049,41,OR,Morrow County,45.425496,-119.602311,12191,Morrow County
41051,41051,35051,35051,41,OR,Multnomah County,45.547711,-122.417363,815871,Multnomah County
41053,41053,35053,35053,41,OR,Polk County,44.900372,-123.39864,87863,Polk County
41055,41055,35055,35055,41,OR,Sherman County,45.399216,-120.678512,1872,Sherman County
41057,41057,35057,35057,41,OR,Tillamook County,45.45589,-123.759299,27471,Tillamook County
41059,41059,35059,35059,41,OR,Umatilla County,45.5912,-118.73388,80011,Umatilla County
41061,41061,35061,35061,41,OR,Union County,45.304081,-117.999149,26149,Union County
41063,41063,35063,35063,41,OR,Wallowa County,45.593753,-117.18558,7387,Wallowa County
41065,41065,35065,35065,41,OR,Wasco County,45.164536,-121.165069,26611,Wasco County
41067,41067,35067,35067,41,OR,Washington County,45.553542,-123.097615,600689,Washington County
41069,41069,35069,35069,41,OR,Wheeler County,44.736415,-120.026861,1457,Wheeler County
41071,41071,35071,35071,41,OR,Yamhill County,45.247827,-123.316399,107832,Yamhill County
42001,42001,36001,36001,42,PA,Adams County,39.869471,-77.21773,103795,Adams County
42003,42003,36003,36003,42,PA,Allegheny County,40.469757,-79.980451,1248717,Allegheny County
42005,42005,36005,36005,42,PA,Armstrong County,40.81238,-79.464129,65445,Armstrong County
42007,42007,36007,36007,42,PA,Beaver County,40.68414,-80.350721,167732,Beaver County
42009,42009,36009,36009,42,PA,Bedford County,39.998634,-78.494747,47523,Bedford County
42011,42011,36011,36011,42,PA,Berks County,40.413957,-75.92686,428694,Berks County
42013,42013,36013,36013,42,PA,Blair County,40.498683,-78.309597,122518,Blair County
42015,42015,36015,36015,42,PA,Bradford County,41.791504,-76.502123,59858,Bradford County
42017,42017,36017,36017,42,PA,Bucks County,40.336887,-75.10706,646008,Bucks County
42019,42019,36019,36019,42,PA,Butler County,40.913847,-79.918978,193851,Butler County
42021,42021,36021,36021,42,PA,Cambria County,40.510227,-78.710477,132957,Cambria County
42023,42023,36023,36023,42,PA,Cameron County,41.438291,-78.198323,4519,Cameron County
42025,42025,36025,36025,42,PA,Carbon County,40.918367,-75.705039,64751,Carbon County
42027,42027,36027,36027,42,PA,Centre County,40.909128,-77.847877,157929,Centre County
42029,42029,36029,36029,42,PA,Chester County,39.974029,-75.749751,534645,Chester County
42031,42031,36031,36031,42,PA,Clarion County,41.198159,-79.420369,37178,Clarion County
42033,42033,36033,36033,42,PA,Clearfield County,41.006862,-78.477724,80394,Clearfield County
42035,42035,36035,36035,42,PA,Clinton County,41.239508,-77.629009,37350,Clinton County
42037,42037,36037,36037,42,PA,Columbia County,41.045517,-76.40426,64667,Columbia County
42039,42039,36039,36039,42,PA,Crawford County,41.687876,-80.107795,83723,Crawford County
42041,42041,36041,36041,42,PA,Cumberland County,40.164805,-77.263442,259996,Cumberland County
42043,42043,36043,36043,42,PA,Dauphin County,40.412565,-76.792634,286544,Dauphin County
42045,42045,36045,36045,42,PA,Delaware County,39.916685,-75.398818,576388,Delaware County
42047,42047,36047,36047,42,PA,Elk County,41.427332,-78.653937,30927,Elk County
42049,42049,36049,36049,42,PA,Erie County,42.117952,-80.096386,270427,Erie County
42051,42051,36051,36051,42,PA,Fayette County,39.918907,-79.640119,128393,Fayette County
42053,42053,36053,36053,42,PA,Forest County,41.513304,-79.249705,6952,Forest County
42055,42055,36055,36055,42,PA,Franklin County,39.926772,-77.724521,155874,Franklin County
42057,42057,36057,36057,42,PA,Fulton County,39.91075,-78.122617,14549,Fulton County
42059,42059,36059,36059,42,PA,Greene County,39.847707,-80.225655,35813,Greene County
42061,42061,36061,36061,42,PA,Huntingdon County,40.422311,-77.968595,44030,Huntingdon County
42063,42063,36063,36063,42,PA,Indiana County,40.651432,-79.087545,83116,Indiana County
42065,42065,36065,36065,42,PA,Jefferson County,41.138028,-79.012419,44431,Jefferson County
42067,42067,36067,36067,42,PA,Juniata County,40.530673,-77.400438,23451,Juniata County
42069,42069,36069,36069,42,PA,Lackawanna County,41.440284,-75.609666,215516,Lackawanna County
42071,42071,36071,36071,42,PA,Lancaster County,40.041992,-76.250198,552597,Lancaster County
42073,42073,36073,36073,42,PA,Lawrence County,40.992735,-80.334446,85865,Lawrence County
42075,42075,36075,36075,42,PA,Lebanon County,40.371448,-76.464819,143242,Lebanon County
42077,42077,36077,36077,42,PA,Lehigh County,40.614241,-75.590627,374504,Lehigh County
42079,42079,36079,36079,42,PA,Luzerne County,41.173078,-75.976053,325057,Luzerne County
42081,42081,36081,36081,42,PA,Lycoming County,41.343882,-77.055262,113980,Lycoming County
42083,42083,36083,36083,42,PA,McKean County,41.81459,-78.572463,40306,McKean County
42085,42085,36085,36085,42,PA,Mercer County,41.300014,-80.252786,110333,Mercer County
42087,42087,36087,36087,42,PA,Mifflin County,40.601615,-77.651832,46073,Mifflin County
42089,42089,36089,36089,42,PA,Monroe County,41.05624,-75.329065,168248,Monroe County
42091,42091,36091,36091,42,PA,Montgomery County,40.209999,-75.370201,856947,Montgomery County
42093,42093,36093,36093,42,PA,Montour County,41.029284,-76.665225,18115,Montour County
42095,42095,36095,36095,42,PA,Northampton County,40.752791,-75.307447,312855,Northampton County
42097,42097,36097,36097,42,PA,Northumberland County,40.851524,-76.709877,91471,Northumberland County
42099,42099,36099,36099,42,PA,Perry County,40.39778,-77.266328,45821,Perry County
42101,42101,36101,36101,42,PA,Philadelphia County,40.009376,-75.133346,1601005,Philadelphia County
42103,42103,36103,36103,42,PA,Pike County,41.325949,-75.031514,58591,Pike County
42105,42105,36105,36105,42,PA,Potter County,41.748587,-77.894436,16356,Potter County
42107,42107,36107,36107,42,PA,Schuylkill County,40.703682,-76.217788,142777,Schuylkill County
42109,42109,36109,36109,42,PA,Snyder County,40.755407,-77.072929,39717,Snyder County
42111,42111,36111,36111,42,PA,Somerset County,39.981297,-79.028486,73917,Somerset County
42113,42113,36113,36113,42,PA,Sullivan County,41.439285,-76.511717,5838,Sullivan County
42115,42115,36115,36115,42,PA,Susquehanna County,41.819665,-75.800969,38354,Susquehanna County
42117,42117,36117,36117,42,PA,Tioga County,41.766859,-77.257288,40969,Tioga County
42119,42119,36119,36119,42,PA,Union County,40.962179,-77.055475,42625,Union County
42121,42121,36121,36121,42,PA,Venango County,41.400714,-79.765813,50275,Venango County
42123,42123,36123,36123,42,PA,Warren County,41.834298,-79.298182,38480,Warren County
42125,42125,36125,36125,42,PA,Washington County,40.200005,-80.252132,209157,Washington County
42127,42127,36127,36127,42,PA,Wayne County,41.646602,-75.292493,51101,Wayne County
42129,42129,36129,36129,42,PA,Westmoreland County,40.311068,-79.466688,353998,Westmoreland County
42131,42131,36131,36131,42,PA,Wyoming County,41.525173,-76.008731,26001,Wyoming County
42133,42133,36133,36133,42,PA,York County,39.921751,-76.728889,456389,York County
44001,44001,37001,37001,44,RI,Bristol County,41.70684,-71.286687,50750,Bristol County
44003,44003,37003,37003,44,RI,Kent County,41.675118,-71.580282,170323,Kent County
44005,44005,37005,37005,44,RI,Newport County,41.501045,-71.283063,85388,Newport County
44007,44007,37007,37007,44,RI,Providence County,41.869768,-71.578625,660015,Providence County
44009,44009,37009,37009,44,RI,Washington County,41.396792,-71.620282,129753,Washington County
45001,45001,38001,38001,45,SC,Abbeville County,34.229041,-82.454058,24212,Abbeville County
45003,45003,38003,38003,45,SC,Aiken County,33.550013,-81.632983,169032,Aiken County
45005,45005,38005,38005,45,SC,Allendale County,32.979757,-81.363265,7990,Allendale County
45007,45007,38007,38007,45,SC,Anderson County,34.521235,-82.638603,204032,Anderson County
45009,45009,38009,38009,45,SC,Bamberg County,33.203021,-81.053161,13251,Bamberg County
45011,45011,38011,38011,45,SC,Barnwell County,33.260552,-81.434228,20567,Barnwell County
45013,45013,38013,38013,45,SC,Beaufort County,32.358112,-80.689422,187691,Beaufort County
45015,45015,38015,38015,45,SC,Berkeley County,33.2077,-79.953655,231568,Berkeley County
45017,45017,38017,38017,45,SC,Calhoun County,33.67478,-80.780347,14125,Calhoun County
45019,45019,38019,38019,45,SC,Charleston County,32.800458,-79.94248,409418,Charleston County
45021,45021,38021,38021,45,SC,Cherokee County,35.049796,-81.607647,56179,Cherokee County
45023,45023,38023,38023,45,SC,Chester County,34.689342,-81.161249,32276,Chester County
45025,45025,38025,38025,45,SC,Chesterfield County,34.637018,-80.159227,43258,Chesterfield County
45027,45027,38027,38027,45,SC,Clarendon County,33.664682,-80.217889,31093,Clarendon County
45029,45029,38029,38029,45,SC,Colleton County,32.835018,-80.655244,38543,Colleton County
45031,45031,38031,38031,45,SC,Darlington County,34.332185,-79.962115,62833,Darlington County
45033,45033,38033,38033,45,SC,Dillon County,34.390172,-79.374964,28284,Dillon County
45035,45035,38035,38035,45,SC,Dorchester County,33.082186,-80.404697,161975,Dorchester County
45037,45037,38037,38037,45,SC,Edgefield County,33.776498,-81.968245,25675,Edgefield County
45039,45039,38039,38039,45,SC,Fairfield County,34.395669,-81.127001,20858,Fairfield County
45041,45041,38041,38041,45,SC,Florence County,34.028535,-79.710233,136805,Florence County
45043,45043,38043,38043,45,SC,Georgetown County,33.417531,-79.296333,63440,Georgetown County
45045,45045,38045,38045,45,SC,Greenville County,34.892645,-82.372077,526980,Greenville County
45047,45047,38047,38047,45,SC,Greenwood County,34.155796,-82.127876,69380,Greenwood County
45049,45049,38049,38049,45,SC,Hampton County,32.778334,-81.143822,18512,Hampton County
45051,45051,38051,38051,45,SC,Horry County,33.909269,-78.976675,353498,Horry County
45053,45053,38053,38053,45,SC,Jasper County,32.43059,-81.021627,29073,Jasper County
45055,45055,38055,38055,45,SC,Kershaw County,34.338356,-80.590885,65536,Kershaw County
45057,45057,38057,38057,45,SC,Lancaster County,34.686818,-80.703688,96652,Lancaster County
45059,45059,38059,38059,45,SC,Laurens County,34.483676,-82.005498,67551,Laurens County
45061,45061,38061,38061,45,SC,Lee County,34.15864,-80.251209,16458,Lee County
45063,45063,38063,38063,45,SC,Lexington County,33.899246,-81.266118,294891,Lexington County
45065,45065,38065,38065,45,SC,McCormick County,33.897599,-82.316196,9513,McCormick County
45067,45067,38067,38067,45,SC,Marion County,34.08362,-79.354001,29043,Marion County
45069,45069,38069,38069,45,SC,Marlboro County,34.60167,-79.679435,26537,Marlboro County
45071,45071,38071,38071,45,SC,Newberry County,34.289881,-81.599676,37715,Newberry County
45073,45073,38073,38073,45,SC,Oconee County,34.748766,-83.06154,78638,Oconee County
45075,45075,38075,38075,45,SC,Orangeburg County,33.436135,-80.802913,83958,Orangeburg County
45077,45077,38077,38077,45,SC,Pickens County,34.885368,-82.723377,131602,Pickens County
45079,45079,38079,38079,45,SC,Richland County,34.029095,-80.898037,416527,Richland County
45081,45081,38081,38081,45,SC,Saluda County,34.005278,-81.727903,18830,Saluda County
45083,45083,38083,38083,45,SC,Spartanburg County,34.932014,-81.991624,329364,Spartanburg County
45085,45085,38085,38085,45,SC,Sumter County,33.91614,-80.382376,105417,Sumter County
45087,45087,38087,38087,45,SC,Union County,34.690397,-81.615896,27148,Union County
45089,45089,38089,38089,45,SC,Williamsburg County,33.626462,-79.716474,30902,Williamsburg County
45091,45091,38091,38091,45,SC,York County,34.970188,-81.183187,283899,York County
46003,46003,39003,39003,46,SD,Aurora County,43.724719,-98.577587,2733,Aurora County
46005,46005,39005,39005,46,SD,Beadle County,44.418265,-98.279422,19146,Beadle County
46007,46007,39007,39007,46,SD,Bennett County,43.186912,-101.677181,3386,Bennett County
46009,46009,39009,39009,46,SD,Bon Homme County,42.985799,-97.884199,6979,Bon Homme County
46011,46011,39011,39011,46,SD,Brookings County,44.376675,-96.797797,34339,Brookings County
46013,46013,39013,39013,46,SD,Brown County,45.589254,-98.352175,38210,Brown County
46015,46015,39015,39015,46,SD,Brule County,43.729873,-99.092909,5263,Brule County
46017,46017,39017,39017,46,SD,Buffalo County,44.044306,-99.203998,1944,Buffalo County
46019,46019,39019,39019,46,SD,Butte County,44.896226,-103.501436,10249,Butte County
46021,46021,39021,39021,46,SD,Campbell County,45.785575,-100.002107,1374,Campbell County
46023,46023,39023,39023,46,SD,Charles Mix County,43.206185,-98.595143,9351,Charles Mix County
46025,46025,39025,39025,46,SD,Clark County,44.855211,-97.724912,3850,Clark County
46027,46027,39027,39027,46,SD,Clay County,42.91615,-96.980468,14998,Clay County
46029,46029,39029,39029,46,SD,Codington County,44.966285,-97.198837,28309,Codington County
46031,46031,39031,39031,46,SD,Corson County,45.685671,-101.179665,3893,Corson County
46033,46033,39033,39033,46,SD,Custer County,43.684943,-103.46225,8328,Custer County
46035,46035,39035,39035,46,SD,Davison County,43.680439,-98.155868,19936,Davison County
46037,46037,39037,39037,46,SD,Day County,45.355161,-97.58143,5425,Day County
46039,46039,39039,39039,46,SD,Deuel County,44.75629,-96.690239,4299,Deuel County
46041,46041,39041,39041,46,SD,Dewey County,45.148049,-100.837953,5226,Dewey County
46043,46043,39043,39043,46,SD,Douglas County,43.391506,-98.358433,2824,Douglas County
46045,46045,39045,39045,46,SD,Edmunds County,45.41168,-99.205362,3977,Edmunds County
46047,46047,39047,39047,46,SD,Fall River County,43.221619,-103.512609,6964,Fall River County
46049,46049,39049,39049,46,SD,Faulk County,45.065476,-99.153564,2128,Faulk County
46051,46051,39051,39051,46,SD,Grant County,45.172637,-96.772261,7532,Grant County
46053,46053,39053,39053,46,SD,Gregory County,43.175142,-99.206591,3994,Gregory County
46055,46055,39055,39055,46,SD,Haakon County,44.288097,-101.540856,1869,Haakon County
46057,46057,39057,39057,46,SD,Hamlin County,44.680619,-97.178598,6167,Hamlin County
46059,46059,39059,39059,46,SD,Hand County,44.546713,-99.004575,3130,Hand County
46061,46061,39061,39061,46,SD,Hanson County,43.680612,-97.796845,3461,Hanson County
46063,46063,39063,39063,46,SD,Harding County,45.596611,-103.473871,1317,Harding County
46065,46065,39065,39065,46,SD,Hughes County,44.384452,-99.975684,17704,Hughes County
46067,46067,39067,39067,46,SD,Hutchinson County,43.33671,-97.749383,7411,Hutchinson County
46069,46069,39069,39069,46,SD,Hyde County,44.537174,-99.472736,1258,Hyde County
46071,46071,39071,39071,46,SD,Jackson County,43.677506,-101.626323,2810,Jackson County
46073,46073,39073,39073,46,SD,Jerauld County,44.06341,-98.62317,1657,Jerauld County
46075,46075,39075,39075,46,SD,Jones County,43.951991,-100.686138,925,Jones County
46077,46077,39077,39077,46,SD,Kingsbury County,44.362969,-97.499313,5211,Kingsbury County
46079,46079,39079,39079,46,SD,Lake County,44.02845,-97.123223,11010,Lake County
46081,46081,39081,39081,46,SD,Lawrence County,44.348514,-103.806362,25812,Lawrence County
46083,46083,39083,39083,46,SD,Lincoln County,43.27942,-96.722286,65613,Lincoln County
46085,46085,39085,39085,46,SD,Lyman County,43.894812,-99.841925,3714,Lyman County
46087,46087,39087,39087,46,SD,McCook County,43.680416,-97.358048,5661,McCook County
46089,46089,39089,39089,46,SD,McPherson County,45.784249,-99.211421,2397,McPherson County
46091,46091,39091,39091,46,SD,Marshall County,45.737044,-97.58087,4300,Marshall County
46093,46093,39093,39093,46,SD,Meade County,44.605282,-102.714169,29853,Meade County
46095,46095,39095,39095,46,SD,Mellette County,43.58469,-100.760955,1916,Mellette County
46097,46097,39097,39097,46,SD,Miner County,44.021541,-97.608122,2294,Miner County
46099,46099,39099,39099,46,SD,Minnehaha County,43.667472,-96.795726,197511,Minnehaha County
46101,46101,39101,39101,46,SD,Moody County,44.012429,-96.676054,6324,Moody County
46102,46102,39102,39102,46,SD,Oglala Lakota County,43.333393,-102.561486,13672,Oglala Lakota County
46103,46103,39103,39103,46,SD,Pennington County,44.002349,-102.823801,109475,Pennington County
46105,46105,39105,39105,46,SD,Perkins County,45.483387,-102.467995,2824,Perkins County
46107,46107,39107,39107,46,SD,Potter County,45.052713,-99.962003,2471,Potter County
46109,46109,39109,39109,46,SD,Roberts County,45.623397,-96.947551,10257,Roberts County
46111,46111,39111,39111,46,SD,Sanborn County,44.018942,-98.091709,2318,Sanborn County
46115,46115,39115,39115,46,SD,Spink County,44.923772,-98.339615,6338,Spink County
46117,46117,39117,39117,46,SD,Stanley County,44.413984,-100.747822,2976,Stanley County
46119,46119,39119,39119,46,SD,Sully County,44.722325,-100.131399,1446,Sully County
46121,46121,39121,39121,46,SD,Todd County,43.208794,-100.707664,9319,Todd County
46123,46123,39123,39123,46,SD,Tripp County,43.349729,-99.876219,5601,Tripp County
46125,46125,39125,39125,46,SD,Turner County,43.30867,-97.150185,8673,Turner County
46127,46127,39127,39127,46,SD,Union County,42.831106,-96.650829,16832,Union County
46129,46129,39129,39129,46,SD,Walworth County,45.427605,-100.027856,5289,Walworth County
46135,46135,39135,39135,46,SD,Yankton County,43.006603,-97.388361,23238,Yankton County
46137,46137,39137,39137,46,SD,Ziebach County,44.989764,-101.660827,2388,Ziebach County
47001,47001,40001,40001,47,TN,Anderson County,36.116731,-84.195418,77209,Anderson County
47003,47003,40003,40003,47,TN,Bedford County,35.51366,-86.458294,50302,Bedford County
47005,47005,40005,40005,47,TN,Benton County,36.070948,-88.071232,15812,Benton County
47007,47007,40007,40007,47,TN,Bledsoe County,35.593561,-85.20591,14930,Bledsoe County
47009,47009,40009,40009,47,TN,Blount County,35.688185,-83.922973,135566,Blount County
47011,47011,40011,40011,47,TN,Bradley County,35.153914,-84.859414,108741,Bradley County
47013,47013,40013,40013,47,TN,Campbell County,36.401592,-84.159249,39277,Campbell County
47015,47015,40015,40015,47,TN,Cannon County,35.808394,-86.062404,14547,Cannon County
47017,47017,40017,40017,47,TN,Carroll County,35.965748,-88.452379,28415,Carroll County
47019,47019,40019,40019,47,TN,Carter County,36.284744,-82.126593,56315,Carter County
47021,47021,40021,40021,47,TN,Cheatham County,36.255169,-87.100808,41087,Cheatham County
47023,47023,40023,40023,47,TN,Chester County,35.420253,-88.611353,17347,Chester County
47025,47025,40025,40025,47,TN,Claiborne County,36.501572,-83.660698,32038,Claiborne County
47027,47027,40027,40027,47,TN,Clay County,36.545749,-85.545717,7554,Clay County
47029,47029,40029,40029,47,TN,Cocke County,35.916198,-83.119224,36022,Cocke County
47031,47031,40031,40031,47,TN,Coffee County,35.488765,-86.078202,58102,Coffee County
47033,47033,40033,40033,47,TN,Crockett County,35.818795,-89.132494,13884,Crockett County
47035,47035,40035,40035,47,TN,Cumberland County,35.952398,-84.994761,61272,Cumberland County
47037,47037,40037,40037,47,TN,Davidson County,36.169129,-86.78479,715486,Davidson County
47039,47039,40039,40039,47,TN,Decatur County,35.603136,-88.110292,11402,Decatur County
47041,47041,40041,40041,47,TN,DeKalb County,35.982219,-85.833596,20171,DeKalb County
47043,47043,40043,40043,47,TN,Dickson County,36.145533,-87.364155,54432,Dickson County
47045,47045,40045,40045,47,TN,Dyer County,36.054196,-89.398306,36646,Dyer County
47047,47047,40047,40047,47,TN,Fayette County,35.196993,-89.413803,42139,Fayette County
47049,47049,40049,40049,47,TN,Fentress County,36.369892,-84.937764,18522,Fentress County
47051,47051,40051,40051,47,TN,Franklin County,35.155926,-86.099203,42781,Franklin County
47053,47053,40053,40053,47,TN,Gibson County,35.991632,-88.933812,50375,Gibson County
47055,47055,40055,40055,47,TN,Giles County,35.202723,-87.035319,30295,Giles County
47057,47057,40057,40057,47,TN,Grainger County,36.277509,-83.509546,23525,Grainger County
47059,47059,40059,40059,47,TN,Greene County,36.179487,-82.847523,70220,Greene County
47061,47061,40061,40061,47,TN,Grundy County,35.393386,-85.710379,13531,Grundy County
47063,47063,40063,40063,47,TN,Hamblen County,36.218397,-83.266071,64435,Hamblen County
47065,47065,40065,40065,47,TN,Hamilton County,35.163472,-85.201843,366991,Hamilton County
47067,47067,40067,40067,47,TN,Hancock County,36.521353,-83.227493,6622,Hancock County
47069,47069,40069,40069,47,TN,Hardeman County,35.218785,-88.988697,25410,Hardeman County
47071,47071,40071,40071,47,TN,Hardin County,35.201893,-88.185696,26800,Hardin County
47073,47073,40073,40073,47,TN,Hawkins County,36.452089,-82.931485,56669,Hawkins County
47075,47075,40075,40075,47,TN,Haywood County,35.586678,-89.282691,17795,Haywood County
47077,47077,40077,40077,47,TN,Henderson County,35.653994,-88.387674,27818,Henderson County
47079,47079,40079,40079,47,TN,Henry County,36.325295,-88.300288,32115,Henry County
47081,47081,40081,40081,47,TN,Hickman County,35.802327,-87.467116,24942,Hickman County
47083,47083,40083,40083,47,TN,Houston County,36.285782,-87.705598,8285,Houston County
47085,47085,40085,40085,47,TN,Humphreys County,36.040822,-87.790453,18974,Humphreys County
47087,47087,40087,40087,47,TN,Jackson County,36.35425,-85.674128,11617,Jackson County
47089,47089,40089,40089,47,TN,Jefferson County,36.048338,-83.441143,54870,Jefferson County
47091,47091,40091,40091,47,TN,Johnson County,36.453203,-81.861247,17966,Johnson County
47093,47093,40093,40093,47,TN,Knox County,35.992726,-83.937721,480126,Knox County
47095,47095,40095,40095,47,TN,Lake County,36.333905,-89.485536,6980,Lake County
47097,47097,40097,40097,47,TN,Lauderdale County,35.762951,-89.627732,25100,Lauderdale County
47099,47099,40099,40099,47,TN,Lawrence County,35.220476,-87.396546,44189,Lawrence County
47101,47101,40101,40101,47,TN,Lewis County,35.523244,-87.496983,12602,Lewis County
47103,47103,40103,40103,47,TN,Lincoln County,35.142784,-86.593403,35309,Lincoln County
47105,47105,40105,40105,47,TN,Loudon County,35.735085,-84.314085,55097,Loudon County
47107,47107,40107,40107,47,TN,McMinn County,35.424472,-84.619949,53315,McMinn County
47109,47109,40109,40109,47,TN,McNairy County,35.175375,-88.56374,25839,McNairy County
47111,47111,40111,40111,47,TN,Macon County,36.537757,-86.00096,25243,Macon County
47113,47113,40113,40113,47,TN,Madison County,35.606056,-88.833424,98777,Madison County
47115,47115,40115,40115,47,TN,Marion County,35.133422,-85.618399,28834,Marion County
47117,47117,40117,40117,47,TN,Marshall County,35.468343,-86.765865,34441,Marshall County
47119,47119,40119,40119,47,TN,Maury County,35.615696,-87.077763,101700,Maury County
47121,47121,40121,40121,47,TN,Meigs County,35.512203,-84.816102,12785,Meigs County
47123,47123,40123,40123,47,TN,Monroe County,35.447818,-84.249705,46384,Monroe County
47125,47125,40125,40125,47,TN,Montgomery County,36.500354,-87.380887,221160,Montgomery County
47127,47127,40127,40127,47,TN,Moore County,35.288888,-86.358684,6457,Moore County
47129,47129,40129,40129,47,TN,Morgan County,36.138697,-84.639262,21020,Morgan County
47131,47131,40131,40131,47,TN,Obion County,36.361892,-89.148078,30716,Obion County
47133,47133,40133,40133,47,TN,Overton County,36.34485,-85.283076,22588,Overton County
47135,47135,40135,40135,47,TN,Perry County,35.663752,-87.869326,8360,Perry County
47137,47137,40137,40137,47,TN,Pickett County,36.559364,-85.075741,4995,Pickett County
47139,47139,40139,40139,47,TN,Polk County,35.109437,-84.541112,17569,Polk County
47141,47141,40141,40141,47,TN,Putnam County,36.14094,-85.49618,79982,Putnam County
47143,47143,40143,40143,47,TN,Rhea County,35.60059,-84.949548,32903,Rhea County
47145,47145,40145,40145,47,TN,Roane County,35.84725,-84.523929,53513,Roane County
47147,47147,40147,40147,47,TN,Robertson County,36.527509,-86.869354,72860,Robertson County
47149,47149,40149,40149,47,TN,Rutherford County,35.843369,-86.417213,343128,Rutherford County
47151,47151,40151,40151,47,TN,Scott County,36.435234,-84.50352,21842,Scott County
47153,47153,40153,40153,47,TN,Sequatchie County,35.372336,-85.410082,15863,Sequatchie County
47155,47155,40155,40155,47,TN,Sevier County,35.787822,-83.5249,98497,Sevier County
47157,47157,40157,40157,47,TN,Shelby County,35.184553,-89.894612,928644,Shelby County
47159,47159,40159,40159,47,TN,Smith County,36.256645,-85.941915,19939,Smith County
47161,47161,40161,40161,47,TN,Stewart County,36.458464,-87.811889,13683,Stewart County
47163,47163,40163,40163,47,TN,Sullivan County,36.509681,-82.301336,158092,Sullivan County
47165,47165,40165,40165,47,TN,Sumner County,36.472423,-86.458405,197272,Sumner County
47167,47167,40167,40167,47,TN,Tipton County,35.498763,-89.747145,60961,Tipton County
47169,47169,40169,40169,47,TN,Trousdale County,36.39303,-86.156691,11661,Trousdale County
47171,47171,40171,40171,47,TN,Unicoi County,36.100129,-82.418218,17867,Unicoi County
47173,47173,40173,40173,47,TN,Union County,36.28414,-83.836088,19820,Union County
47175,47175,40175,40175,47,TN,Van Buren County,35.699234,-85.458409,6171,Van Buren County
47177,47177,40177,40177,47,TN,Warren County,35.67825,-85.777343,41023,Warren County
47179,47179,40179,40179,47,TN,Washington County,36.295665,-82.495037,133080,Washington County
47181,47181,40181,40181,47,TN,Wayne County,35.242847,-87.819843,16202,Wayne County
47183,47183,40183,40183,47,TN,Weakley County,36.303596,-88.721194,32864,Weakley County
47185,47185,40185,40185,47,TN,White County,35.927049,-85.455785,27424,White County
47187,47187,40187,40187,47,TN,Williamson County,35.894807,-86.898068,249424,Williamson County
47189,47189,40189,40189,47,TN,Wilson County,36.149527,-86.291242,148564,Wilson County
48001,48001,41001,41001,48,TX,Anderson County,31.841261,-95.661727,57881,Anderson County
48003,48003,41003,41003,48,TX,Andrews County,32.312258,-102.640206,18612,Andrews County
48005,48005,41005,41005,48,TX,Angelina County,31.251896,-94.611134,86345,Angelina County
48007,48007,41007,41007,48,TX,Aransas County,28.122621,-96.967501,23916,Aransas County
48009,48009,41009,41009,48,TX,Archer County,33.616305,-98.687267,8557,Archer County
48011,48011,41011,41011,48,TX,Armstrong County,34.964179,-101.356636,1847,Armstrong County
48013,48013,41013,41013,48,TX,Atascosa County,28.891478,-98.535381,49089,Atascosa County
48015,48015,41015,41015,48,TX,Austin County,29.891901,-96.27017,30109,Austin County
48017,48017,41017,41017,48,TX,Bailey County,34.067521,-102.830345,6859,Bailey County
48019,48019,41019,41019,48,TX,Bandera County,29.756389,-99.248285,20987,Bandera County
48021,48021,41021,41021,48,TX,Bastrop County,30.100772,-97.310639,97983,Bastrop County
48023,48023,41023,41023,48,TX,Baylor County,33.618802,-99.208189,3464,Baylor County
48025,48025,41025,41025,48,TX,Bee County,28.416077,-97.742586,30990,Bee County
48027,48027,41027,41027,48,TX,Bell County,31.04275,-97.481268,371981,Bell County
48029,48029,41029,41029,48,TX,Bexar County,29.448671,-98.520147,2014052,Bexar County
48031,48031,41031,41031,48,TX,Blanco County,30.266456,-98.399217,11454,Blanco County
48033,48033,41033,41033,48,TX,Borden County,32.73859,-101.439199,641,Borden County
48035,48035,41035,41035,48,TX,Bosque County,31.900819,-97.637641,18239,Bosque County
48037,48037,41037,41037,48,TX,Bowie County,33.446065,-94.422393,92792,Bowie County
48039,48039,41039,41039,48,TX,Brazoria County,29.167817,-95.434647,373368,Brazoria County
48041,48041,41041,41041,48,TX,Brazos County,30.656713,-96.302394,234480,Brazos County
48043,48043,41043,41043,48,TX,Brewster County,29.808997,-103.252458,9566,Brewster County
48045,48045,41045,41045,48,TX,Briscoe County,34.525172,-101.205893,1421,Briscoe County
48047,48047,41047,41047,48,TX,Brooks County,27.034994,-98.215276,7030,Brooks County
48049,48049,41049,41049,48,TX,Brown County,31.764137,-98.998456,38002,Brown County
48051,48051,41051,41051,48,TX,Burleson County,30.493487,-96.622091,17644,Burleson County
48053,48053,41053,41053,48,TX,Burnet County,30.78963,-98.201187,49427,Burnet County
48055,48055,41055,41055,48,TX,Caldwell County,29.832399,-97.628141,45967,Caldwell County
48057,48057,41057,41057,48,TX,Calhoun County,28.441719,-96.579574,20047,Calhoun County
48059,48059,41059,41059,48,TX,Callahan County,32.29315,-99.372249,13750,Callahan County
48061,48061,41061,41061,48,TX,Cameron County,26.102923,-97.478958,421191,Cameron County
48063,48063,41063,41063,48,TX,Camp County,32.974581,-94.979085,12450,Camp County
48065,48065,41065,41065,48,TX,Carson County,35.405496,-101.355356,5808,Carson County
48067,48067,41067,41067,48,TX,Cass County,33.083698,-94.357579,28399,Cass County
48069,48069,41069,41069,48,TX,Castro County,34.533621,-102.258786,7337,Castro County
48071,48071,41071,41071,48,TX,Chambers County,29.696374,-94.669445,47051,Chambers County
48073,48073,41073,41073,48,TX,Cherokee County,31.843881,-95.156343,50477,Cherokee County
48075,48075,41075,41075,48,TX,Childress County,34.524624,-100.208166,6648,Childress County
48077,48077,41077,41077,48,TX,Clay County,33.785904,-98.212917,10245,Clay County
48079,48079,41079,41079,48,TX,Cochran County,33.60844,-102.830449,2559,Cochran County
48081,48081,41081,41081,48,TX,Coke County,31.87711,-100.635231,3288,Coke County
48083,48083,41083,41083,48,TX,Coleman County,31.914205,-99.346622,7671,Coleman County
48085,48085,41085,41085,48,TX,Collin County,33.194494,-96.579428,1073149,Collin County
48087,48087,41087,41087,48,TX,Collingsworth County,34.963358,-100.272135,2635,Collingsworth County
48089,48089,41089,41089,48,TX,Colorado County,29.596296,-96.508935,20566,Colorado County
48091,48091,41091,41091,48,TX,Comal County,29.812377,-98.258129,163573,Comal County
48093,48093,41093,41093,48,TX,Comanche County,31.951645,-98.549617,13600,Comanche County
48095,48095,41095,41095,48,TX,Concho County,31.318883,-99.863649,3319,Concho County
48097,48097,41097,41097,48,TX,Cooke County,33.639196,-97.210343,41697,Cooke County
48099,48099,41099,41099,48,TX,Coryell County,31.391177,-97.798022,83096,Coryell County
48101,48101,41101,41101,48,TX,Cottle County,34.091906,-100.276442,1374,Cottle County
48103,48103,41103,41103,48,TX,Crane County,31.422796,-102.487774,4668,Crane County
48105,48105,41105,41105,48,TX,Crockett County,30.717532,-101.404211,3111,Crockett County
48107,48107,41107,41107,48,TX,Crosby County,33.609144,-101.29871,5098,Crosby County
48109,48109,41109,41109,48,TX,Culberson County,31.445908,-104.526945,2193,Culberson County
48111,48111,41111,41111,48,TX,Dallam County,36.28637,-102.59402,7116,Dallam County
48113,48113,41113,41113,48,TX,Dallas County,32.766987,-96.778424,2610957,Dallas County
48115,48115,41115,41115,48,TX,Dawson County,32.742528,-101.948771,12439,Dawson County
48117,48117,41117,41117,48,TX,Deaf Smith County,34.940766,-102.607564,18503,Deaf Smith County
48119,48119,41119,41119,48,TX,Delta County,33.385933,-95.67335,5233,Delta County
48121,48121,41121,41121,48,TX,Denton County,33.205132,-97.12114,913900,Denton County
48123,48123,41123,41123,48,TX,DeWitt County,29.082346,-97.361654,19809,DeWitt County
48125,48125,41125,41125,48,TX,Dickens County,33.615363,-100.787617,1760,Dickens County
48127,48127,41127,41127,48,TX,Dimmit County,28.423587,-99.765871,8563,Dimmit County
48129,48129,41129,41129,48,TX,Donley County,34.955036,-100.815846,3269,Donley County
48131,48131,41131,41131,48,TX,Duval County,27.681123,-98.497393,9808,Duval County
48133,48133,41133,41133,48,TX,Eastland County,32.324645,-98.83656,17754,Eastland County
48135,48135,41135,41135,48,TX,Ector County,31.865301,-102.542507,165467,Ector County
48137,48137,41137,41137,48,TX,Edwards County,29.985933,-100.3074,1414,Edwards County
48139,48139,41139,41139,48,TX,Ellis County,32.346878,-96.79694,194272,Ellis County
48141,48141,41141,41141,48,TX,El Paso County,31.76648,-106.241423,866093,El Paso County
48143,48143,41143,41143,48,TX,Erath County,32.236661,-98.220507,42715,Erath County
48145,48145,41145,41145,48,TX,Falls County,31.25193,-96.934127,16961,Falls County
48147,48147,41147,41147,48,TX,Fannin County,33.591161,-96.104988,35732,Fannin County
48149,48149,41149,41149,48,TX,Fayette County,29.877886,-96.921231,24452,Fayette County
48151,48151,41151,41151,48,TX,Fisher County,32.740473,-100.40312,3677,Fisher County
48153,48153,41153,41153,48,TX,Floyd County,34.07373,-101.303274,5378,Floyd County
48155,48155,41155,41155,48,TX,Foard County,33.963306,-99.816828,1086,Foard County
48157,48157,41157,41157,48,TX,Fort Bend County,29.526602,-95.771015,828632,Fort Bend County
48159,48159,41159,41159,48,TX,Franklin County,33.175846,-95.219066,10366,Franklin County
48161,48161,41161,41161,48,TX,Freestone County,31.701749,-96.144957,19445,Freestone County
48163,48163,41163,41163,48,TX,Frio County,28.869383,-99.109005,18366,Frio County
48165,48165,41165,41165,48,TX,Gaines County,32.743942,-102.631561,21701,Gaines County
48167,48167,41167,41167,48,TX,Galveston County,29.233453,-94.888456,351458,Galveston County
48169,48169,41169,41169,48,TX,Garza County,33.183792,-101.301134,5794,Garza County
48171,48171,41171,41171,48,TX,Gillespie County,30.325093,-98.94185,26732,Gillespie County
48173,48173,41173,41173,48,TX,Glasscock County,31.868006,-101.521494,1114,Glasscock County
48175,48175,41175,41175,48,TX,Goliad County,28.6607,-97.430415,7005,Goliad County
48177,48177,41177,41177,48,TX,Gonzales County,29.461912,-97.49192,19653,Gonzales County
48179,48179,41179,41179,48,TX,Gray County,35.402542,-100.812374,21179,Gray County
48181,48181,41181,41181,48,TX,Grayson County,33.624524,-96.675693,136014,Grayson County
48183,48183,41183,41183,48,TX,Gregg County,32.486401,-94.816277,124175,Gregg County
48185,48185,41185,41185,48,TX,Grimes County,30.543231,-95.988082,29414,Grimes County
48187,48187,41187,41187,48,TX,Guadalupe County,29.582671,-97.948995,173541,Guadalupe County
48189,48189,41189,41189,48,TX,Hale County,34.068436,-101.822888,32439,Hale County
48191,48191,41191,41191,48,TX,Hall County,34.453189,-100.576343,2801,Hall County
48193,48193,41193,41193,48,TX,Hamilton County,31.707342,-98.111756,8230,Hamilton County
48195,48195,41195,41195,48,TX,Hansford County,36.272847,-101.35693,5255,Hansford County
48197,48197,41197,41197,48,TX,Hardeman County,34.289904,-99.745697,3559,Hardeman County
48199,48199,41199,41199,48,TX,Hardin County,30.329648,-94.393178,56277,Hardin County
48201,48201,41201,41201,48,TX,Harris County,29.857273,-95.393037,4732491,Harris County
48203,48203,41203,41203,48,TX,Harrison County,32.547991,-94.374434,68778,Harrison County
48205,48205,41205,41205,48,TX,Hartley County,35.840244,-102.610047,5362,Hartley County
48207,48207,41207,41207,48,TX,Haskell County,33.175964,-99.730774,5424,Haskell County
48209,48209,41209,41209,48,TX,Hays County,30.061225,-98.029267,243809,Hays County
48211,48211,41211,41211,48,TX,Hemphill County,35.815956,-100.27921,3368,Hemphill County
48213,48213,41213,41213,48,TX,Henderson County,32.211633,-95.853418,82348,Henderson County
48215,48215,41215,41215,48,TX,Hidalgo County,26.396384,-98.18099,872204,Hidalgo County
48217,48217,41217,41217,48,TX,Hill County,31.982681,-97.130668,35965,Hill County
48219,48219,41219,41219,48,TX,Hockley County,33.605932,-102.343398,21490,Hockley County
48221,48221,41221,41221,48,TX,Hood County,32.430149,-97.831677,61953,Hood County
48223,48223,41223,41223,48,TX,Hopkins County,33.148967,-95.565434,36795,Hopkins County
48225,48225,41225,41225,48,TX,Houston County,31.323036,-95.4216,22068,Houston County
48227,48227,41227,41227,48,TX,Howard County,32.30343,-101.438721,34797,Howard County
48229,48229,41229,41229,48,TX,Hudspeth County,31.450868,-105.377549,3196,Hudspeth County
48231,48231,41231,41231,48,TX,Hunt County,33.123308,-96.08423,100231,Hunt County
48233,48233,41233,41233,48,TX,Hutchinson County,35.837047,-101.362746,20539,Hutchinson County
48235,48235,41235,41235,48,TX,Irion County,31.303424,-100.981304,1522,Irion County
48237,48237,41237,41237,48,TX,Jack County,33.23216,-98.171177,8492,Jack County
48239,48239,41239,41239,48,TX,Jackson County,28.959802,-96.58908,15000,Jackson County
48241,48241,41241,41241,48,TX,Jasper County,30.752932,-94.022294,32900,Jasper County
48243,48243,41243,41243,48,TX,Jeff Davis County,30.625357,-104.191873,1978,Jeff Davis County
48245,48245,41245,41245,48,TX,Jefferson County,29.854,-94.149331,255979,Jefferson County
48247,48247,41247,41247,48,TX,Jim Hogg County,27.053231,-98.747572,4839,Jim Hogg County
48249,48249,41249,41249,48,TX,Jim Wells County,27.733516,-98.090814,38813,Jim Wells County
48251,48251,41251,41251,48,TX,Johnson County,32.379821,-97.364959,180733,Johnson County
48253,48253,41253,41253,48,TX,Jones County,32.743709,-99.87443,19676,Jones County
48255,48255,41255,41255,48,TX,Karnes County,28.908996,-97.852205,14721,Karnes County
48257,48257,41257,41257,48,TX,Kaufman County,32.598944,-96.288377,146986,Kaufman County
48259,48259,41259,41259,48,TX,Kendall County,29.943525,-98.709269,44527,Kendall County
48261,48261,41261,41261,48,TX,Kenedy County,26.890213,-97.591143,346,Kenedy County
48263,48263,41263,41263,48,TX,Kent County,33.18478,-100.76972,759,Kent County
48265,48265,41265,41265,48,TX,Kerr County,30.059953,-99.353339,52676,Kerr County
48267,48267,41267,41267,48,TX,Kimble County,30.479472,-99.746396,4289,Kimble County
48269,48269,41269,41269,48,TX,King County,33.614268,-100.245345,270,King County
48271,48271,41271,41271,48,TX,Kinney County,29.347086,-100.4177,3127,Kinney County
48273,48273,41273,41273,48,TX,Kleberg County,27.438735,-97.66062,30958,Kleberg County
48275,48275,41275,41275,48,TX,Knox County,33.61189,-99.730356,3361,Knox County
48277,48277,41277,41277,48,TX,Lamar County,33.667263,-95.570348,50077,Lamar County
48279,48279,41279,41279,48,TX,Lamb County,34.068861,-102.348018,12984,Lamb County
48281,48281,41281,41281,48,TX,Lampasas County,31.196731,-98.240889,21707,Lampasas County
48283,48283,41283,41283,48,TX,La Salle County,28.351098,-99.096774,6642,La Salle County
48285,48285,41285,41285,48,TX,Lavaca County,29.382578,-96.923633,20338,Lavaca County
48287,48287,41287,41287,48,TX,Lee County,30.321498,-96.976823,17499,Lee County
48289,48289,41289,41289,48,TX,Leon County,31.300493,-95.995622,15727,Leon County
48291,48291,41291,41291,48,TX,Liberty County,30.158508,-94.844061,92351,Liberty County
48293,48293,41293,41293,48,TX,Limestone County,31.547543,-96.593623,22103,Limestone County
48295,48295,41295,41295,48,TX,Lipscomb County,36.2802,-100.272683,3042,Lipscomb County
48297,48297,41297,41297,48,TX,Live Oak County,28.351535,-98.126961,11343,Live Oak County
48299,48299,41299,41299,48,TX,Llano County,30.707584,-98.68469,21249,Llano County
48301,48301,41301,41301,48,TX,Loving County,31.844936,-103.561229,67,Loving County
48303,48303,41303,41303,48,TX,Lubbock County,33.611469,-101.819944,311419,Lubbock County
48305,48305,41305,41305,48,TX,Lynn County,33.178412,-101.818493,5606,Lynn County
48307,48307,41307,41307,48,TX,McCulloch County,31.205477,-99.359856,7567,McCulloch County
48309,48309,41309,41309,48,TX,McLennan County,31.549596,-97.201511,261023,McLennan County
48311,48311,41311,41311,48,TX,McMullen County,28.384922,-98.578853,599,McMullen County
48313,48313,41313,41313,48,TX,Madison County,30.966878,-95.930372,13445,Madison County
48315,48315,41315,41315,48,TX,Marion County,32.798182,-94.356853,9752,Marion County
48317,48317,41317,41317,48,TX,Martin County,32.30983,-101.961836,5250,Martin County
48319,48319,41319,41319,48,TX,Mason County,30.703916,-99.237302,3964,Mason County
48321,48321,41321,41321,48,TX,Matagorda County,28.77476,-96.001532,36269,Matagorda County
48323,48323,41323,41323,48,TX,Maverick County,28.729787,-100.316678,57844,Maverick County
48325,48325,41325,41325,48,TX,Medina County,29.353661,-99.111085,50920,Medina County
48327,48327,41327,41327,48,TX,Menard County,30.885268,-99.858861,1971,Menard County
48329,48329,41329,41329,48,TX,Midland County,31.814269,-102.002454,170221,Midland County
48331,48331,41331,41331,48,TX,Milam County,30.791242,-96.984395,24724,Milam County
48333,48333,41333,41333,48,TX,Mills County,31.494888,-98.594623,4439,Mills County
48335,48335,41335,41335,48,TX,Mitchell County,32.304117,-100.924392,8985,Mitchell County
48337,48337,41337,41337,48,TX,Montague County,33.678356,-97.725014,19969,Montague County
48339,48339,41339,41339,48,TX,Montgomery County,30.298801,-95.50295,624938,Montgomery County
48341,48341,41341,41341,48,TX,Moore County,35.835676,-101.890502,21273,Moore County
48343,48343,41343,41343,48,TX,Morris County,33.116466,-94.731265,11963,Morris County
48345,48345,41345,41345,48,TX,Motley County,34.057899,-100.793152,1052,Motley County
48347,48347,41347,41347,48,TX,Nacogdoches County,31.62056,-94.62025,64624,Nacogdoches County
48349,48349,41349,41349,48,TX,Navarro County,32.048448,-96.476909,52784,Navarro County
48351,48351,41351,41351,48,TX,Newton County,30.786718,-93.73925,12163,Newton County
48353,48353,41353,41353,48,TX,Nolan County,32.312338,-100.418108,14721,Nolan County
48355,48355,41355,41355,48,TX,Nueces County,27.740032,-97.516214,353090,Nueces County
48357,48357,41357,41357,48,TX,Ochiltree County,36.278744,-100.815864,9960,Ochiltree County
48359,48359,41359,41359,48,TX,Oldham County,35.401921,-102.59762,1761,Oldham County
48361,48361,41361,41361,48,TX,Orange County,30.122323,-93.8941,84702,Orange County
48363,48363,41363,41363,48,TX,Palo Pinto County,32.752204,-98.317967,28427,Palo Pinto County
48365,48365,41365,41365,48,TX,Panola County,32.163978,-94.305156,22513,Panola County
48367,48367,41367,41367,48,TX,Parker County,32.777096,-97.805905,149432,Parker County
48369,48369,41369,41369,48,TX,Parmer County,34.532163,-102.784853,9851,Parmer County
48371,48371,41371,41371,48,TX,Pecos County,30.773298,-102.718153,15165,Pecos County
48373,48373,41373,41373,48,TX,Polk County,30.784553,-94.837338,50505,Polk County
48375,48375,41375,41375,48,TX,Potter County,35.398675,-101.893804,118173,Potter County
48377,48377,41377,41377,48,TX,Presidio County,30.005891,-104.261619,6102,Presidio County
48379,48379,41379,41379,48,TX,Rains County,32.870457,-95.795613,12199,Rains County
48381,48381,41381,41381,48,TX,Randall County,34.962529,-101.895547,141231,Randall County
48383,48383,41383,41383,48,TX,Reagan County,31.375191,-101.514395,3376,Reagan County
48385,48385,41385,41385,48,TX,Real County,29.830097,-99.812549,2743,Real County
48387,48387,41387,41387,48,TX,Red River County,33.619625,-95.048429,11550,Red River County
48389,48389,41389,41389,48,TX,Reeves County,31.308366,-103.712706,14730,Reeves County
48391,48391,41391,41391,48,TX,Refugio County,28.322116,-97.162472,6747,Refugio County
48393,48393,41393,41393,48,TX,Roberts County,35.838596,-100.836682,823,Roberts County
48395,48395,41395,41395,48,TX,Robertson County,31.025481,-96.514941,16740,Robertson County
48397,48397,41397,41397,48,TX,Rockwall County,32.899886,-96.41205,109090,Rockwall County
48399,48399,41399,41399,48,TX,Runnels County,31.845119,-99.982715,9921,Runnels County
48401,48401,41401,41401,48,TX,Rusk County,32.109423,-94.756382,52225,Rusk County
48403,48403,41403,41403,48,TX,Sabine County,31.3433,-93.851913,9881,Sabine County
48405,48405,41405,41405,48,TX,San Augustine County,31.382449,-94.16318,7919,San Augustine County
48407,48407,41407,41407,48,TX,San Jacinto County,30.574388,-95.163136,27483,San Jacinto County
48409,48409,41409,41409,48,TX,San Patricio County,28.011794,-97.517157,68772,San Patricio County
48411,48411,41411,41411,48,TX,San Saba County,31.155138,-98.819292,5730,San Saba County
48413,48413,41413,41413,48,TX,Schleicher County,30.896233,-100.527216,2442,Schleicher County
48415,48415,41415,41415,48,TX,Scurry County,32.744353,-100.913346,16931,Scurry County
48417,48417,41417,41417,48,TX,Shackelford County,32.74382,-99.347005,3122,Shackelford County
48419,48419,41419,41419,48,TX,Shelby County,31.790139,-94.142579,23926,Shelby County
48421,48421,41421,41421,48,TX,Sherman County,36.278593,-101.899265,2780,Sherman County
48423,48423,41423,41423,48,TX,Smith County,32.377016,-95.270041,234063,Smith County
48425,48425,41425,41425,48,TX,Somervell County,32.218071,-97.769217,9214,Somervell County
48427,48427,41427,41427,48,TX,Starr County,26.530903,-98.740235,65835,Starr County
48429,48429,41429,41429,48,TX,Stephens County,32.738052,-98.839344,9079,Stephens County
48431,48431,41431,41431,48,TX,Sterling County,31.835773,-101.054911,1383,Sterling County
48433,48433,41433,41433,48,TX,Stonewall County,33.17958,-100.253807,1245,Stonewall County
48435,48435,41435,41435,48,TX,Sutton County,30.522185,-100.513359,3362,Sutton County
48437,48437,41437,41437,48,TX,Swisher County,34.526319,-101.743865,6957,Swisher County
48439,48439,41439,41439,48,TX,Tarrant County,32.772119,-97.291224,2114709,Tarrant County
48441,48441,41441,41441,48,TX,Taylor County,32.297126,-99.89043,143383,Taylor County
48443,48443,41443,41443,48,TX,Terrell County,30.232343,-102.072513,744,Terrell County
48445,48445,41445,41445,48,TX,Terry County,33.171229,-102.339284,11792,Terry County
48447,48447,41447,41447,48,TX,Throckmorton County,33.170695,-99.205796,1443,Throckmorton County
48449,48449,41449,41449,48,TX,Titus County,33.214599,-94.966783,31264,Titus County
48451,48451,41451,41451,48,TX,Tom Green County,31.398823,-100.463788,120105,Tom Green County
48453,48453,41453,41453,48,TX,Travis County,30.239513,-97.69127,1296100,Travis County
48455,48455,41455,41455,48,TX,Trinity County,31.096675,-95.151687,13623,Trinity County
48457,48457,41457,41457,48,TX,Tyler County,30.769295,-94.375656,19797,Tyler County
48459,48459,41459,41459,48,TX,Upshur County,32.735349,-94.941184,40975,Upshur County
48461,48461,41461,41461,48,TX,Upton County,31.353816,-102.041546,3296,Upton County
48463,48463,41463,41463,48,TX,Uvalde County,29.350308,-99.768427,24540,Uvalde County
48465,48465,41465,41465,48,TX,Val Verde County,29.875285,-101.143324,47582,Val Verde County
48467,48467,41467,41467,48,TX,Van Zandt County,32.558787,-95.836906,59690,Van Zandt County
48469,48469,41469,41469,48,TX,Victoria County,28.79637,-96.971198,91236,Victoria County
48471,48471,41471,41471,48,TX,Walker County,30.743163,-95.569825,76543,Walker County
48473,48473,41473,41473,48,TX,Waller County,30.01359,-95.982149,57349,Waller County
48475,48475,41475,41475,48,TX,Ward County,31.513069,-103.105113,11656,Ward County
48477,48477,41477,41477,48,TX,Washington County,30.215075,-96.410272,35837,Washington County
48479,48479,41479,41479,48,TX,Webb County,27.760799,-99.340752,267234,Webb County
48481,48481,41481,41481,48,TX,Wharton County,29.27848,-96.229674,41550,Wharton County
48483,48483,41483,41483,48,TX,Wheeler County,35.392593,-100.253107,4980,Wheeler County
48485,48485,41485,41485,48,TX,Wichita County,33.988212,-98.70801,129546,Wichita County
48487,48487,41487,41487,48,TX,Wilbarger County,34.08492,-99.24244,12846,Wilbarger County
48489,48489,41489,41489,48,TX,Willacy County,26.481861,-97.594731,20129,Willacy County
48491,48491,41491,41491,48,TX,Williamson County,30.649082,-97.605065,615266,Williamson County
48493,48493,41493,41493,48,TX,Wilson County,29.173883,-98.086734,49994,Wilson County
48495,48495,41495,41495,48,TX,Winkler County,31.832862,-103.054925,7749,Winkler County
48497,48497,41497,41497,48,TX,Wise County,33.219095,-97.653997,68866,Wise County
48499,48499,41499,41499,48,TX,Wood County,32.783588,-95.382166,45010,Wood County
48501,48501,41501,41501,48,TX,Yoakum County,33.162339,-102.832241,7669,Yoakum County
48503,48503,41503,41503,48,TX,Young County,33.158778,-98.67839,17839,Young County
48505,48505,41505,41505,48,TX,Zapata County,26.996981,-99.182603,13884,Zapata County
48507,48507,41507,41507,48,TX,Zavala County,28.864652,-99.75983,9652,Zavala County
49001,49001,42001,42001,49,UT,Beaver County,38.357535,-113.238948,7076,Beaver County
49003,49003,42003,42003,49,UT,Box Elder County,41.622623,-113.060252,57908,Box Elder County
49005,49005,42005,42005,49,UT,Cache County,41.734117,-111.745399,133527,Cache County
49007,49007,42007,42007,49,UT,Carbon County,39.673284,-110.588484,20465,Carbon County
49009,49009,42009,42009,49,UT,Daggett County,40.890099,-109.505785,952,Daggett County
49011,49011,42011,42011,49,UT,Davis County,41.037559,-112.201943,363492,Davis County
49013,49013,42013,42013,49,UT,Duchesne County,40.289393,-110.429584,19581,Duchesne County
49015,49015,42015,42015,49,UT,Emery County,39.009025,-110.7211,9837,Emery County
49017,49017,42017,42017,49,UT,Garfield County,37.831664,-111.450908,5090,Garfield County
49019,49019,42019,42019,49,UT,Grand County,38.974326,-109.57345,9681,Grand County
49021,49021,42021,42021,49,UT,Iron County,37.909304,-113.30674,57640,Iron County
49023,49023,42023,42023,49,UT,Juab County,39.71412,-112.790471,11824,Juab County
49025,49025,42025,42025,49,UT,Kane County,37.275089,-111.815329,7673,Kane County
49027,49027,42027,42027,49,UT,Millard County,38.956744,-113.133092,13015,Millard County
49029,49029,42029,42029,49,UT,Morgan County,41.091027,-111.577885,12392,Morgan County
49031,49031,42031,42031,49,UT,Piute County,38.335881,-112.129375,1437,Piute County
49033,49033,42033,42033,49,UT,Rich County,41.627598,-111.240227,2504,Rich County
49035,49035,42035,42035,49,UT,Salt Lake County,40.667883,-111.92424,1186236,Salt Lake County
49037,49037,42037,42037,49,UT,San Juan County,37.602633,-109.791574,14525,San Juan County
49039,49039,42039,42039,49,UT,Sanpete County,39.373426,-111.576933,28508,Sanpete County
49041,49041,42041,42041,49,UT,Sevier County,38.746824,-111.81193,21546,Sevier County
49043,49043,42043,42043,49,UT,Summit County,40.87206,-110.968486,42452,Summit County
49045,49045,42045,42045,49,UT,Tooele County,40.467753,-113.123979,73281,Tooele County
49047,49047,42047,42047,49,UT,Uintah County,40.125887,-109.517748,35618,Uintah County
49049,49049,42049,42049,49,UT,Utah County,40.120425,-111.668508,663143,Utah County
49051,49051,42051,42051,49,UT,Wasatch County,40.334884,-111.161568,35032,Wasatch County
49053,49053,42053,42053,49,UT,Washington County,37.262531,-113.4878,181924,Washington County
49055,49055,42055,42055,49,UT,Wayne County,38.25984,-110.990877,2497,Wayne County
49057,49057,42057,42057,49,UT,Weber County,41.270325,-111.876883,262828,Weber County
50001,50001,43001,43001,50,VT,Addison County,44.031248,-73.141581,37292,Addison County
50003,50003,43003,43003,50,VT,Bennington County,43.035325,-73.11146,37271,Bennington County
50005,50005,43005,43005,50,VT,Caledonia County,44.468791,-72.112168,30184,Caledonia County
50007,50007,43007,43007,50,VT,Chittenden County,44.463329,-73.06941,168289,Chittenden County
50009,50009,43009,43009,50,VT,Essex County,44.724021,-71.732736,5910,Essex County
50011,50011,43011,43011,50,VT,Franklin County,44.858964,-72.909402,49996,Franklin County
50013,50013,43013,43013,50,VT,Grand Isle County,44.795742,-73.295082,7278,Grand Isle County
50015,50015,43015,43015,50,VT,Lamoille County,44.611192,-72.632659,25914,Lamoille County
50017,50017,43017,43017,50,VT,Orange County,44.003349,-72.369464,29259,Orange County
50019,50019,43019,43019,50,VT,Orleans County,44.828442,-72.25163,27355,Orleans County
50021,50021,43021,43021,50,VT,Rutland County,43.580858,-73.038202,60455,Rutland County
50023,50023,43023,43023,50,VT,Washington County,44.274969,-72.609444,59748,Washington County
50025,50025,43025,43025,50,VT,Windham County,42.995335,-72.721955,45844,Windham County
50027,50027,43027,43027,50,VT,Windsor County,43.572448,-72.598813,57700,Windsor County
51001,51001,44001,44001,51,VA,Accomack County,37.765944,-75.757807,33348,Accomack County
51003,51003,44003,44003,51,VA,Albemarle County,38.024184,-78.553506,112496,Albemarle County
51005,51005,44005,44005,51,VA,Alleghany County,37.787905,-80.008669,15161,Alleghany County
51007,51007,44007,44007,51,VA,Amelia County,37.331927,-77.977462,13246,Amelia County
51009,51009,44009,44009,51,VA,Amherst County,37.629304,-79.154667,31262,Amherst County
51011,51011,44011,44011,51,VA,Appomattox County,37.370725,-78.81094,16133,Appomattox County
51013,51013,44013,44013,51,VA,Arlington County,38.878337,-77.100703,238766,Arlington County
51015,51015,44015,44015,51,VA,Augusta County,38.17259,-79.140975,77512,Augusta County
51017,51017,44017,44017,51,VA,Bath County,38.068368,-79.731203,4196,Bath County
51019,51019,44019,44019,51,VA,Bedford County,37.312257,-79.527223,79504,Bedford County
51021,51021,44021,44021,51,VA,Bland County,37.130612,-81.125853,6247,Bland County
51023,51023,44023,44023,51,VA,Botetourt County,37.565482,-79.797546,33614,Botetourt County
51025,51025,44025,44025,51,VA,Brunswick County,36.764204,-77.861483,15806,Brunswick County
51027,51027,44027,44027,51,VA,Buchanan County,37.26812,-82.038151,20216,Buchanan County
51029,51029,44029,44029,51,VA,Buckingham County,37.573928,-78.529169,16820,Buckingham County
51031,51031,44031,44031,51,VA,Campbell County,37.210152,-79.095428,55638,Campbell County
51033,51033,44033,44033,51,VA,Caroline County,38.028033,-77.353736,30905,Caroline County
51035,51035,44035,44035,51,VA,Carroll County,36.731963,-80.727831,29130,Carroll County
51036,51036,44036,44036,51,VA,Charles City County,37.361054,-77.05417,6733,Charles City County
51037,51037,44037,44037,51,VA,Charlotte County,37.009042,-78.658568,11506,Charlotte County
51041,51041,44041,44041,51,VA,Chesterfield County,37.378434,-77.585847,365566,Chesterfield County
51043,51043,44043,44043,51,VA,Clarke County,39.115307,-77.990748,14788,Clarke County
51045,51045,44045,44045,51,VA,Craig County,37.473603,-80.231051,4880,Craig County
51047,51047,44047,44047,51,VA,Culpeper County,38.48593,-77.956476,52717,Culpeper County
51049,51049,44049,44049,51,VA,Cumberland County,37.520189,-78.252836,9656,Cumberland County
51051,51051,44051,44051,51,VA,Dickenson County,37.136701,-82.34922,14045,Dickenson County
51053,51053,44053,44053,51,VA,Dinwiddie County,37.073498,-77.635492,27900,Dinwiddie County
51057,51057,44057,44057,51,VA,Essex County,37.936389,-76.933747,10591,Essex County
51059,51059,44059,44059,51,VA,Fairfax County,38.82952,-77.273252,1148472,Fairfax County
51061,51061,44061,44061,51,VA,Fauquier County,38.744096,-77.8215,72938,Fauquier County
51063,51063,44063,44063,51,VA,Floyd County,36.931433,-80.350266,15474,Floyd County
51065,51065,44065,44065,51,VA,Fluvanna County,37.830584,-78.283494,27280,Fluvanna County
51067,51067,44067,44067,51,VA,Franklin County,36.991186,-79.882715,54469,Franklin County
51069,51069,44069,44069,51,VA,Frederick County,39.20366,-78.263829,91766,Frederick County
51071,51071,44071,44071,51,VA,Giles County,37.318072,-80.698321,16754,Giles County
51073,51073,44073,44073,51,VA,Gloucester County,37.403541,-76.523505,38688,Gloucester County
51075,51075,44075,44075,51,VA,Goochland County,37.718814,-77.917626,24828,Goochland County
51077,51077,44077,44077,51,VA,Grayson County,36.652229,-81.215324,15300,Grayson County
51079,51079,44079,44079,51,VA,Greene County,38.297981,-78.470163,20591,Greene County
51081,51081,44081,44081,51,VA,Greensville County,36.680336,-77.560277,11393,Greensville County
51083,51083,44083,44083,51,VA,Halifax County,36.766461,-78.939614,33901,Halifax County
51085,51085,44085,44085,51,VA,Hanover County,37.760215,-77.491317,110102,Hanover County
51087,51087,44087,44087,51,VA,Henrico County,37.43752,-77.300333,334298,Henrico County
51089,51089,44089,44089,51,VA,Henry County,36.620612,-79.980662,50782,Henry County
51091,51091,44091,44091,51,VA,Highland County,38.366243,-79.564472,2236,Highland County
51093,51093,44093,44093,51,VA,Isle of Wight County,36.901418,-76.707569,38658,Isle of Wight County
51095,51095,44095,44095,51,VA,James City County,37.324837,-76.777888,78412,James City County
51097,51097,44097,44097,51,VA,King and Queen County,37.717772,-76.905581,6590,King and Queen County
51099,51099,44099,44099,51,VA,King George County,38.27718,-77.162636,26806,King George County
51101,51101,44101,44101,51,VA,King William County,37.70826,-77.091054,17905,King William County
51103,51103,44103,44103,51,VA,Lancaster County,37.704843,-76.412663,10910,Lancaster County
51105,51105,44105,44105,51,VA,Lee County,36.701721,-83.130112,22084,Lee County
51107,51107,44107,44107,51,VA,Loudoun County,39.0812,-77.638898,422597,Loudoun County
51109,51109,44109,44109,51,VA,Louisa County,37.972704,-77.959795,37757,Louisa County
51111,51111,44111,44111,51,VA,Lunenburg County,36.945555,-78.240528,11930,Lunenburg County
51113,51113,44113,44113,51,VA,Madison County,38.412059,-78.276961,13837,Madison County
51115,51115,44115,44115,51,VA,Mathews County,37.425348,-76.268808,8524,Mathews County
51117,51117,44117,44117,51,VA,Mecklenburg County,36.687256,-78.368959,30287,Mecklenburg County
51119,51119,44119,44119,51,VA,Middlesex County,37.606975,-76.528082,10623,Middlesex County
51121,51121,44121,44121,51,VA,Montgomery County,37.175538,-80.387794,99508,Montgomery County
51125,51125,44125,44125,51,VA,Nelson County,37.789079,-78.88344,14732,Nelson County
51127,51127,44127,44127,51,VA,New Kent County,37.51016,-76.999331,23086,New Kent County
51131,51131,44131,44131,51,VA,Northampton County,37.302775,-75.924018,12232,Northampton County
51133,51133,44133,44133,51,VA,Northumberland County,37.856974,-76.379687,11839,Northumberland County
51135,51135,44135,44135,51,VA,Nottoway County,37.141167,-78.053866,15614,Nottoway County
51137,51137,44137,44137,51,VA,Orange County,38.249326,-78.011092,36396,Orange County
51139,51139,44139,44139,51,VA,Page County,38.623209,-78.491872,23693,Page County
51141,51141,44141,44141,51,VA,Patrick County,36.667138,-80.286413,17560,Patrick County
51143,51143,44143,44143,51,VA,Pittsylvania County,36.821721,-79.398502,60312,Pittsylvania County
51145,51145,44145,44145,51,VA,Powhatan County,37.549404,-77.912855,30433,Powhatan County
51147,51147,44147,44147,51,VA,Prince Edward County,37.224881,-78.432957,21853,Prince Edward County
51149,51149,44149,44149,51,VA,Prince George County,37.187325,-77.220993,43023,Prince George County
51153,51153,44153,44153,51,VA,Prince William County,38.701119,-77.479579,482738,Prince William County
51155,51155,44155,44155,51,VA,Pulaski County,37.063385,-80.713444,33760,Pulaski County
51157,51157,44157,44157,51,VA,Rappahannock County,38.684522,-78.168824,7312,Rappahannock County
51159,51159,44159,44159,51,VA,Richmond County,37.942894,-76.730561,8920,Richmond County
51161,51161,44161,44161,51,VA,Roanoke County,37.330792,-80.191237,96845,Roanoke County
51163,51163,44163,44163,51,VA,Rockbridge County,37.814517,-79.447754,22610,Rockbridge County
51165,51165,44165,44165,51,VA,Rockingham County,38.507585,-78.885321,83758,Rockingham County
51167,51167,44167,44167,51,VA,Russell County,36.93342,-82.095934,25726,Russell County
51169,51169,44169,44169,51,VA,Scott County,36.712776,-82.613624,21547,Scott County
51171,51171,44171,44171,51,VA,Shenandoah County,38.856204,-78.573987,44255,Shenandoah County
51173,51173,44173,44173,51,VA,Smyth County,36.842318,-81.539786,29730,Smyth County
51175,51175,44175,44175,51,VA,Southampton County,36.720068,-77.103813,17949,Southampton County
51177,51177,44177,44177,51,VA,Spotsylvania County,38.182431,-77.657226,140475,Spotsylvania County
51179,51179,44179,44179,51,VA,Stafford County,38.423084,-77.458048,157604,Stafford County
51181,51181,44181,44181,51,VA,Surry County,37.119761,-76.880172,6546,Surry County
51183,51183,44183,44183,51,VA,Sussex County,36.926645,-77.259732,10768,Sussex County
51185,51185,44185,44185,51,VA,Tazewell County,37.125395,-81.562924,40343,Tazewell County
51187,51187,44187,44187,51,VA,Warren County,38.908221,-78.207594,40782,Warren County
51191,51191,44191,44191,51,VA,Washington County,36.747814,-81.950322,53839,Washington County
51193,51193,44193,44193,51,VA,Westmoreland County,38.109311,-76.803933,18496,Westmoreland County
51195,51195,44195,44195,51,VA,Wise County,36.974561,-82.62156,36018,Wise County
51197,51197,44197,44197,51,VA,Wythe County,36.899867,-81.083001,28274,Wythe County
51199,51199,44199,44199,51,VA,York County,37.220914,-76.395533,70154,York County
51510,51510,44510,44510,51,VA,Alexandria city,38.819251,-77.08367,159097,Alexandria city
51520,51520,44520,44520,51,VA,Bristol city,36.616954,-82.157564,17259,Bristol city
51530,51530,44530,44530,51,VA,Buena Vista city,37.729345,-79.358134,6620,Buena Vista city
51540,51540,44540,44540,51,VA,Charlottesville city,38.037658,-78.485381,46423,Charlottesville city
51550,51550,44550,44550,51,VA,Chesapeake city,36.679376,-76.301788,249679,Chesapeake city
51570,51570,44570,44570,51,VA,Colonial Heights city,37.261685,-77.396804,18191,Colonial Heights city
51580,51580,44580,44580,51,VA,Covington city,37.78106,-79.985434,5721,Covington city
51590,51590,44590,44590,51,VA,Danville city,36.583334,-79.408071,42465,Danville city
51595,51595,44595,44595,51,VA,Emporia city,36.696182,-77.535975,5716,Emporia city
51600,51600,44600,44600,51,VA,Fairfax city,38.853183,-77.299025,24129,Fairfax city
51610,51610,44610,44610,51,VA,Falls Church city,38.884722,-77.175603,14654,Falls Church city
51620,51620,44620,44620,51,VA,Franklin city,36.684014,-76.941396,8171,Franklin city
51630,51630,44630,44630,51,VA,Fredericksburg city,38.299272,-77.486658,27995,Fredericksburg city
51640,51640,44640,44640,51,VA,Galax city,36.66564,-80.914308,6691,Galax city
51650,51650,44650,44650,51,VA,Hampton city,37.047961,-76.297293,137131,Hampton city
51660,51660,44660,44660,51,VA,Harrisonburg city,38.436255,-78.873303,51675,Harrisonburg city
51670,51670,44670,44670,51,VA,Hopewell city,37.29101,-77.298944,22967,Hopewell city
51680,51680,44680,44680,51,VA,Lynchburg city,37.399016,-79.195458,78871,Lynchburg city
51683,51683,44683,44683,51,VA,Manassas city,38.746808,-77.482633,42728,Manassas city
51685,51685,44685,44685,51,VA,Manassas Park city,38.769398,-77.442323,17140,Manassas Park city
51690,51690,44690,44690,51,VA,Martinsville city,36.683527,-79.863647,13422,Martinsville city
51700,51700,44700,44700,51,VA,Newport News city,37.076136,-76.52198,185916,Newport News city
51710,51710,44710,44710,51,VA,Norfolk city,36.923015,-76.244641,237591,Norfolk city
51720,51720,44720,44720,51,VA,Norton city,36.931549,-82.625996,3679,Norton city
51730,51730,44730,44730,51,VA,Petersburg city,37.20473,-77.392368,33428,Petersburg city
51735,51735,44735,44735,51,VA,Poquoson city,37.12836,-76.303534,12455,Poquoson city
51740,51740,44740,44740,51,VA,Portsmouth city,36.859339,-76.356973,98015,Portsmouth city
51750,51750,44750,44750,51,VA,Radford city,37.120119,-80.559147,16089,Radford city
51760,51760,44760,44760,51,VA,Richmond city,37.531399,-77.476009,226670,Richmond city
51770,51770,44770,44770,51,VA,Roanoke city,37.278458,-79.958174,99875,Roanoke city
51775,51775,44775,44775,51,VA,Salem city,37.285333,-80.055241,25374,Salem city
51790,51790,44790,44790,51,VA,Staunton city,38.157978,-79.061876,25800,Staunton city
51800,51800,44800,44800,51,VA,Suffolk city,36.697157,-76.634781,94685,Suffolk city
51810,51810,44810,44810,51,VA,Virginia Beach city,36.779525,-76.029142,459373,Virginia Beach city
51820,51820,44820,44820,51,VA,Waynesboro city,38.067157,-78.90142,22279,Waynesboro city
51830,51830,44830,44830,51,VA,Williamsburg city,37.269481,-76.708193,15445,Williamsburg city
51840,51840,44840,44840,51,VA,Winchester city,39.173869,-78.176356,28008,Winchester city
53001,53001,45001,45001,53,WA,Adams County,47.011238,-118.512861,20605,Adams County
53003,53003,45003,45003,53,WA,Asotin County,46.181861,-117.227781,22290,Asotin County
53005,53005,45005,45005,53,WA,Benton County,46.228125,-119.516659,207230,Benton County
53007,53007,45007,45007,53,WA,Chelan County,47.860974,-120.619041,79185,Chelan County
53009,53009,45009,45009,53,WA,Clallam County,48.110903,-123.88986,77280,Clallam County
53011,53011,45011,45011,53,WA,Clark County,45.77173,-122.485953,505013,Clark County
53013,53013,45013,45013,53,WA,Columbia County,46.29285,-117.911634,3949,Columbia County
53015,53015,45015,45015,53,WA,Cowlitz County,46.196785,-122.67846,110924,Cowlitz County
53017,53017,45017,45017,53,WA,Douglas County,47.741763,-119.694622,42998,Douglas County
53019,53019,45019,45019,53,WA,Ferry County,48.473256,-118.533589,7178,Ferry County
53021,53021,45021,45021,53,WA,Franklin County,46.537502,-118.903891,97076,Franklin County
53023,53023,45023,45023,53,WA,Garfield County,46.429318,-117.536705,2292,Garfield County
53025,53025,45025,45025,53,WA,Grant County,47.213633,-119.467788,99365,Grant County
53027,53027,45027,45027,53,WA,Grays Harbor County,47.113732,-123.826735,75811,Grays Harbor County
53029,53029,45029,45029,53,WA,Island County,48.158554,-122.670649,86948,Island County
53031,53031,45031,45031,53,WA,Jefferson County,47.805708,-123.527057,33048,Jefferson County
53033,53033,45033,45033,53,WA,King County,47.490552,-121.833977,2272571,King County
53035,53035,45035,45035,53,WA,Kitsap County,47.639595,-122.649634,275660,Kitsap County
53037,53037,45037,45037,53,WA,Kittitas County,47.124441,-120.676709,44589,Kittitas County
53039,53039,45039,45039,53,WA,Klickitat County,45.870446,-120.779305,22783,Klickitat County
53041,53041,45041,45041,53,WA,Lewis County,46.580071,-122.377444,82474,Lewis County
53043,53043,45043,45043,53,WA,Lincoln County,47.582743,-118.417692,10920,Lincoln County
53045,53045,45045,45045,53,WA,Mason County,47.350832,-123.173103,66028,Mason County
53047,53047,45047,45047,53,WA,Okanogan County,48.548453,-119.742235,42118,Okanogan County
53049,53049,45049,45049,53,WA,Pacific County,46.556587,-123.782419,23470,Pacific County
53051,53051,45051,45051,53,WA,Pend Oreille County,48.543825,-117.232191,13482,Pend Oreille County
53053,53053,45053,45053,53,WA,Pierce County,47.051413,-122.15324,922828,Pierce County
53055,53055,45055,45055,53,WA,San Juan County,48.50719,-123.103769,17818,San Juan County
53057,53057,45057,45057,53,WA,Skagit County,48.493292,-121.81577,129852,Skagit County
53059,53059,45059,45059,53,WA,Skamania County,46.024785,-121.953232,12034,Skamania County
53061,53061,45061,45061,53,WA,Snohomish County,48.054913,-121.765038,829331,Snohomish County
53063,53063,45063,45063,53,WA,Spokane County,47.620375,-117.403371,540700,Spokane County
53065,53065,45065,45065,53,WA,Stevens County,48.388728,-117.854455,46566,Stevens County
53067,53067,45067,45067,53,WA,Thurston County,46.935822,-122.830152,295729,Thurston County
53069,53069,45069,45069,53,WA,Wahkiakum County,46.294638,-123.424458,4443,Wahkiakum County
53071,53071,45071,45071,53,WA,Walla Walla County,46.254606,-118.48037,62574,Walla Walla County
53073,53073,45073,45073,53,WA,Whatcom County,48.842653,-121.836432,227304,Whatcom County
53075,53075,45075,45075,53,WA,Whitman County,46.905944,-117.53539,47786,Whitman County
53077,53077,45077,45077,53,WA,Yakima County,46.456558,-120.740145,256533,Yakima County
54001,54001,46001,46001,54,WV,Barbour County,39.139725,-79.996947,15440,Barbour County
54003,54003,46003,46003,54,WV,Berkeley County,39.447938,-78.037754,122654,Berkeley County
54005,54005,46005,46005,54,WV,Boone County,38.022814,-81.713538,21714,Boone County
54007,54007,46007,46007,54,WV,Braxton County,38.69933,-80.73166,12386,Braxton County
54009,54009,46009,46009,54,WV,Brooke County,40.272645,-80.578691,22469,Brooke County
54011,54011,46011,46011,54,WV,Cabell County,38.419578,-82.243397,94137,Cabell County
54013,54013,46013,46013,54,WV,Calhoun County,38.844159,-81.115478,6199,Calhoun County
54015,54015,46015,46015,54,WV,Clay County,38.459826,-81.081866,8006,Clay County
54017,54017,46017,46017,54,WV,Doddridge County,39.264307,-80.711498,7786,Doddridge County
54019,54019,46019,46019,54,WV,Fayette County,38.030933,-81.086051,40358,Fayette County
54021,54021,46021,46021,54,WV,Gilmer County,38.915867,-80.849413,7378,Gilmer County
54023,54023,46023,46023,54,WV,Grant County,39.105988,-79.195064,10954,Grant County
54025,54025,46025,46025,54,WV,Greenbrier County,37.924418,-80.45059,32866,Greenbrier County
54027,54027,46027,46027,54,WV,Hampshire County,39.312139,-78.611989,23067,Hampshire County
54029,54029,46029,46029,54,WV,Hancock County,40.516958,-80.570164,29019,Hancock County
54031,54031,46031,46031,54,WV,Hardy County,39.011361,-78.841729,14240,Hardy County
54033,54033,46033,46033,54,WV,Harrison County,39.279182,-80.386498,65771,Harrison County
54035,54035,46035,46035,54,WV,Jackson County,38.834234,-81.677717,27735,Jackson County
54037,54037,46037,46037,54,WV,Jefferson County,39.307398,-77.86322,57732,Jefferson County
54039,54039,46039,46039,54,WV,Kanawha County,38.328068,-81.523516,180048,Kanawha County
54041,54041,46041,46041,54,WV,Lewis County,38.988877,-80.495477,17009,Lewis County
54043,54043,46043,46043,54,WV,Lincoln County,38.17177,-82.077623,20337,Lincoln County
54045,54045,46045,46045,54,WV,Logan County,37.830591,-81.940853,32473,Logan County
54047,54047,46047,46047,54,WV,McDowell County,37.38276,-81.658204,18916,McDowell County
54049,54049,46049,46049,54,WV,Marion County,39.505839,-80.243402,56157,Marion County
54051,54051,46051,46051,54,WV,Marshall County,39.854426,-80.671794,30444,Marshall County
54053,54053,46053,46053,54,WV,Mason County,38.770914,-82.029007,25356,Mason County
54055,54055,46055,46055,54,WV,Mercer County,37.403448,-81.106456,59462,Mercer County
54057,54057,46057,46057,54,WV,Mineral County,39.404781,-78.95669,26877,Mineral County
54059,54059,46059,46059,54,WV,Mingo County,37.721161,-82.158989,23455,Mingo County
54061,54061,46061,46061,54,WV,Monongalia County,39.633645,-80.059074,105916,Monongalia County
54063,54063,46063,46063,54,WV,Monroe County,37.554062,-80.550329,12330,Monroe County
54065,54065,46065,46065,54,WV,Morgan County,39.557345,-78.256517,17037,Morgan County
54067,54067,46067,46067,54,WV,Nicholas County,38.291432,-80.797515,24523,Nicholas County
54069,54069,46069,46069,54,WV,Ohio County,40.100323,-80.6199,42264,Ohio County
54071,54071,46071,46071,54,WV,Pendleton County,38.67445,-79.340617,6134,Pendleton County
54073,54073,46073,46073,54,WV,Pleasants County,39.368133,-81.161172,7649,Pleasants County
54075,54075,46075,46075,54,WV,Pocahontas County,38.332606,-80.010121,7847,Pocahontas County
54077,54077,46077,46077,54,WV,Preston County,39.46903,-79.668865,34176,Preston County
54079,54079,46079,46079,54,WV,Putnam County,38.510518,-81.906109,57399,Putnam County
54081,54081,46081,46081,54,WV,Raleigh County,37.762469,-81.264672,74349,Raleigh County
54083,54083,46083,46083,54,WV,Randolph County,38.781095,-79.867788,27852,Randolph County
54085,54085,46085,46085,54,WV,Ritchie County,39.177112,-81.066317,8424,Ritchie County
54087,54087,46087,46087,54,WV,Roane County,38.74295,-81.354494,13977,Roane County
54089,54089,46089,46089,54,WV,Summers County,37.655999,-80.856325,11915,Summers County
54091,54091,46091,46091,54,WV,Taylor County,39.332478,-80.046554,16701,Taylor County
54093,54093,46093,46093,54,WV,Tucker County,39.111175,-79.559968,6752,Tucker County
54095,54095,46095,46095,54,WV,Tyler County,39.465634,-80.877219,8279,Tyler County
54097,54097,46097,46097,54,WV,Upshur County,38.90253,-80.231606,23783,Upshur County
54099,54099,46099,46099,54,WV,Wayne County,38.143642,-82.422666,38830,Wayne County
54101,54101,46101,46101,54,WV,Webster County,38.483459,-80.449052,8329,Webster County
54103,54103,46103,46103,54,WV,Wetzel County,39.59818,-80.635399,14382,Wetzel County
54105,54105,46105,46105,54,WV,Wirt County,39.020034,-81.382975,5183,Wirt County
54107,54107,46107,46107,54,WV,Wood County,39.211602,-81.516234,83996,Wood County
54109,54109,46109,46109,54,WV,Wyoming County,37.60366,-81.549032,21326,Wyoming County
55001,55001,47001,47001,55,WI,Adams County,43.973757,-89.767228,20673,Adams County
55003,55003,47003,47003,55,WI,Ashland County,46.544424,-90.679691,15977,Ashland County
55005,55005,47005,47005,55,WI,Barron County,45.437192,-91.852892,46643,Barron County
55007,55007,47007,47007,55,WI,Bayfield County,46.634199,-91.177282,16229,Bayfield County
55009,55009,47009,47009,55,WI,Brown County,44.474024,-87.99613,268741,Brown County
55011,55011,47011,47011,55,WI,Buffalo County,44.385633,-91.761294,13320,Buffalo County
55013,55013,47013,47013,55,WI,Burnett County,45.866897,-92.37573,16588,Burnett County
55015,55015,47015,47015,55,WI,Calumet County,44.07841,-88.212132,52476,Calumet County
55017,55017,47017,47017,55,WI,Chippewa County,45.069092,-91.283505,66279,Chippewa County
55019,55019,47019,47019,55,WI,Clark County,44.739346,-90.609953,34628,Clark County
55021,55021,47021,47021,55,WI,Columbia County,43.471882,-89.330472,58510,Columbia County
55023,55023,47023,47023,55,WI,Crawford County,43.242768,-90.935185,16086,Crawford County
55025,55025,47025,47025,55,WI,Dane County,43.067468,-89.417852,562306,Dane County
55027,55027,47027,47027,55,WI,Dodge County,43.429628,-88.701939,89262,Dodge County
55029,55029,47029,47029,55,WI,Door County,45.093417,-87.048683,30102,Door County
55031,55031,47031,47031,55,WI,Douglas County,46.463218,-91.892477,44275,Douglas County
55033,55033,47033,47033,55,WI,Dunn County,44.947751,-91.897645,45440,Dunn County
55035,55035,47035,47035,55,WI,Eau Claire County,44.726355,-91.286414,105818,Eau Claire County
55037,55037,47037,47037,55,WI,Florence County,45.871828,-88.406988,4556,Florence County
55039,55039,47039,47039,55,WI,Fond du Lac County,43.754722,-88.493284,104076,Fond du Lac County
55041,55041,47041,47041,55,WI,Forest County,45.666881,-88.773326,9160,Forest County
55043,55043,47043,47043,55,WI,Grant County,42.870028,-90.694229,51934,Grant County
55045,55045,47045,47045,55,WI,Green County,42.675522,-89.605074,36992,Green County
55047,55047,47047,47047,55,WI,Green Lake County,43.780247,-88.97038,18997,Green Lake County
55049,55049,47049,47049,55,WI,Iowa County,43.001021,-90.133691,23676,Iowa County
55051,55051,47051,47051,55,WI,Iron County,46.32655,-90.261298,6128,Iron County
55053,55053,47053,47053,55,WI,Jackson County,44.32459,-90.79951,21102,Jackson County
55055,55055,47055,47055,55,WI,Jefferson County,43.013804,-88.773985,84858,Jefferson County
55057,55057,47057,47057,55,WI,Juneau County,43.932836,-90.113984,26759,Juneau County
55059,55059,47059,47059,55,WI,Kenosha County,42.585882,-87.876398,169073,Kenosha County
55061,55061,47061,47061,55,WI,Kewaunee County,44.605677,-87.448008,20539,Kewaunee County
55063,55063,47063,47063,55,WI,La Crosse County,43.908222,-91.111758,120852,La Crosse County
55065,55065,47065,47065,55,WI,Lafayette County,42.655578,-90.130292,16605,Lafayette County
55067,55067,47067,47067,55,WI,Langlade County,45.254863,-89.06707,19438,Langlade County
55069,55069,47069,47069,55,WI,Lincoln County,45.333148,-89.73224,28374,Lincoln County
55071,55071,47071,47071,55,WI,Manitowoc County,44.156137,-87.577352,81250,Manitowoc County
55073,55073,47073,47073,55,WI,Marathon County,44.898036,-89.757823,137954,Marathon County
55075,55075,47075,47075,55,WI,Marinette County,45.346899,-87.991198,41869,Marinette County
55077,55077,47077,47077,55,WI,Marquette County,43.826053,-89.409095,15584,Marquette County
55078,55078,47078,47078,55,WI,Menominee County,44.991304,-88.669251,4255,Menominee County
55079,55079,47079,47079,55,WI,Milwaukee County,42.912643,-87.862312,938149,Milwaukee County
55081,55081,47081,47081,55,WI,Monroe County,43.945175,-90.619969,46281,Monroe County
55083,55083,47083,47083,55,WI,Oconto County,44.996575,-88.206516,39043,Oconto County
55085,55085,47085,47085,55,WI,Oneida County,45.716176,-89.534533,37839,Oneida County
55087,55087,47087,47087,55,WI,Outagamie County,44.418226,-88.464988,190832,Outagamie County
55089,55089,47089,47089,55,WI,Ozaukee County,43.501845,-87.847567,91569,Ozaukee County
55091,55091,47091,47091,55,WI,Pepin County,44.627436,-91.83489,7335,Pepin County
55093,55093,47093,47093,55,WI,Pierce County,44.725336,-92.426279,42191,Pierce County
55095,55095,47095,47095,55,WI,Polk County,45.462041,-92.447066,45006,Polk County
55097,55097,47097,47097,55,WI,Portage County,44.476246,-89.49807,70378,Portage County
55099,55099,47099,47099,55,WI,Price County,45.679072,-90.35965,14015,Price County
55101,55101,47101,47101,55,WI,Racine County,42.780392,-87.771599,197440,Racine County
55103,55103,47103,47103,55,WI,Richland County,43.376199,-90.435693,17274,Richland County
55105,55105,47105,47105,55,WI,Rock County,42.66988,-89.075284,163643,Rock County
55107,55107,47107,47107,55,WI,Rusk County,45.472734,-91.136745,14168,Rusk County
55109,55109,47109,47109,55,WI,St. Croix County,45.028959,-92.447284,93797,St. Croix County
55111,55111,47111,47111,55,WI,Sauk County,43.428001,-89.943318,65718,Sauk County
55113,55113,47113,47113,55,WI,Sawyer County,45.864911,-91.147133,18107,Sawyer County
55115,55115,47115,47115,55,WI,Shawano County,44.789641,-88.755813,40838,Shawano County
55117,55117,47117,47117,55,WI,Sheboygan County,43.741232,-87.731516,117937,Sheboygan County
55119,55119,47119,47119,55,WI,Taylor County,45.211656,-90.504853,19897,Taylor County
55121,55121,47121,47121,55,WI,Trempealeau County,44.30305,-91.358867,30776,Trempealeau County
55123,55123,47123,47123,55,WI,Vernon County,43.599366,-90.821983,30693,Vernon County
55125,55125,47125,47125,55,WI,Vilas County,46.049848,-89.501254,23076,Vilas County
55127,55127,47127,47127,55,WI,Walworth County,42.66811,-88.541731,106499,Walworth County
55129,55129,47129,47129,55,WI,Washburn County,45.892489,-91.796422,16597,Washburn County
55131,55131,47131,47131,55,WI,Washington County,43.391156,-88.232917,136732,Washington County
55133,55133,47133,47133,55,WI,Waukesha County,43.018368,-88.30424,407148,Waukesha County
55135,55135,47135,47135,55,WI,Waupaca County,44.478004,-88.967005,51713,Waupaca County
55137,55137,47137,47137,55,WI,Waushara County,44.112823,-89.239786,24511,Waushara County
55139,55139,47139,47139,55,WI,Winnebago County,44.085707,-88.668149,171646,Winnebago County
55141,55141,47141,47141,55,WI,Wood County,44.461413,-90.038825,74091,Wood County
56001,56001,48001,48001,56,WY,Albany County,41.665514,-105.721883,37079,Albany County
56003,56003,48003,48003,56,WY,Big Horn County,44.525117,-107.994848,11467,Big Horn County
56005,56005,48005,48005,56,WY,Campbell County,44.191999,-105.517014,47116,Campbell County
56007,56007,48007,48007,56,WY,Carbon County,41.70359,-106.933153,14499,Carbon County
56009,56009,48009,48009,56,WY,Converse County,42.984623,-105.524752,13724,Converse County
56011,56011,48011,48011,56,WY,Crook County,44.589266,-104.567298,7178,Crook County
56013,56013,48013,48013,56,WY,Fremont County,43.054831,-108.608935,39177,Fremont County
56015,56015,48015,48015,56,WY,Goshen County,42.089455,-104.35354,12503,Goshen County
56017,56017,48017,48017,56,WY,Hot Springs County,43.720209,-108.435076,4622,Hot Springs County
56019,56019,48019,48019,56,WY,Johnson County,44.044048,-106.588541,8459,Johnson County
56021,56021,48021,48021,56,WY,Laramie County,41.29283,-104.660395,100690,Laramie County
56023,56023,48023,48023,56,WY,Lincoln County,42.229993,-110.682961,19674,Lincoln County
56025,56025,48025,48025,56,WY,Natrona County,42.977645,-106.768219,80229,Natrona County
56027,56027,48027,48027,56,WY,Niobrara County,43.062159,-104.468373,2439,Niobrara County
56029,56029,48029,48029,56,WY,Park County,44.492387,-109.593597,29656,Park County
56031,56031,48031,48031,56,WY,Platte County,42.131593,-104.953963,8623,Platte County
56033,56033,48033,48033,56,WY,Sheridan County,44.781369,-106.881211,30996,Sheridan County
56035,56035,48035,48035,56,WY,Sublette County,42.767928,-109.91617,8723,Sublette County
56037,56037,48037,48037,56,WY,Sweetwater County,41.660328,-108.875677,42158,Sweetwater County
56039,56039,48039,48039,56,WY,Teton County,44.048662,-110.426087,23347,Teton County
56041,56041,48041,48041,56,WY,Uinta County,41.284726,-110.558947,20441,Uinta County
56043,56043,48043,48043,56,WY,Washakie County,43.878831,-107.669052,7658,Washakie County
56045,56045,48045,48045,56,WY,Weston County,43.846213,-104.57002,6809,Weston County
