variable,year_month,status,source_url,local_path,retrieved_at_utc,bytes,sha256,http_etag,http_last_modified,version_url,version_local_path,version_sha256,processed_path,processed_rows,vintage_id,migrated_from,migrated_at_utc,version_created_on,verified
tavg,1951-01,scaled,https://www.ncei.noaa.gov/data/nclimgrid-daily/access/averages/1951/tavg-195101-cty-scaled.csv,raw/nclimgrid_daily/averages/1951/tavg-195101-cty-scaled.csv,2026-07-30T03:33:21+00:00,1093490,cd18e45078c2d03bde6538448fb5970ff53b479d6b47135f84b6fccecd3c78df,"""10af72-5e73f86a5a5b8""","Sat, 27 Aug 2022 21:15:11 GMT",https://www.ncei.noaa.gov/data/nclimgrid-daily/access/averages/1951/ncdd-195101-version.txt,raw/nclimgrid_daily/version/1951/ncdd-195101-version.txt,9f11ace297e06677abb7865b88ed67910f078e10d1051f1572e664b9944a37b6,processed/nclimgrid_daily/county_tavg/1951/county_tavg_195101.csv,96317,"nclimgrid-daily_v1-0-0_snap2026-07-30, start: 1951-01, end: 2026-06, status: scaled}",/Users/andrewpark/Desktop/Code/WeatherDerivativePricing,2026-09-02T15:42:54+00:00,Sun Apr 30 11:32:03 2017,True
tavg,1951-02,scaled,https://www.ncei.noaa.gov/data/nclimgrid-daily/access/averages/1951/tavg-195102-cty-scaled.csv,raw/nclimgrid_daily/averages/1951/tavg-195102-cty-scaled.csv,2026-07-30T03:33:22+00:00,1093490,df215bc7300b2c3161fbc055cae127aa6015bf0bd94120b74ed66d13636efd23,"""10af72-5e73f87e45f78""","Sat, 27 Aug 2022 21:15:32 GMT",https://www.ncei.noaa.gov/data/nclimgrid-daily/access/averages/1951/ncdd-195102-version.txt,raw/nclimgrid_daily/version/1951/ncdd-195102-version.txt,eaf3b1af4857a9949ec7dbcdd4107c1e4ebb081fd3542c34ed9cd8576883dd15,processed/nclimgrid_daily/county_tavg/1951/county_tavg_195102.csv,86996,"nclimgrid-daily_v1-0-0_snap2026-07-30, start: 1951-01, end: 2026-06, status: scaled}",/Users/andrewpark/Desktop/Code/WeatherDerivativePricing,2026-09-02T15:42:54+00:00,Sun Apr 30 11:32:38 2017,True
tavg,1951-03,scaled,https://www.ncei.noaa.gov/data/nclimgrid-daily/access/averages/1951/tavg-195103-cty-scaled.csv,raw/nclimgrid_daily/averages/1951/tavg-195103-cty-scaled.csv,2026-07-30T03:33:22+00:00,1093490,8105a67300d7e6d6296d2b07cbcafa6cc1c6e2a871c4127f61c8de3fb5d04715,"""10af72-5e73f891cb867""","Sat, 27 Aug 2022 21:15:52 GMT",https://www.ncei.noaa.gov/data/nclimgrid-daily/access/averages/1951/ncdd-195103-version.txt,raw/nclimgrid_daily/version/1951/ncdd-195103-version.txt,26e4d76a73e01cd57f5ff77867ea8567999e60051b6c9999de4a9ae861b1b79d,processed/nclimgrid_daily/county_tavg/1951/county_tavg_195103.csv,96317,"nclimgrid-daily_v1-0-0_snap2026-07-30, start: 1951-01, end: 2026-06, status: scaled}",/Users/andrewpark/Desktop/Code/WeatherDerivativePricing,2026-09-02T15:42:54+00:00,Sun Apr 30 11:33:17 2017,True
tavg,1951-04,scaled,https://www.ncei.noaa.gov/data/nclimgrid-daily/access/averages/1951/tavg-195104-cty-scaled.csv,raw/nclimgrid_daily/averages/1951/tavg-195104-cty-scaled.csv,2026-07-30T03:33:23+00:00,1093490,5747418ae02bc39184bde41c31094fe446a77406035724e76fc079235f61cb61,"""10af72-5e73f8aa1d997""","Sat, 27 Aug 2022 21:16:18 GMT",https://www.ncei.noaa.gov/data/nclimgrid-daily/access/averages/1951/ncdd-195104-version.txt,raw/nclimgrid_daily/version/1951/ncdd-195104-version.txt,9cb203d8e5fc4b9eb101f97f4469ce53109ce9c738202d9564677b56be9d7ed5,processed/nclimgrid_daily/county_tavg/1951/county_tavg_195104.csv,93210,"nclimgrid-daily_v1-0-0_snap2026-07-30, start: 1951-01, end: 2026-06, status: scaled}",/Users/andrewpark/Desktop/Code/WeatherDerivativePricing,2026-09-02T15:42:54+00:00,Sun Apr 30 11:33:54 2017,True
tavg,1951-05,scaled,https://www.ncei.noaa.gov/data/nclimgrid-daily/access/averages/1951/tavg-195105-cty-scaled.csv,raw/nclimgrid_daily/averages/1951/tavg-195105-cty-scaled.csv,2026-07-30T03:33:23+00:00,1093490,ddfee3bbecbdd8ec82398b1aae0243c3ddc5f7a34de6765c7a33f69a0435ad25,"""10af72-5e73f8bddd04e""","Sat, 27 Aug 2022 21:16:39 GMT",https://www.ncei.noaa.gov/data/nclimgrid-daily/access/averages/1951/ncdd-195105-version.txt,raw/nclimgrid_daily/version/1951/ncdd-195105-version.txt,fe6ee891b66c87517b7088653948259d2a893ac1ac0644ff5afc7de6c1c52fd6,processed/nclimgrid_daily/county_tavg/1951/county_tavg_195105.csv,96317,"nclimgrid-daily_v1-0-0_snap2026-07-30, start: 1951-01, end: 2026-06, status: scaled}",/Users/andrewpark/Desktop/Code/WeatherDerivativePricing,2026-09-02T15:42:54+00:00,Sun Apr 30 11:34:34 2017,True
tavg,1951-06,scaled,https://www.ncei.noaa.gov/data/nclimgrid-daily/access/averages/1951/tavg-195106-cty-scaled.csv,raw/nclimgrid_daily/averages/1951/tavg-195106-cty-scaled.csv,2026-07-30T03:33:24+00:00,1093490,3c7bc5bcce9fe97b5a66a6b62a74d6081158b1f67a20bc88a85b31171b006b54,"""10af72-5e73f8d0ff366""","Sat, 27 Aug 2022 21:16:59 GMT",https://www.ncei.noaa.gov/data/nclimgrid-daily/access/averages/1951/ncdd-195106-version.txt,raw/nclimgrid_daily/version/1951/ncdd-195106-version.txt,345f6dd06266dd7c81a6c36a81964abdcffd9ce7cfafc3ea878a726878949e80,processed/nclimgrid_daily/county_tavg/1951/county_tavg_195106.csv,93210,"nclimgrid-daily_v1-0-0_snap2026-07-30, start: 1951-01, end: 2026-06, status: scaled}",/Users/andrewpark/Desktop/Code/WeatherDerivativePricing,2026-09-02T15:42:54+00:00,Sun Apr 30 11:35:13 2017,True
tavg,1951-07,scaled,https://www.ncei.noaa.gov/data/nclimgrid-daily/access/averages/1951/tavg-195107-cty-scaled.csv,raw/nclimgrid_daily/averages/1951/tavg-195107-cty-scaled.csv,2026-07-30T03:33:25+00:00,1093490,d1205767abe50764dd79fb20bd821033105bc94773ede7aa46f193d5f4ea7214,"""10af72-5e73f8e413005""","Sat, 27 Aug 2022 21:17:19 GMT",https://www.ncei.noaa.gov/data/nclimgrid-daily/access/averages/1951/ncdd-195107-version.txt,raw/nclimgrid_daily/version/1951/ncdd-195107-version.txt,24c1556904ebcb7e4a664685f6d11f96f41822d922f58685ed54082935a3a303,processed/nclimgrid_daily/county_tavg/1951/county_tavg_195107.csv,96317,"nclimgrid-daily_v1-0-0_snap2026-07-30, start: 1951-01, end: 2026-06, status: scaled}",/Users/andrewpark/Desktop/Code/WeatherDerivativePricing,2026-09-02T15:42:54+00:00,Sun Apr 30 11:35:54 2017,True
tavg,1951-08,scaled,https://www.ncei.noaa.gov/data/nclimgrid-daily/access/averages/1951/tavg-195108-cty-scaled.csv,raw/nclimgrid_daily/averages/1951/tavg-195108-cty-scaled.csv,2026-07-30T03:33:25+00:00,1093490,5d6bcab063c1eb593a8db3314d556bb2b2fe0541f2307c020c860c8fe0f48146,"""10af72-5e73f8f7a773c""","Sat, 27 Aug 2022 21:17:39 GMT",https://www.ncei.noaa.gov/data/nclimgrid-daily/access/averages/1951/ncdd-195108-version.txt,raw/nclimgrid_daily/version/1951/ncdd-195108-version.txt,7662e1992bd725ec5086b6cfb48bc3694d01fc0737d8830f0de8725f4a572eb0,processed/nclimgrid_daily/county_tavg/1951/county_tavg_195108.csv,96317,"nclimgrid-daily_v1-0-0_snap2026-07-30, start: 1951-01, end: 2026-06, status: scaled}",/Users/andrewpark/Desktop/Code/WeatherDerivativePricing,2026-09-02T15:42:54+00:00,Sun Apr 30 11:36:32 2017,True
tavg,1951-09,scaled,https://www.ncei.noaa.gov/data/nclimgrid-daily/access/averages/1951/tavg-195109-cty-scaled.csv,raw/nclimgrid_daily/averages/1951/tavg-195109-cty-scaled.csv,2026-07-30T03:33:26+00:00,1093490,dd58ebe092fd7709a03ed91f7c0299ec3127d6e839d9e2448c986f27cf0b2028,"""10af72-5e73f90ab561c""","Sat, 27 Aug 2022 21:17:59 GMT",https://www.ncei.noaa.gov/data/nclimgrid-daily/access/averages/1951/ncdd-195109-version.txt,raw/nclimgrid_daily/version/1951/ncdd-195109-version.txt,3f2b9a04656ebca81fd7dec5623e6070d9c712a9167e1b27d04a91869e17a3b1,processed/nclimgrid_daily/county_tavg/1951/county_tavg_195109.csv,93210,"nclimgrid-daily_v1-0-0_snap2026-07-30, start: 1951-01, end: 2026-06, status: scaled}",/Users/andrewpark/Desktop/Code/WeatherDerivativePricing,2026-09-02T15:42:54+00:00,Sun Apr 30 11:37:12 2017,True
tavg,1951-10,scaled,https://www.ncei.noaa.gov/data/nclimgrid-daily/access/averages/1951/tavg-195110-cty-scaled.csv,raw/nclimgrid_daily/averages/1951/tavg-195110-cty-scaled.csv,2026-07-30T03:33:27+00:00,1093490,dd5b3a3dfe0b35c3d1c45504e79799bbcdebff7296e5fcf89c622c927696e2ae,"""10af72-5e73f91d8ed23""","Sat, 27 Aug 2022 21:18:19 GMT",https://www.ncei.noaa.gov/data/nclimgrid-daily/access/averages/1951/ncdd-195110-version.txt,raw/nclimgrid_daily/version/1951/ncdd-195110-version.txt,9110a0d3f4e8e5cf680bffbb95af3512a0b86de393be2aa35706ca1982b97a13,processed/nclimgrid_daily/county_tavg/1951/county_tavg_195110.csv,96317,"nclimgrid-daily_v1-0-0_snap2026-07-30, start: 1951-01, end: 2026-06, status: scaled}",/Users/andrewpark/Desktop/Code/WeatherDerivativePricing,2026-09-02T15:42:54+00:00,Sun Apr 30 11:37:51 2017,True
tavg,1951-11,scaled,https://www.ncei.noaa.gov/data/nclimgrid-daily/access/averages/1951/tavg-195111-cty-scaled.csv,raw/nclimgrid_daily/averages/1951/tavg-195111-cty-scaled.csv,2026-07-30T03:33:27+00:00,1093490,9e80615c52000b0db1a27b54b8c585f215854da384391419c76be57a0a3ad80e,"""10af72-5e73f9311fdab""","Sat, 27 Aug 2022 21:18:39 GMT",https://www.ncei.noaa.gov/data/nclimgrid-daily/access/averages/1951/ncdd-195111-version.txt,raw/nclimgrid_daily/version/1951/ncdd-195111-version.txt,cc06b2e1737c8780049592c29ac3fa56945fc00ca76da665a10524b3407fd916,processed/nclimgrid_daily/county_tavg/1951/county_tavg_195111.csv,93210,"nclimgrid-daily_v1-0-0_snap2026-07-30, start: 1951-01, end: 2026-06, status: scaled}",/Users/andrewpark/Desktop/Code/WeatherDerivativePricing,2026-09-02T15:42:54+00:00,Sun Apr 30 11:38:29 2017,True
tavg,1951-12,scaled,https://www.ncei.noaa.gov/data/nclimgrid-daily/access/averages/1951/tavg-195112-cty-scaled.csv,raw/nclimgrid_daily/averages/1951/tavg-195112-cty-scaled.csv,2026-07-30T03:33:28+00:00,1093490,73a43d373cb1dc2530069fcc89db8b62c38901cb18f675fcf6eae000f160ddfa,"""10af72-5e73f944acbca""","Sat, 27 Aug 2022 21:19:00 GMT",https://www.ncei.noaa.gov/data/nclimgrid-daily/access/averages/1951/ncdd-195112-version.txt,raw/nclimgrid_daily/version/1951/ncdd-195112-version.txt,ac32a90fb8c326b14a858c09d6147881a894ef796d2b6cbe97e59a0db3ac0c38,processed/nclimgrid_daily/county_tavg/1951/county_tavg_195112.csv,96317,"nclimgrid-daily_v1-0-0_snap2026-07-30, start: 1951-01, end: 2026-06, status: scaled}",/Users/andrewpark/Desktop/Code/WeatherDerivativePricing,2026-09-02T15:42:54+00:00,Sun Apr 30 11:39:11 2017,True
tavg,1952-01,scaled,https://www.ncei.noaa.gov/data/nclimgrid-daily/access/averages/1952/tavg-195201-cty-scaled.csv,raw/nclimgrid_daily/averages/1952/tavg-195201-cty-scaled.csv,2026-07-30T03:33:28+00:00,1093490,683d882786e8d2886fb2fd3fd57b6f2ae8ad29f844b0868cc07ca74354992bb6,"""10af72-5e74c74618838""","Sun, 28 Aug 2022 12:40:39 GMT",https://www.ncei.noaa.gov/data/nclimgrid-daily/access/averages/1952/ncdd-195201-version.txt,raw/nclimgrid_daily/version/1952/ncdd-195201-version.txt,af9aa49e9c7ca27ed8f2aac3e38ef46b06b735ace52a5381969922cba302736f,processed/nclimgrid_daily/county_tavg/1952/county_tavg_195201.csv,96317,"nclimgrid-daily_v1-0-0_snap2026-07-30, start: 1951-01, end: 2026-06, status: scaled}",/Users/andrewpark/Desktop/Code/WeatherDerivativePricing,2026-09-02T15:42:54+00:00,Sun Apr 30 19:51:53 2017,True
tavg,1952-02,scaled,https://www.ncei.noaa.gov/data/nclimgrid-daily/access/averages/1952/tavg-195202-cty-scaled.csv,raw/nclimgrid_daily/averages/1952/tavg-195202-cty-scaled.csv,2026-07-30T03:33:29+00:00,1093490,95ea6377238dc90b4262e045b0188e177a4f9559d063bb415c5eb398a571f4e0,"""10af72-5e74c75a90bf7""","Sun, 28 Aug 2022 12:41:01 GMT",https://www.ncei.noaa.gov/data/nclimgrid-daily/access/averages/1952/ncdd-195202-version.txt,raw/nclimgrid_daily/version/1952/ncdd-195202-version.txt,d8b68641ce3a6c977f3bc7e1dcb66af7a6f0729d53c1d62a8a5ac9c1094aad6b,processed/nclimgrid_daily/county_tavg/1952/county_tavg_195202.csv,90103,"nclimgrid-daily_v1-0-0_snap2026-07-30, start: 1951-01, end: 2026-06, status: scaled}",/Users/andrewpark/Desktop/Code/WeatherDerivativePricing,2026-09-02T15:42:54+00:00,Sun Apr 30 19:52:29 2017,True
tavg,1952-03,scaled,https://www.ncei.noaa.gov/data/nclimgrid-daily/access/averages/1952/tavg-195203-cty-scaled.csv,raw/nclimgrid_daily/averages/1952/tavg-195203-cty-scaled.csv,2026-07-30T03:33:30+00:00,1093490,19aaa7a5e546096b0887e711bb1e666d04e5ad989d1a4fca6430dd121abe027f,"""10af72-5e74c76f9e26f""","Sun, 28 Aug 2022 12:41:23 GMT",https://www.ncei.noaa.gov/data/nclimgrid-daily/access/averages/1952/ncdd-195203-version.txt,raw/nclimgrid_daily/version/1952/ncdd-195203-version.txt,e69c48153c4d12a6311f2d9cbaf52c4008957ccc2d006aebc4cff103a5e6e6d4,processed/nclimgrid_daily/county_tavg/1952/county_tavg_195203.csv,96317,"nclimgrid-daily_v1-0-0_snap2026-07-30, start: 1951-01, end: 2026-06, status: scaled}",/Users/andrewpark/Desktop/Code/WeatherDerivativePricing,2026-09-02T15:42:54+00:00,Sun Apr 30 19:53:07 2017,True
tavg,1952-04,scaled,https://www.ncei.noaa.gov/data/nclimgrid-daily/access/averages/1952/tavg-195204-cty-scaled.csv,raw/nclimgrid_daily/averages/1952/tavg-195204-cty-scaled.csv,2026-07-30T03:33:30+00:00,1093490,2f8c4a31cf952fa43cf033e46933cd60d142d31e7b305d7f67626d44f4909a19,"""10af72-5e74c78494d9e""","Sun, 28 Aug 2022 12:41:45 GMT",https://www.ncei.noaa.gov/data/nclimgrid-daily/access/averages/1952/ncdd-195204-version.txt,raw/nclimgrid_daily/version/1952/ncdd-195204-version.txt,bff8ff50e649c3b4172baa1b0cdf4b54d7d10e1b13577136393413185a0108bf,processed/nclimgrid_daily/county_tavg/1952/county_tavg_195204.csv,93210,"nclimgrid-daily_v1-0-0_snap2026-07-30, start: 1951-01, end: 2026-06, status: scaled}",/Users/andrewpark/Desktop/Code/WeatherDerivativePricing,2026-09-02T15:42:54+00:00,Sun Apr 30 19:53:44 2017,True
tavg,1952-05,scaled,https://www.ncei.noaa.gov/data/nclimgrid-daily/access/averages/1952/tavg-195205-cty-scaled.csv,raw/nclimgrid_daily/averages/1952/tavg-195205-cty-scaled.csv,2026-07-30T03:33:31+00:00,1093490,5ab6a61eb6d95d67b02e18e394336414e9b80ceafabe53b012669bb1f81364e0,"""10af72-5e74c7996cc9e""","Sun, 28 Aug 2022 12:42:07 GMT",https://www.ncei.noaa.gov/data/nclimgrid-daily/access/averages/1952/ncdd-195205-version.txt,raw/nclimgrid_daily/version/1952/ncdd-195205-version.txt,13eb6b504171e5900ee16fb45d9b3f2d0060e4f32794387b1bc4b14449b4957e,processed/nclimgrid_daily/county_tavg/1952/county_tavg_195205.csv,96317,"nclimgrid-daily_v1-0-0_snap2026-07-30, start: 1951-01, end: 2026-06, status: scaled}",/Users/andrewpark/Desktop/Code/WeatherDerivativePricing,2026-09-02T15:42:54+00:00,Sun Apr 30 19:54:23 2017,True
tavg,1952-06,scaled,https://www.ncei.noaa.gov/data/nclimgrid-daily/access/averages/1952/tavg-195206-cty-scaled.csv,raw/nclimgrid_daily/averages/1952/tavg-195206-cty-scaled.csv,2026-07-30T03:33:31+00:00,1093490,ffc1f07e49ac5552d49edc5926701b3feaec4b96a82265b6ece95c2c75c2ba7b,"""10af72-5e74c7af990ed""","Sun, 28 Aug 2022 12:42:30 GMT",https://www.ncei.noaa.gov/data/nclimgrid-daily/access/averages/1952/ncdd-195206-version.txt,raw/nclimgrid_daily/version/1952/ncdd-195206-version.txt,8b3ebf0c2bc3da9af9cb66bfe77a047cf6433801ea572c6555347e32c0c864bd,processed/nclimgrid_daily/county_tavg/1952/county_tavg_195206.csv,93210,"nclimgrid-daily_v1-0-0_snap2026-07-30, start: 1951-01, end: 2026-06, status: scaled}",/Users/andrewpark/Desktop/Code/WeatherDerivativePricing,2026-09-02T15:42:54+00:00,Sun Apr 30 19:55:01 2017,True
tavg,1952-07,scaled,https://www.ncei.noaa.gov/data/nclimgrid-daily/access/averages/1952/tavg-195207-cty-scaled.csv,raw/nclimgrid_daily/averages/1952/tavg-195207-cty-scaled.csv,2026-07-30T03:33:32+00:00,1093490,00f8f9323ebc906a5bfed5f8bfa14dfef6338fb513b5718c483bd0e5a5111512,"""10af72-5e74c7c4be634""","Sun, 28 Aug 2022 12:42:52 GMT",https://www.ncei.noaa.gov/data/nclimgrid-daily/access/averages/1952/ncdd-195207-version.txt,raw/nclimgrid_daily/version/1952/ncdd-195207-version.txt,48dba9a6ae01a675a972d59ce2ad19e0dc5f58f18be572b4d2f1e6a7ce851577,processed/nclimgrid_daily/county_tavg/1952/county_tavg_195207.csv,96317,"nclimgrid-daily_v1-0-0_snap2026-07-30, start: 1951-01, end: 2026-06, status: scaled}",/Users/andrewpark/Desktop/Code/WeatherDerivativePricing,2026-09-02T15:42:54+00:00,Sun Apr 30 19:55:41 2017,True
tavg,1952-08,scaled,https://www.ncei.noaa.gov/data/nclimgrid-daily/access/averages/1952/tavg-195208-cty-scaled.csv,raw/nclimgrid_daily/averages/1952/tavg-195208-cty-scaled.csv,2026-07-30T03:33:33+00:00,1093490,7d0b261838cba0109ab25b5feb3e54967abccf1ae6ffd7d81c535475b02a5419,"""10af72-5e74c7da97294""","Sun, 28 Aug 2022 12:43:15 GMT",https://www.ncei.noaa.gov/data/nclimgrid-daily/access/averages/1952/ncdd-195208-version.txt,raw/nclimgrid_daily/version/1952/ncdd-195208-version.txt,96feca5d2767534911c9bf69c1f38dbbd05e9fb4df0493a910abba4491b50cab,processed/nclimgrid_daily/county_tavg/1952/county_tavg_195208.csv,96317,"nclimgrid-daily_v1-0-0_snap2026-07-30, start: 1951-01, end: 2026-06, status: scaled}",/Users/andrewpark/Desktop/Code/WeatherDerivativePricing,2026-09-02T15:42:54+00:00,Sun Apr 30 19:56:20 2017,True
tavg,1952-09,scaled,https://www.ncei.noaa.gov/data/nclimgrid-daily/access/averages/1952/tavg-195209-cty-scaled.csv,raw/nclimgrid_daily/averages/1952/tavg-195209-cty-scaled.csv,2026-07-30T03:33:33+00:00,1093490,ba11af0a5669a6058f3f39f3f1f342ab5b565c23a73a9d8599c16bfc532a1148,"""10af72-5e74c7f299a53""","Sun, 28 Aug 2022 12:43:40 GMT",https://www.ncei.noaa.gov/data/nclimgrid-daily/access/averages/1952/ncdd-195209-version.txt,raw/nclimgrid_daily/version/1952/ncdd-195209-version.txt,7bcd67a307d90a55c2fa766e6aaea8a3e0f5a39ebf008a9fdf947014bf3db230,processed/nclimgrid_daily/county_tavg/1952/county_tavg_195209.csv,93210,"nclimgrid-daily_v1-0-0_snap2026-07-30, start: 1951-01, end: 2026-06, status: scaled}",/Users/andrewpark/Desktop/Code/WeatherDerivativePricing,2026-09-02T15:42:54+00:00,Sun Apr 30 19:56:59 2017,True
tavg,1952-10,scaled,https://www.ncei.noaa.gov/data/nclimgrid-daily/access/averages/1952/tavg-195210-cty-scaled.csv,raw/nclimgrid_daily/averages/1952/tavg-195210-cty-scaled.csv,2026-07-30T03:33:34+00:00,1093490,c4b516246ab0c3b7ae1830459cc3fefe2adcf5893deb48d3599956fe7b9f7b18,"""10af72-5e74c80b1ff72""","Sun, 28 Aug 2022 12:44:06 GMT",https://www.ncei.noaa.gov/data/nclimgrid-daily/access/averages/1952/ncdd-195210-version.txt,raw/nclimgrid_daily/version/1952/ncdd-195210-version.txt,745d5012d84a4ad22512e297ee089824e30799ea7b0c5a354a2db64542fdb4d6,processed/nclimgrid_daily/county_tavg/1952/county_tavg_195210.csv,96317,"nclimgrid-daily_v1-0-0_snap2026-07-30, start: 1951-01, end: 2026-06, status: scaled}",/Users/andrewpark/Desktop/Code/WeatherDerivativePricing,2026-09-02T15:42:54+00:00,Thu Jul  6 09:12:13 2017,True
tavg,1952-11,scaled,https://www.ncei.noaa.gov/data/nclimgrid-daily/access/averages/1952/tavg-195211-cty-scaled.csv,raw/nclimgrid_daily/averages/1952/tavg-195211-cty-scaled.csv,2026-07-30T03:33:34+00:00,1093490,791a407d5c3b438f93746919ad2b70fe706fc16afb7364dcf15757197c69743a,"""10af72-5e74c81febb22""","Sun, 28 Aug 2022 12:44:28 GMT",https://www.ncei.noaa.gov/data/nclimgrid-daily/access/averages/1952/ncdd-195211-version.txt,raw/nclimgrid_daily/version/1952/ncdd-195211-version.txt,56279e694ad1a02174454dbae33c3ddac02af872bac5a454eadb2858bdcd1a15,processed/nclimgrid_daily/county_tavg/1952/county_tavg_195211.csv,93210,"nclimgrid-daily_v1-0-0_snap2026-07-30, start: 1951-01, end: 2026-06, status: scaled}",/Users/andrewpark/Desktop/Code/WeatherDerivativePricing,2026-09-02T15:42:54+00:00,Sun Apr 30 19:58:16 2017,True
tavg,1952-12,scaled,https://www.ncei.noaa.gov/data/nclimgrid-daily/access/averages/1952/tavg-195212-cty-scaled.csv,raw/nclimgrid_daily/averages/1952/tavg-195212-cty-scaled.csv,2026-07-30T03:33:35+00:00,1093490,73340fdb1d8c25b53e95248d9df6cc6f2e1baa2e3c1be6619011dd742830dbe5,"""10af72-5e74c8374c509""","Sun, 28 Aug 2022 12:44:52 GMT",https://www.ncei.noaa.gov/data/nclimgrid-daily/access/averages/1952/ncdd-195212-version.txt,raw/nclimgrid_daily/version/1952/ncdd-195212-version.txt,f6bb9a634bb0d833c88c4024df6c532dbdc21f173884f80ced8bdc826f034f8d,processed/nclimgrid_daily/county_tavg/1952/county_tavg_195212.csv,96317,"nclimgrid-daily_v1-0-0_snap2026-07-30, start: 1951-01, end: 2026-06, status: scaled}",/Users/andrewpark/Desktop/Code/WeatherDerivativePricing,2026-09-02T15:42:54+00:00,Sun Apr 30 19:58:57 2017,True
tavg,1953-01,scaled,https://www.ncei.noaa.gov/data/nclimgrid-daily/access/averages/1953/tavg-195301-cty-scaled.csv,raw/nclimgrid_daily/averages/1953/tavg-195301-cty-scaled.csv,2026-07-30T03:33:36+00:00,1093490,e6d7fa67f1f26a392e2df6a2d5aa0bdece290e3aae7ee7aa77ef4811d20d291c,"""10af72-5e7512b83424d""","Sun, 28 Aug 2022 18:18:11 GMT",https://www.ncei.noaa.gov/data/nclimgrid-daily/access/averages/1953/ncdd-195301-version.txt,raw/nclimgrid_daily/version/1953/ncdd-195301-version.txt,f3afe4d404e35b69fec9d490fb2fce33184d2dbf2e3668292eb4f24f4886c34d,processed/nclimgrid_daily/county_tavg/1953/county_tavg_195301.csv,96317,"nclimgrid-daily_v1-0-0_snap2026-07-30, start: 1951-01, end: 2026-06, status: scaled}",/Users/andrewpark/Desktop/Code/WeatherDerivativePricing,2026-09-02T15:42:54+00:00,Mon May  1 03:33:30 2017,True
tavg,1953-02,scaled,https://www.ncei.noaa.gov/data/nclimgrid-daily/access/averages/1953/tavg-195302-cty-scaled.csv,raw/nclimgrid_daily/averages/1953/tavg-195302-cty-scaled.csv,2026-07-30T03:33:36+00:00,1093490,fb226381bd849eaba2f9273d0d2894b642d595db12630f6ce16a56a8e1540081,"""10af72-5e7512cb142cc""","Sun, 28 Aug 2022 18:18:31 GMT",https://www.ncei.noaa.gov/data/nclimgrid-daily/access/averages/1953/ncdd-195302-version.txt,raw/nclimgrid_daily/version/1953/ncdd-195302-version.txt,7314ed88f6c16d34bd30cf86eec0b64c9443563aadbe7a804bf793279d091d7b,processed/nclimgrid_daily/county_tavg/1953/county_tavg_195302.csv,86996,"nclimgrid-daily_v1-0-0_snap2026-07-30, start: 1951-01, end: 2026-06, status: scaled}",/Users/andrewpark/Desktop/Code/WeatherDerivativePricing,2026-09-02T15:42:54+00:00,Mon May  1 03:34:00 2017,True
tavg,1953-03,scaled,https://www.ncei.noaa.gov/data/nclimgrid-daily/access/averages/1953/tavg-195303-cty-scaled.csv,raw/nclimgrid_daily/averages/1953/tavg-195303-cty-scaled.csv,2026-07-30T03:33:37+00:00,1093490,afa59a70f0d6575dff831dbbed789606859cea0ec2f68d8f3051d9b2db54d879,"""10af72-5e7512de025dc""","Sun, 28 Aug 2022 18:18:51 GMT",https://www.ncei.noaa.gov/data/nclimgrid-daily/access/averages/1953/ncdd-195303-version.txt,raw/nclimgrid_daily/version/1953/ncdd-195303-version.txt,000ff1971c3c25144601eea7e3b4518135088fad5bf989c27f4e340b262a22b7,processed/nclimgrid_daily/county_tavg/1953/county_tavg_195303.csv,96317,"nclimgrid-daily_v1-0-0_snap2026-07-30, start: 1951-01, end: 2026-06, status: scaled}",/Users/andrewpark/Desktop/Code/WeatherDerivativePricing,2026-09-02T15:42:54+00:00,Mon May  1 03:34:32 2017,True
tavg,1953-04,scaled,https://www.ncei.noaa.gov/data/nclimgrid-daily/access/averages/1953/tavg-195304-cty-scaled.csv,raw/nclimgrid_daily/averages/1953/tavg-195304-cty-scaled.csv,2026-07-30T03:33:38+00:00,1093490,3ea28ed01ba955eb20e01c141d8d9f9403392ea9fcf09e02d8405fb791e2a88e,"""10af72-5e7512f06ac4b""","Sun, 28 Aug 2022 18:19:10 GMT",https://www.ncei.noaa.gov/data/nclimgrid-daily/access/averages/1953/ncdd-195304-version.txt,raw/nclimgrid_daily/version/1953/ncdd-195304-version.txt,1bbd6cf102c7527ae2e651c256613e2acc238ae9b3279edb88f417654e27ce20,processed/nclimgrid_daily/county_tavg/1953/county_tavg_195304.csv,93210,"nclimgrid-daily_v1-0-0_snap2026-07-30, start: 1951-01, end: 2026-06, status: scaled}",/Users/andrewpark/Desktop/Code/WeatherDerivativePricing,2026-09-02T15:42:54+00:00,Mon May  1 03:35:06 2017,True
tavg,1953-05,scaled,https://www.ncei.noaa.gov/data/nclimgrid-daily/access/averages/1953/tavg-195305-cty-scaled.csv,raw/nclimgrid_daily/averages/1953/tavg-195305-cty-scaled.csv,2026-07-30T03:33:38+00:00,1093490,24ba6c0aaadff3f5a21263659bf08205ab121305925255377ffa6d8e853d11e0,"""10af72-5e7513044f4c2""","Sun, 28 Aug 2022 18:19:31 GMT",https://www.ncei.noaa.gov/data/nclimgrid-daily/access/averages/1953/ncdd-195305-version.txt,raw/nclimgrid_daily/version/1953/ncdd-195305-version.txt,4798f205be3e10003a9c0ff36b37e8eae5e18a5583abba09c34c02cf9aa45ebf,processed/nclimgrid_daily/county_tavg/1953/county_tavg_195305.csv,96317,"nclimgrid-daily_v1-0-0_snap2026-07-30, start: 1951-01, end: 2026-06, status: scaled}",/Users/andrewpark/Desktop/Code/WeatherDerivativePricing,2026-09-02T15:42:54+00:00,Mon May  1 03:35:39 2017,True
tavg,1953-06,scaled,https://www.ncei.noaa.gov/data/nclimgrid-daily/access/averages/1953/tavg-195306-cty-scaled.csv,raw/nclimgrid_daily/averages/1953/tavg-195306-cty-scaled.csv,2026-07-30T03:33:39+00:00,1093490,c115424522b6e5156cba90eb8ba1e97779e462ed2bb6954bd78a49b3f0662bff,"""10af72-5e7513173fafa""","Sun, 28 Aug 2022 18:19:51 GMT",https://www.ncei.noaa.gov/data/nclimgrid-daily/access/averages/1953/ncdd-195306-version.txt,raw/nclimgrid_daily/version/1953/ncdd-195306-version.txt,56b0700929b02db8dfc6dd66158de96db7f3b6e358f4acb69e5de8fe40c8d2b4,processed/nclimgrid_daily/county_tavg/1953/county_tavg_195306.csv,93210,"nclimgrid-daily_v1-0-0_snap2026-07-30, start: 1951-01, end: 2026-06, status: scaled}",/Users/andrewpark/Desktop/Code/WeatherDerivativePricing,2026-09-02T15:42:54+00:00,Mon May  1 03:36:11 2017,True
tavg,1953-07,scaled,https://www.ncei.noaa.gov/data/nclimgrid-daily/access/averages/1953/tavg-195307-cty-scaled.csv,raw/nclimgrid_daily/averages/1953/tavg-195307-cty-scaled.csv,2026-07-30T03:33:40+00:00,1093490,22faa6e94fbf309af74da9a87f606e9022125f1136bb68d69669feb8e47f96f6,"""10af72-5e75132af45d1""","Sun, 28 Aug 2022 18:20:12 GMT",https://www.ncei.noaa.gov/data/nclimgrid-daily/access/averages/1953/ncdd-195307-version.txt,raw/nclimgrid_daily/version/1953/ncdd-195307-version.txt,8b4c4b6659e333d74d54f8e96b39e563492ee9ce4d1632efd096c28c05e2be3b,processed/nclimgrid_daily/county_tavg/1953/county_tavg_195307.csv,96317,"nclimgrid-daily_v1-0-0_snap2026-07-30, start: 1951-01, end: 2026-06, status: scaled}",/Users/andrewpark/Desktop/Code/WeatherDerivativePricing,2026-09-02T15:42:54+00:00,Mon May  1 03:36:47 2017,True
tavg,1953-08,scaled,https://www.ncei.noaa.gov/data/nclimgrid-daily/access/averages/1953/tavg-195308-cty-scaled.csv,raw/nclimgrid_daily/averages/1953/tavg-195308-cty-scaled.csv,2026-07-30T03:33:40+00:00,1093490,f460b55cde4cb0a8bc8df6672a667b25fba110ecf04a59e1295ac87bdf56c431,"""10af72-5e75133e6e729""","Sun, 28 Aug 2022 18:20:32 GMT",https://www.ncei.noaa.gov/data/nclimgrid-daily/access/averages/1953/ncdd-195308-version.txt,raw/nclimgrid_daily/version/1953/ncdd-195308-version.txt,af0f987f4d2efa4dbd35f9e3da8e49a81472b3292d72a23c6a589ffe586da01b,processed/nclimgrid_daily/county_tavg/1953/county_tavg_195308.csv,96317,"nclimgrid-daily_v1-0-0_snap2026-07-30, start: 1951-01, end: 2026-06, status: scaled}",/Users/andrewpark/Desktop/Code/WeatherDerivativePricing,2026-09-02T15:42:54+00:00,Mon May  1 03:37:20 2017,True
tavg,1953-09,scaled,https://www.ncei.noaa.gov/data/nclimgrid-daily/access/averages/1953/tavg-195309-cty-scaled.csv,raw/nclimgrid_daily/averages/1953/tavg-195309-cty-scaled.csv,2026-07-30T03:33:41+00:00,1093490,924746e7895e004ebd93015d7eaabd87260c0d644737d3f1175c04372e3514d3,"""10af72-5e7513536fe38""","Sun, 28 Aug 2022 18:20:54 GMT",https://www.ncei.noaa.gov/data/nclimgrid-daily/access/averages/1953/ncdd-195309-version.txt,raw/nclimgrid_daily/version/1953/ncdd-195309-version.txt,025057b366830caba4b51fb09ce0ef0d97804b38fe25b07457b2f143c58b6ac9,processed/nclimgrid_daily/county_tavg/1953/county_tavg_195309.csv,93210,"nclimgrid-daily_v1-0-0_snap2026-07-30, start: 1951-01, end: 2026-06, status: scaled}",/Users/andrewpark/Desktop/Code/WeatherDerivativePricing,2026-09-02T15:42:54+00:00,Mon May  1 03:37:55 2017,True
tavg,1953-10,scaled,https://www.ncei.noaa.gov/data/nclimgrid-daily/access/averages/1953/tavg-195310-cty-scaled.csv,raw/nclimgrid_daily/averages/1953/tavg-195310-cty-scaled.csv,2026-07-30T03:33:41+00:00,1093490,4396e0683977c93874d4eac567f081749df253474086c1ea315474f7fb66848a,"""10af72-5e7513665dd60""","Sun, 28 Aug 2022 18:21:14 GMT",https://www.ncei.noaa.gov/data/nclimgrid-daily/access/averages/1953/ncdd-195310-version.txt,raw/nclimgrid_daily/version/1953/ncdd-195310-version.txt,2ed5b9e90beadc8d03a4b881cfb347e66aa7c4f91d9eaf02a007c8ec26b3549b,processed/nclimgrid_daily/county_tavg/1953/county_tavg_195310.csv,96317,"nclimgrid-daily_v1-0-0_snap2026-07-30, start: 1951-01, end: 2026-06, status: scaled}",/Users/andrewpark/Desktop/Code/WeatherDerivativePricing,2026-09-02T15:42:54+00:00,Mon May  1 03:38:29 2017,True
tavg,1953-11,scaled,https://www.ncei.noaa.gov/data/nclimgrid-daily/access/averages/1953/tavg-195311-cty-scaled.csv,raw/nclimgrid_daily/averages/1953/tavg-195311-cty-scaled.csv,2026-07-30T03:33:42+00:00,1093490,49b3afab7e022e36c65a5b599c67b501be2dede7b3356f69cc730edf1b072121,"""10af72-5e7513791a38f""","Sun, 28 Aug 2022 18:21:34 GMT",https://www.ncei.noaa.gov/data/nclimgrid-daily/access/averages/1953/ncdd-195311-version.txt,raw/nclimgrid_daily/version/1953/ncdd-195311-version.txt,c9be482ef46149a4d4295a3559f87fd0501acdaf78d83069d09331e9d980dbfb,processed/nclimgrid_daily/county_tavg/1953/county_tavg_195311.csv,93210,"nclimgrid-daily_v1-0-0_snap2026-07-30, start: 1951-01, end: 2026-06, status: scaled}",/Users/andrewpark/Desktop/Code/WeatherDerivativePricing,2026-09-02T15:42:54+00:00,Mon May  1 03:39:02 2017,True
tavg,1953-12,scaled,https://www.ncei.noaa.gov/data/nclimgrid-daily/access/averages/1953/tavg-195312-cty-scaled.csv,raw/nclimgrid_daily/averages/1953/tavg-195312-cty-scaled.csv,2026-07-30T03:33:43+00:00,1093490,a60fc91a2eddd8485e20138aad94a055bc455a413da3047145a8e6cfaf12ecc7,"""10af72-5e75138c6b0bf""","Sun, 28 Aug 2022 18:21:54 GMT",https://www.ncei.noaa.gov/data/nclimgrid-daily/access/averages/1953/ncdd-195312-version.txt,raw/nclimgrid_daily/version/1953/ncdd-195312-version.txt,4c4434528cb753259526ae9ffd55002dfcd24b4d280fa51452aab2edf9e627a1,processed/nclimgrid_daily/county_tavg/1953/county_tavg_195312.csv,96317,"nclimgrid-daily_v1-0-0_snap2026-07-30, start: 1951-01, end: 2026-06, status: scaled}",/Users/andrewpark/Desktop/Code/WeatherDerivativePricing,2026-09-02T15:42:54+00:00,Mon May  1 03:39:37 2017,True
tavg,1954-01,scaled,https://www.ncei.noaa.gov/data/nclimgrid-daily/access/averages/1954/tavg-195401-cty-scaled.csv,raw/nclimgrid_daily/averages/1954/tavg-195401-cty-scaled.csv,2026-07-30T03:33:44+00:00,1093490,4670c264a4921046a1070bea58acc5a1feb68df0916425487667ad31a59b7df1,"""10af72-5e7513a4401ee""","Sun, 28 Aug 2022 18:22:19 GMT",https://www.ncei.noaa.gov/data/nclimgrid-daily/access/averages/1954/ncdd-195401-version.txt,raw/nclimgrid_daily/version/1954/ncdd-195401-version.txt,c107bd15ed6a9d226e85c81575d5a0e3723a2554bcd9fa949c9357e9951a93d2,processed/nclimgrid_daily/county_tavg/1954/county_tavg_195401.csv,96317,"nclimgrid-daily_v1-0-0_snap2026-07-30, start: 1951-01, end: 2026-06, status: scaled}",/Users/andrewpark/Desktop/Code/WeatherDerivativePricing,2026-09-02T15:42:54+00:00,Mon May  1 11:43:53 2017,True
tavg,1954-02,scaled,https://www.ncei.noaa.gov/data/nclimgrid-daily/access/averages/1954/tavg-195402-cty-scaled.csv,raw/nclimgrid_daily/averages/1954/tavg-195402-cty-scaled.csv,2026-07-30T03:33:44+00:00,1093490,eff886fb76c752a8a09578fb9fb198ebab2ad33a367cf6ca1b0569e7343868db,"""10af72-5e7513bbaafe5""","Sun, 28 Aug 2022 18:22:44 GMT",https://www.ncei.noaa.gov/data/nclimgrid-daily/access/averages/1954/ncdd-195402-version.txt,raw/nclimgrid_daily/version/1954/ncdd-195402-version.txt,651f35100d91abd5f2e202356c72989cf54cc99d2654d4c17e8f4f1bacfdce6e,processed/nclimgrid_daily/county_tavg/1954/county_tavg_195402.csv,86996,"nclimgrid-daily_v1-0-0_snap2026-07-30, start: 1951-01, end: 2026-06, status: scaled}",/Users/andrewpark/Desktop/Code/WeatherDerivativePricing,2026-09-02T15:42:54+00:00,Mon May  1 11:44:23 2017,True
tavg,1954-03,scaled,https://www.ncei.noaa.gov/data/nclimgrid-daily/access/averages/1954/tavg-195403-cty-scaled.csv,raw/nclimgrid_daily/averages/1954/tavg-195403-cty-scaled.csv,2026-07-30T03:33:45+00:00,1093490,9c40ee2a4b998aebe85e44ff6124287f218cce363c044587a4bbc2ee721c653b,"""10af72-5e7513cf8cd65""","Sun, 28 Aug 2022 18:23:04 GMT",https://www.ncei.noaa.gov/data/nclimgrid-daily/access/averages/1954/ncdd-195403-version.txt,raw/nclimgrid_daily/version/1954/ncdd-195403-version.txt,bdcc5384e09875bf61f1b65c5c52a28ba6f7655ad73b92b391d58170756a2198,processed/nclimgrid_daily/county_tavg/1954/county_tavg_195403.csv,96317,"nclimgrid-daily_v1-0-0_snap2026-07-30, start: 1951-01, end: 2026-06, status: scaled}",/Users/andrewpark/Desktop/Code/WeatherDerivativePricing,2026-09-02T15:42:54+00:00,Mon May  1 11:44:52 2017,True
tavg,1954-04,scaled,https://www.ncei.noaa.gov/data/nclimgrid-daily/access/averages/1954/tavg-195404-cty-scaled.csv,raw/nclimgrid_daily/averages/1954/tavg-195404-cty-scaled.csv,2026-07-30T03:33:45+00:00,1093490,40bbf31df4ac018fc34a72c55a6f607d38375ca9a9b2e7d43d15565b5a3c7406,"""10af72-5e7513e3456bc""","Sun, 28 Aug 2022 18:23:25 GMT",https://www.ncei.noaa.gov/data/nclimgrid-daily/access/averages/1954/ncdd-195404-version.txt,raw/nclimgrid_daily/version/1954/ncdd-195404-version.txt,f2a83cd12b91cbe89476a26aa1363412f9802f34c776ed495df1555705271f1f,processed/nclimgrid_daily/county_tavg/1954/county_tavg_195404.csv,93210,"nclimgrid-daily_v1-0-0_snap2026-07-30, start: 1951-01, end: 2026-06, status: scaled}",/Users/andrewpark/Desktop/Code/WeatherDerivativePricing,2026-09-02T15:42:54+00:00,Mon May  1 11:45:19 2017,True
tavg,1954-05,scaled,https://www.ncei.noaa.gov/data/nclimgrid-daily/access/averages/1954/tavg-195405-cty-scaled.csv,raw/nclimgrid_daily/averages/1954/tavg-195405-cty-scaled.csv,2026-07-30T03:33:46+00:00,1093490,2a8f3edea183fc507a2d229390e2285d5a2a519f64a812625041e9cab1d905b8,"""10af72-5e7513f6d347c""","Sun, 28 Aug 2022 18:23:46 GMT",https://www.ncei.noaa.gov/data/nclimgrid-daily/access/averages/1954/ncdd-195405-version.txt,raw/nclimgrid_daily/version/1954/ncdd-195405-version.txt,21931bd31146a11048c5ccd6232c9f88156796654d7c4151f803eb7bcf85f1d9,processed/nclimgrid_daily/county_tavg/1954/county_tavg_195405.csv,96317,"nclimgrid-daily_v1-0-0_snap2026-07-30, start: 1951-01, end: 2026-06, status: scaled}",/Users/andrewpark/Desktop/Code/WeatherDerivativePricing,2026-09-02T15:42:54+00:00,Mon May  1 11:45:48 2017,True
tavg,1954-06,scaled,https://www.ncei.noaa.gov/data/nclimgrid-daily/access/averages/1954/tavg-195406-cty-scaled.csv,raw/nclimgrid_daily/averages/1954/tavg-195406-cty-scaled.csv,2026-07-30T03:33:47+00:00,1093490,b588706d7e282ae4d3b37d2e6ea0debeb0d5d3642ad50a46a65fcf628553365c,"""10af72-5e75140b1f14b""","Sun, 28 Aug 2022 18:24:07 GMT",https://www.ncei.noaa.gov/data/nclimgrid-daily/access/averages/1954/ncdd-195406-version.txt,raw/nclimgrid_daily/version/1954/ncdd-195406-version.txt,1f5b35fa50a5fab3230febb703d81cbddae8c848d1f73989657a79ac02f75c74,processed/nclimgrid_daily/county_tavg/1954/county_tavg_195406.csv,93210,"nclimgrid-daily_v1-0-0_snap2026-07-30, start: 1951-01, end: 2026-06, status: scaled}",/Users/andrewpark/Desktop/Code/WeatherDerivativePricing,2026-09-02T15:42:54+00:00,Mon May  1 11:46:16 2017,True
tavg,1954-07,scaled,https://www.ncei.noaa.gov/data/nclimgrid-daily/access/averages/1954/tavg-195407-cty-scaled.csv,raw/nclimgrid_daily/averages/1954/tavg-195407-cty-scaled.csv,2026-07-30T03:33:47+00:00,1093490,a6d98f87df8ee81fdafd72030b1c9c6359225792b2df88273bbd572f83a561a2,"""10af72-5e75141ff510a""","Sun, 28 Aug 2022 18:24:29 GMT",https://www.ncei.noaa.gov/data/nclimgrid-daily/access/averages/1954/ncdd-195407-version.txt,raw/nclimgrid_daily/version/1954/ncdd-195407-version.txt,d1d43a95ce95abff000d3d6938a09dc50fa6adc1bda8f77093f6f19e036ab2dc,processed/nclimgrid_daily/county_tavg/1954/county_tavg_195407.csv,96317,"nclimgrid-daily_v1-0-0_snap2026-07-30, start: 1951-01, end: 2026-06, status: scaled}",/Users/andrewpark/Desktop/Code/WeatherDerivativePricing,2026-09-02T15:42:54+00:00,Mon May  1 11:46:46 2017,True
tavg,1954-08,scaled,https://www.ncei.noaa.gov/data/nclimgrid-daily/access/averages/1954/tavg-195408-cty-scaled.csv,raw/nclimgrid_daily/averages/1954/tavg-195408-cty-scaled.csv,2026-07-30T03:33:48+00:00,1093490,45f6e9694047c33cb6c7b7f3819307c8576050cd9bedc609bd05d1fd9b66a746,"""10af72-5e751432c7ab2""","Sun, 28 Aug 2022 18:24:48 GMT",https://www.ncei.noaa.gov/data/nclimgrid-daily/access/averages/1954/ncdd-195408-version.txt,raw/nclimgrid_daily/version/1954/ncdd-195408-version.txt,3be5d2c0f1f7ae99d412e3fb9f96e90df6333da4b22449bede12af98dd3881a1,processed/nclimgrid_daily/county_tavg/1954/county_tavg_195408.csv,96317,"nclimgrid-daily_v1-0-0_snap2026-07-30, start: 1951-01, end: 2026-06, status: scaled}",/Users/andrewpark/Desktop/Code/WeatherDerivativePricing,2026-09-02T15:42:54+00:00,Mon May  1 11:47:14 2017,True
tavg,1954-09,scaled,https://www.ncei.noaa.gov/data/nclimgrid-daily/access/averages/1954/tavg-195409-cty-scaled.csv,raw/nclimgrid_daily/averages/1954/tavg-195409-cty-scaled.csv,2026-07-30T03:33:48+00:00,1093490,97532f8da0f5d02d5da31757c8d25a9d5aec6c5ef3e1bcca679ff3e83e214825,"""10af72-5e7514458a289""","Sun, 28 Aug 2022 18:25:08 GMT",https://www.ncei.noaa.gov/data/nclimgrid-daily/access/averages/1954/ncdd-195409-version.txt,raw/nclimgrid_daily/version/1954/ncdd-195409-version.txt,c519953fce380431dcad4912014e5c0047046f3b82969d08b9142f4e969dd967,processed/nclimgrid_daily/county_tavg/1954/county_tavg_195409.csv,93210,"nclimgrid-daily_v1-0-0_snap2026-07-30, start: 1951-01, end: 2026-06, status: scaled}",/Users/andrewpark/Desktop/Code/WeatherDerivativePricing,2026-09-02T15:42:54+00:00,Mon May  1 11:47:43 2017,True
tavg,1954-10,scaled,https://www.ncei.noaa.gov/data/nclimgrid-daily/access/averages/1954/tavg-195410-cty-scaled.csv,raw/nclimgrid_daily/averages/1954/tavg-195410-cty-scaled.csv,2026-07-30T03:33:49+00:00,1093490,13e99454b54e10e2cb5cb10f128fa25e14db368ad5d28a0c468cf4c5f234b7e6,"""10af72-5e75145857e11""","Sun, 28 Aug 2022 18:25:28 GMT",https://www.ncei.noaa.gov/data/nclimgrid-daily/access/averages/1954/ncdd-195410-version.txt,raw/nclimgrid_daily/version/1954/ncdd-195410-version.txt,dc3c76b5ef8561adba816de70a4d68506f96e22c6f922a6f07379373ffefec13,processed/nclimgrid_daily/county_tavg/1954/county_tavg_195410.csv,96317,"nclimgrid-daily_v1-0-0_snap2026-07-30, start: 1951-01, end: 2026-06, status: scaled}",/Users/andrewpark/Desktop/Code/WeatherDerivativePricing,2026-09-02T15:42:54+00:00,Mon May  1 11:48:12 2017,True
tavg,1954-11,scaled,https://www.ncei.noaa.gov/data/nclimgrid-daily/access/averages/1954/tavg-195411-cty-scaled.csv,raw/nclimgrid_daily/averages/1954/tavg-195411-cty-scaled.csv,2026-07-30T03:33:50+00:00,1093490,7b427347e2362c55edc91381c9590f3122fd92552da7096295469fe3ff71b02a,"""10af72-5e75146b91440""","Sun, 28 Aug 2022 18:25:48 GMT",https://www.ncei.noaa.gov/data/nclimgrid-daily/access/averages/1954/ncdd-195411-version.txt,raw/nclimgrid_daily/version/1954/ncdd-195411-version.txt,80edf8bd2e01a447ad0b3ed7a3bca9afa51f79ec73d62e3d4663a04e54707cc7,processed/nclimgrid_daily/county_tavg/1954/county_tavg_195411.csv,93210,"nclimgrid-daily_v1-0-0_snap2026-07-30, start: 1951-01, end: 2026-06, status: scaled}",/Users/andrewpark/Desktop/Code/WeatherDerivativePricing,2026-09-02T15:42:54+00:00,Mon May  1 11:48:40 2017,True
tavg,1954-12,scaled,https://www.ncei.noaa.gov/data/nclimgrid-daily/access/averages/1954/tavg-195412-cty-scaled.csv,raw/nclimgrid_daily/averages/1954/tavg-195412-cty-scaled.csv,2026-07-30T03:33:51+00:00,1093490,055f43b3604daf1ab505f448ace8749feddc5186e45d574228aee8ee08c578ff,"""10af72-5e75148020730""","Sun, 28 Aug 2022 18:26:10 GMT",https://www.ncei.noaa.gov/data/nclimgrid-daily/access/averages/1954/ncdd-195412-version.txt,raw/nclimgrid_daily/version/1954/ncdd-195412-version.txt,e4c1dd2ce04b68f117cd1fd0e81536d32783f6fb41b261f85f134e19685f5b67,processed/nclimgrid_daily/county_tavg/1954/county_tavg_195412.csv,96317,"nclimgrid-daily_v1-0-0_snap2026-07-30, start: 1951-01, end: 2026-06, status: scaled}",/Users/andrewpark/Desktop/Code/WeatherDerivativePricing,2026-09-02T15:42:54+00:00,Mon May  1 11:49:12 2017,True
tavg,1955-01,scaled,https://www.ncei.noaa.gov/data/nclimgrid-daily/access/averages/1955/tavg-195501-cty-scaled.csv,raw/nclimgrid_daily/averages/1955/tavg-195501-cty-scaled.csv,2026-07-30T03:33:52+00:00,1093490,be60a43a6b66e600eecf0917b70b2a2520ef8fa8a6c8bb00bd18aaea0ead2faa,"""10af72-5e75ee91ed78f""","Mon, 29 Aug 2022 10:41:47 GMT",https://www.ncei.noaa.gov/data/nclimgrid-daily/access/averages/1955/ncdd-195501-version.txt,raw/nclimgrid_daily/version/1955/ncdd-195501-version.txt,e261cd2833fd6af603ca647bf61c830940cbab4f3ecdfc2bc9cc4311580a1bfc,processed/nclimgrid_daily/county_tavg/1955/county_tavg_195501.csv,96317,"nclimgrid-daily_v1-0-0_snap2026-07-30, start: 1951-01, end: 2026-06, status: scaled}",/Users/andrewpark/Desktop/Code/WeatherDerivativePricing,2026-09-02T15:42:54+00:00,Mon May  1 20:14:39 2017,True
tavg,1955-02,scaled,https://www.ncei.noaa.gov/data/nclimgrid-daily/access/averages/1955/tavg-195502-cty-scaled.csv,raw/nclimgrid_daily/averages/1955/tavg-195502-cty-scaled.csv,2026-07-30T03:33:53+00:00,1093490,a45c68b1ade25c54d473900c014166ffbad0f10e651d43006a1e1e0010138c0b,"""10af72-5e75eea5ababf""","Mon, 29 Aug 2022 10:42:08 GMT",https://www.ncei.noaa.gov/data/nclimgrid-daily/access/averages/1955/ncdd-195502-version.txt,raw/nclimgrid_daily/version/1955/ncdd-195502-version.txt,30eaf67f425e4e977443633f26503ba1e0e653ac0c14864983b8bb0d950b9fc2,processed/nclimgrid_daily/county_tavg/1955/county_tavg_195502.csv,86996,"nclimgrid-daily_v1-0-0_snap2026-07-30, start: 1951-01, end: 2026-06, status: scaled}",/Users/andrewpark/Desktop/Code/WeatherDerivativePricing,2026-09-02T15:42:54+00:00,Mon May  1 20:15:06 2017,True
tavg,1955-03,scaled,https://www.ncei.noaa.gov/data/nclimgrid-daily/access/averages/1955/tavg-195503-cty-scaled.csv,raw/nclimgrid_daily/averages/1955/tavg-195503-cty-scaled.csv,2026-07-30T03:33:54+00:00,1093490,a68a309339e18ec50a0a532249bad46ecd70b88edb1946f76e5cf6908c17abb7,"""10af72-5e75eeb9a66ae""","Mon, 29 Aug 2022 10:42:29 GMT",https://www.ncei.noaa.gov/data/nclimgrid-daily/access/averages/1955/ncdd-195503-version.txt,raw/nclimgrid_daily/version/1955/ncdd-195503-version.txt,3b8b0b220f69c8ba6a94c8b75340e684a42983b9f5b89ef00e4ea46f94e63d57,processed/nclimgrid_daily/county_tavg/1955/county_tavg_195503.csv,96317,"nclimgrid-daily_v1-0-0_snap2026-07-30, start: 1951-01, end: 2026-06, status: scaled}",/Users/andrewpark/Desktop/Code/WeatherDerivativePricing,2026-09-02T15:42:54+00:00,Mon May  1 20:15:40 2017,True
tavg,1955-04,scaled,https://www.ncei.noaa.gov/data/nclimgrid-daily/access/averages/1955/tavg-195504-cty-scaled.csv,raw/nclimgrid_daily/averages/1955/tavg-195504-cty-scaled.csv,2026-07-30T03:33:54+00:00,1093490,f202d7b34f0b15461c312fe790c517503d7df3bd6c819aeeed95cf86ddf396dd,"""10af72-5e75eecd363ae""","Mon, 29 Aug 2022 10:42:49 GMT",https://www.ncei.noaa.gov/data/nclimgrid-daily/access/averages/1955/ncdd-195504-version.txt,raw/nclimgrid_daily/version/1955/ncdd-195504-version.txt,590abc5ca1bae5dcc28f27ac3ad1f0150e236e002925bfc1c252dc437808e449,processed/nclimgrid_daily/county_tavg/1955/county_tavg_195504.csv,93210,"nclimgrid-daily_v1-0-0_snap2026-07-30, start: 1951-01, end: 2026-06, status: scaled}",/Users/andrewpark/Desktop/Code/WeatherDerivativePricing,2026-09-02T15:42:54+00:00,Mon May  1 20:16:14 2017,True
tavg,1955-05,scaled,https://www.ncei.noaa.gov/data/nclimgrid-daily/access/averages/1955/tavg-195505-cty-scaled.csv,raw/nclimgrid_daily/averages/1955/tavg-195505-cty-scaled.csv,2026-07-30T03:33:55+00:00,1093490,f87b54659fadfe87d5ca94815e4ce8384772bf99ac632553318c041b899c31c9,"""10af72-5e75eee0b1c75""","Mon, 29 Aug 2022 10:43:10 GMT",https://www.ncei.noaa.gov/data/nclimgrid-daily/access/averages/1955/ncdd-195505-version.txt,raw/nclimgrid_daily/version/1955/ncdd-195505-version.txt,7508f8b0dcd791c7121d958f8998ad03edc913f3417544e1e40cc9017a29b8b0,processed/nclimgrid_daily/county_tavg/1955/county_tavg_195505.csv,96317,"nclimgrid-daily_v1-0-0_snap2026-07-30, start: 1951-01, end: 2026-06, status: scaled}",/Users/andrewpark/Desktop/Code/WeatherDerivativePricing,2026-09-02T15:42:54+00:00,Mon May  1 20:16:50 2017,True
tavg,1955-06,scaled,https://www.ncei.noaa.gov/data/nclimgrid-daily/access/averages/1955/tavg-195506-cty-scaled.csv,raw/nclimgrid_daily/averages/1955/tavg-195506-cty-scaled.csv,2026-07-30T03:33:55+00:00,1093490,29b2ba26c88c06af807d15452d3154380c9ab34a7efaa361b9ec6cdc50eaabf1,"""10af72-5e75eef3f991d""","Mon, 29 Aug 2022 10:43:30 GMT",https://www.ncei.noaa.gov/data/nclimgrid-daily/access/averages/1955/ncdd-195506-version.txt,raw/nclimgrid_daily/version/1955/ncdd-195506-version.txt,afe93d4cc1bad6e8b5af9de8434d9dcaf9390ef76c7a8aff86b0239e068a5f6d,processed/nclimgrid_daily/county_tavg/1955/county_tavg_195506.csv,93210,"nclimgrid-daily_v1-0-0_snap2026-07-30, start: 1951-01, end: 2026-06, status: scaled}",/Users/andrewpark/Desktop/Code/WeatherDerivativePricing,2026-09-02T15:42:54+00:00,Mon May  1 20:17:23 2017,True
tavg,1955-07,scaled,https://www.ncei.noaa.gov/data/nclimgrid-daily/access/averages/1955/tavg-195507-cty-scaled.csv,raw/nclimgrid_daily/averages/1955/tavg-195507-cty-scaled.csv,2026-07-30T03:33:56+00:00,1093490,51be9f251c45e3ef58e407365ccdccea6f759f253c6d6a3720c5af3317e7d47c,"""10af72-5e75ef07a2874""","Mon, 29 Aug 2022 10:43:51 GMT",https://www.ncei.noaa.gov/data/nclimgrid-daily/access/averages/1955/ncdd-195507-version.txt,raw/nclimgrid_daily/version/1955/ncdd-195507-version.txt,c932b40e742f41da3df02333abf0b329ef58b65f531df4adb4c1dd3d3c30b8bc,processed/nclimgrid_daily/county_tavg/1955/county_tavg_195507.csv,96317,"nclimgrid-daily_v1-0-0_snap2026-07-30, start: 1951-01, end: 2026-06, status: scaled}",/Users/andrewpark/Desktop/Code/WeatherDerivativePricing,2026-09-02T15:42:54+00:00,Mon May  1 20:17:58 2017,True
tavg,1955-08,scaled,https://www.ncei.noaa.gov/data/nclimgrid-daily/access/averages/1955/tavg-195508-cty-scaled.csv,raw/nclimgrid_daily/averages/1955/tavg-195508-cty-scaled.csv,2026-07-30T03:33:57+00:00,1093490,13e12c943d7124766bdfba238d96cccc15bf14a30ada95eb8b4adcdd3f77fb39,"""10af72-5e75ef1a53edc""","Mon, 29 Aug 2022 10:44:10 GMT",https://www.ncei.noaa.gov/data/nclimgrid-daily/access/averages/1955/ncdd-195508-version.txt,raw/nclimgrid_daily/version/1955/ncdd-195508-version.txt,3ce35b698fad13eaf4ecb12c0383895350d500c2fb3e56078363895021e9efd4,processed/nclimgrid_daily/county_tavg/1955/county_tavg_195508.csv,96317,"nclimgrid-daily_v1-0-0_snap2026-07-30, start: 1951-01, end: 2026-06, status: scaled}",/Users/andrewpark/Desktop/Code/WeatherDerivativePricing,2026-09-02T15:42:54+00:00,Mon May  1 20:18:31 2017,True
tavg,1955-09,scaled,https://www.ncei.noaa.gov/data/nclimgrid-daily/access/averages/1955/tavg-195509-cty-scaled.csv,raw/nclimgrid_daily/averages/1955/tavg-195509-cty-scaled.csv,2026-07-30T03:33:57+00:00,1093490,595b02ec3a05d054b35da59b756a8d91f53dd46d4896a4ad931aff5d5b14c699,"""10af72-5e75ef2d7275b""","Mon, 29 Aug 2022 10:44:30 GMT",https://www.ncei.noaa.gov/data/nclimgrid-daily/access/averages/1955/ncdd-195509-version.txt,raw/nclimgrid_daily/version/1955/ncdd-195509-version.txt,117f75ce153e4f25adfd195a49c026f4da73bd1f34a3941a0bacc5adff16dd6b,processed/nclimgrid_daily/county_tavg/1955/county_tavg_195509.csv,93210,"nclimgrid-daily_v1-0-0_snap2026-07-30, start: 1951-01, end: 2026-06, status: scaled}",/Users/andrewpark/Desktop/Code/WeatherDerivativePricing,2026-09-02T15:42:54+00:00,Mon May  1 20:19:07 2017,True
tavg,1955-10,scaled,https://www.ncei.noaa.gov/data/nclimgrid-daily/access/averages/1955/tavg-195510-cty-scaled.csv,raw/nclimgrid_daily/averages/1955/tavg-195510-cty-scaled.csv,2026-07-30T03:33:58+00:00,1093490,0585e754bc1c2dfa92d9a4713f06e9596b5aa541e7c8569117b05aba1b0a8ed6,"""10af72-5e75ef4137bd2""","Mon, 29 Aug 2022 10:44:51 GMT",https://www.ncei.noaa.gov/data/nclimgrid-daily/access/averages/1955/ncdd-195510-version.txt,raw/nclimgrid_daily/version/1955/ncdd-195510-version.txt,e158c885b0ccd1e8c23d3c39d00b19723167e1deda24a80ae9b946335d395d65,processed/nclimgrid_daily/county_tavg/1955/county_tavg_195510.csv,96317,"nclimgrid-daily_v1-0-0_snap2026-07-30, start: 1951-01, end: 2026-06, status: scaled}",/Users/andrewpark/Desktop/Code/WeatherDerivativePricing,2026-09-02T15:42:54+00:00,Mon May  1 20:19:45 2017,True
tavg,1955-11,scaled,https://www.ncei.noaa.gov/data/nclimgrid-daily/access/averages/1955/tavg-195511-cty-scaled.csv,raw/nclimgrid_daily/averages/1955/tavg-195511-cty-scaled.csv,2026-07-30T03:33:59+00:00,1093490,1ad21cf332676721c56df3b0e7df6252577a4646309086856d6136eb3ca4ca42,"""10af72-5e75ef54ba1fa""","Mon, 29 Aug 2022 10:45:11 GMT",https://www.ncei.noaa.gov/data/nclimgrid-daily/access/averages/1955/ncdd-195511-version.txt,raw/nclimgrid_daily/version/1955/ncdd-195511-version.txt,193dcbe76da0dab23d1e3d2ee238342dca2ca8b75af367e8a2a5f000e19e8daa,processed/nclimgrid_daily/county_tavg/1955/county_tavg_195511.csv,93210,"nclimgrid-daily_v1-0-0_snap2026-07-30, start: 1951-01, end: 2026-06, status: scaled}",/Users/andrewpark/Desktop/Code/WeatherDerivativePricing,2026-09-02T15:42:54+00:00,Mon May  1 20:20:18 2017,True
tavg,1955-12,scaled,https://www.ncei.noaa.gov/data/nclimgrid-daily/access/averages/1955/tavg-195512-cty-scaled.csv,raw/nclimgrid_daily/averages/1955/tavg-195512-cty-scaled.csv,2026-07-30T03:33:59+00:00,1093490,effde6057302aec2d4ded2019392443763d5dc1718a0cc907fb73e0a12ab1ea0,"""10af72-5e75ef6888311""","Mon, 29 Aug 2022 10:45:32 GMT",https://www.ncei.noaa.gov/data/nclimgrid-daily/access/averages/1955/ncdd-195512-version.txt,raw/nclimgrid_daily/version/1955/ncdd-195512-version.txt,e56b20e3ca4a4daabfe114cbf960985fe378cb52f965601af0c4f6b6c4f54058,processed/nclimgrid_daily/county_tavg/1955/county_tavg_195512.csv,96317,"nclimgrid-daily_v1-0-0_snap2026-07-30, start: 1951-01, end: 2026-06, status: scaled}",/Users/andrewpark/Desktop/Code/WeatherDerivativePricing,2026-09-02T15:42:54+00:00,Mon May  1 20:20:55 2017,True
tavg,1956-01,scaled,https://www.ncei.noaa.gov/data/nclimgrid-daily/access/averages/1956/tavg-195601-cty-scaled.csv,raw/nclimgrid_daily/averages/1956/tavg-195601-cty-scaled.csv,2026-07-30T03:34:00+00:00,1093490,ab84210cdd40a8f06dd99842b9a9087bfc0917f6986697443dc0df4ecd3df299,"""10af72-5e7633b52a989""","Mon, 29 Aug 2022 15:51:06 GMT",https://www.ncei.noaa.gov/data/nclimgrid-daily/access/averages/1956/ncdd-195601-version.txt,raw/nclimgrid_daily/version/1956/ncdd-195601-version.txt,ded385d20af49ab659d219fb9adc4fd7905bf867621cb10b84c7737578af3906,processed/nclimgrid_daily/county_tavg/1956/county_tavg_195601.csv,96317,"nclimgrid-daily_v1-0-0_snap2026-07-30, start: 1951-01, end: 2026-06, status: scaled}",/Users/andrewpark/Desktop/Code/WeatherDerivativePricing,2026-09-02T15:42:54+00:00,Tue May  2 04:37:48 2017,True
tavg,1956-02,scaled,https://www.ncei.noaa.gov/data/nclimgrid-daily/access/averages/1956/tavg-195602-cty-scaled.csv,raw/nclimgrid_daily/averages/1956/tavg-195602-cty-scaled.csv,2026-07-30T03:34:01+00:00,1093490,8941b12cc44f4860330964f7df5173ec540fb7b727f59d0e45f1ad82dc0b0cfd,"""10af72-5e7633c9241f0""","Mon, 29 Aug 2022 15:51:27 GMT",https://www.ncei.noaa.gov/data/nclimgrid-daily/access/averages/1956/ncdd-195602-version.txt,raw/nclimgrid_daily/version/1956/ncdd-195602-version.txt,4ce07fc3b8324dbf39aede3f66cd465f9e4897abe63d55af3111b2c5d6f656c1,processed/nclimgrid_daily/county_tavg/1956/county_tavg_195602.csv,90103,"nclimgrid-daily_v1-0-0_snap2026-07-30, start: 1951-01, end: 2026-06, status: scaled}",/Users/andrewpark/Desktop/Code/WeatherDerivativePricing,2026-09-02T15:42:54+00:00,Tue May  2 04:38:14 2017,True
tavg,1956-03,scaled,https://www.ncei.noaa.gov/data/nclimgrid-daily/access/averages/1956/tavg-195603-cty-scaled.csv,raw/nclimgrid_daily/averages/1956/tavg-195603-cty-scaled.csv,2026-07-30T03:34:01+00:00,1093490,c76f473d2ee338e6792d809f095212382871f5772350498ed02f4dd2291970fc,"""10af72-5e7633dbfdcdf""","Mon, 29 Aug 2022 15:51:47 GMT",https://www.ncei.noaa.gov/data/nclimgrid-daily/access/averages/1956/ncdd-195603-version.txt,raw/nclimgrid_daily/version/1956/ncdd-195603-version.txt,a469c8d858fca31243cbb084f3c3e7b2b08f78aa244b8aaa19a20b2b19e19e5c,processed/nclimgrid_daily/county_tavg/1956/county_tavg_195603.csv,96317,"nclimgrid-daily_v1-0-0_snap2026-07-30, start: 1951-01, end: 2026-06, status: scaled}",/Users/andrewpark/Desktop/Code/WeatherDerivativePricing,2026-09-02T15:42:54+00:00,Tue May  2 04:38:45 2017,True
tavg,1956-04,scaled,https://www.ncei.noaa.gov/data/nclimgrid-daily/access/averages/1956/tavg-195604-cty-scaled.csv,raw/nclimgrid_daily/averages/1956/tavg-195604-cty-scaled.csv,2026-07-30T03:34:02+00:00,1093490,548d119a31806d99d03f4482c4d5322800917c52db2cc67fd7956ceb1e95d35c,"""10af72-5e7633ee52acf""","Mon, 29 Aug 2022 15:52:06 GMT",https://www.ncei.noaa.gov/data/nclimgrid-daily/access/averages/1956/ncdd-195604-version.txt,raw/nclimgrid_daily/version/1956/ncdd-195604-version.txt,bbd3520492d68ca54124ad6d8606ca73f8c62e21b16809b27075de50209d37be,processed/nclimgrid_daily/county_tavg/1956/county_tavg_195604.csv,93210,"nclimgrid-daily_v1-0-0_snap2026-07-30, start: 1951-01, end: 2026-06, status: scaled}",/Users/andrewpark/Desktop/Code/WeatherDerivativePricing,2026-09-02T15:42:54+00:00,Tue May  2 04:39:16 2017,True
tavg,1956-05,scaled,https://www.ncei.noaa.gov/data/nclimgrid-daily/access/averages/1956/tavg-195605-cty-scaled.csv,raw/nclimgrid_daily/averages/1956/tavg-195605-cty-scaled.csv,2026-07-30T03:34:02+00:00,1093490,aafa758c885be6cbe758703cd140cc2a5a2080332490d28cf30b991348dcc217,"""10af72-5e763400da926""","Mon, 29 Aug 2022 15:52:25 GMT",https://www.ncei.noaa.gov/data/nclimgrid-daily/access/averages/1956/ncdd-195605-version.txt,raw/nclimgrid_daily/version/1956/ncdd-195605-version.txt,be7cad8c537d494b167f7c0dae9ee9e3a519621eff3b645e478ce6e9948bffe7,processed/nclimgrid_daily/county_tavg/1956/county_tavg_195605.csv,96317,"nclimgrid-daily_v1-0-0_snap2026-07-30, start: 1951-01, end: 2026-06, status: scaled}",/Users/andrewpark/Desktop/Code/WeatherDerivativePricing,2026-09-02T15:42:54+00:00,Tue May  2 04:39:47 2017,True
tavg,1956-06,scaled,https://www.ncei.noaa.gov/data/nclimgrid-daily/access/averages/1956/tavg-195606-cty-scaled.csv,raw/nclimgrid_daily/averages/1956/tavg-195606-cty-scaled.csv,2026-07-30T03:34:03+00:00,1093490,a57d55d57f0ff820eb979d531f7859fbf9d82e697cd41859b784c24d3f2d1e49,"""10af72-5e763413ccab6""","Mon, 29 Aug 2022 15:52:45 GMT",https://www.ncei.noaa.gov/data/nclimgrid-daily/access/averages/1956/ncdd-195606-version.txt,raw/nclimgrid_daily/version/1956/ncdd-195606-version.txt,546b00b4f603a99cc0a65d5f98bfad7b07ede778d6ee368a7f73cede56f6ed18,processed/nclimgrid_daily/county_tavg/1956/county_tavg_195606.csv,93210,"nclimgrid-daily_v1-0-0_snap2026-07-30, start: 1951-01, end: 2026-06, status: scaled}",/Users/andrewpark/Desktop/Code/WeatherDerivativePricing,2026-09-02T15:42:54+00:00,Tue May  2 04:40:18 2017,True
tavg,1956-07,scaled,https://www.ncei.noaa.gov/data/nclimgrid-daily/access/averages/1956/tavg-195607-cty-scaled.csv,raw/nclimgrid_daily/averages/1956/tavg-195607-cty-scaled.csv,2026-07-30T03:34:04+00:00,1093490,09c16998031e007f1907fa1c7b84cadd1d6f19c067bd651f52e999ddf36e0905,"""10af72-5e7634273d79d""","Mon, 29 Aug 2022 15:53:06 GMT",https://www.ncei.noaa.gov/data/nclimgrid-daily/access/averages/1956/ncdd-195607-version.txt,raw/nclimgrid_daily/version/1956/ncdd-195607-version.txt,415a46168970bb2526ac8f653ae748eccf2138b1f93402213874abb4e2a04d46,processed/nclimgrid_daily/county_tavg/1956/county_tavg_195607.csv,96317,"nclimgrid-daily_v1-0-0_snap2026-07-30, start: 1951-01, end: 2026-06, status: scaled}",/Users/andrewpark/Desktop/Code/WeatherDerivativePricing,2026-09-02T15:42:54+00:00,Tue May  2 04:40:52 2017,True
tavg,1956-08,scaled,https://www.ncei.noaa.gov/data/nclimgrid-daily/access/averages/1956/tavg-195608-cty-scaled.csv,raw/nclimgrid_daily/averages/1956/tavg-195608-cty-scaled.csv,2026-07-30T03:34:04+00:00,1093490,283404c4f19133b34bc0bda60e9c104bf1681025d902e46f8e1203243ab4d9ce,"""10af72-5e763439c4655""","Mon, 29 Aug 2022 15:53:25 GMT",https://www.ncei.noaa.gov/data/nclimgrid-daily/access/averages/1956/ncdd-195608-version.txt,raw/nclimgrid_daily/version/1956/ncdd-195608-version.txt,ea083f22d5efe3f58b88b763b72d2d1f36d5efc1f74cc81abd5b652a3ccde7f8,processed/nclimgrid_daily/county_tavg/1956/county_tavg_195608.csv,96317,"nclimgrid-daily_v1-0-0_snap2026-07-30, start: 1951-01, end: 2026-06, status: scaled}",/Users/andrewpark/Desktop/Code/WeatherDerivativePricing,2026-09-02T15:42:54+00:00,Tue May  2 04:41:26 2017,True
tavg,1956-09,scaled,https://www.ncei.noaa.gov/data/nclimgrid-daily/access/averages/1956/tavg-195609-cty-scaled.csv,raw/nclimgrid_daily/averages/1956/tavg-195609-cty-scaled.csv,2026-07-30T03:34:05+00:00,1093490,c9c3e2adf61f764415950efe62837b38c9cad644cd2d2b398312e68d68c443b6,"""10af72-5e76344d71fe4""","Mon, 29 Aug 2022 15:53:46 GMT",https://www.ncei.noaa.gov/data/nclimgrid-daily/access/averages/1956/ncdd-195609-version.txt,raw/nclimgrid_daily/version/1956/ncdd-195609-version.txt,41e6aabfad08d8d39ab1cea6d27fe97c47e25749e79cae2a5e0f37c1b83a9cb3,processed/nclimgrid_daily/county_tavg/1956/county_tavg_195609.csv,93210,"nclimgrid-daily_v1-0-0_snap2026-07-30, start: 1951-01, end: 2026-06, status: scaled}",/Users/andrewpark/Desktop/Code/WeatherDerivativePricing,2026-09-02T15:42:54+00:00,Tue May  2 04:41:58 2017,True
tavg,1956-10,scaled,https://www.ncei.noaa.gov/data/nclimgrid-daily/access/averages/1956/tavg-195610-cty-scaled.csv,raw/nclimgrid_daily/averages/1956/tavg-195610-cty-scaled.csv,2026-07-30T03:34:06+00:00,1093490,9e563144d001adf6a68e2db9f5579fbf7b1ce7c3f5e6b9eddb53824e0158bbaf,"""10af72-5e763460aa674""","Mon, 29 Aug 2022 15:54:06 GMT",https://www.ncei.noaa.gov/data/nclimgrid-daily/access/averages/1956/ncdd-195610-version.txt,raw/nclimgrid_daily/version/1956/ncdd-195610-version.txt,39e60096d15d68e44d5a55ea68fe677b71ef44254aad258ba70ec1c01ec3fb29,processed/nclimgrid_daily/county_tavg/1956/county_tavg_195610.csv,96317,"nclimgrid-daily_v1-0-0_snap2026-07-30, start: 1951-01, end: 2026-06, status: scaled}",/Users/andrewpark/Desktop/Code/WeatherDerivativePricing,2026-09-02T15:42:54+00:00,Tue May  2 04:42:32 2017,True
tavg,1956-11,scaled,https://www.ncei.noaa.gov/data/nclimgrid-daily/access/averages/1956/tavg-195611-cty-scaled.csv,raw/nclimgrid_daily/averages/1956/tavg-195611-cty-scaled.csv,2026-07-30T03:34:06+00:00,1093490,97e4c73e7325841dc3c059cff11a52f0109da302ec4db4a4b678b2e76213fef4,"""10af72-5e763473d1f7b""","Mon, 29 Aug 2022 15:54:26 GMT",https://www.ncei.noaa.gov/data/nclimgrid-daily/access/averages/1956/ncdd-195611-version.txt,raw/nclimgrid_daily/version/1956/ncdd-195611-version.txt,b134a734b080e2bb2fd4c0880c27914b893e2d3be34e01a938174ee0315d6570,processed/nclimgrid_daily/county_tavg/1956/county_tavg_195611.csv,93210,"nclimgrid-daily_v1-0-0_snap2026-07-30, start: 1951-01, end: 2026-06, status: scaled}",/Users/andrewpark/Desktop/Code/WeatherDerivativePricing,2026-09-02T15:42:54+00:00,Tue May  2 04:43:04 2017,True
tavg,1956-12,scaled,https://www.ncei.noaa.gov/data/nclimgrid-daily/access/averages/1956/tavg-195612-cty-scaled.csv,raw/nclimgrid_daily/averages/1956/tavg-195612-cty-scaled.csv,2026-07-30T03:34:07+00:00,1093490,4fa15e90dcc9f01a9f54c92fb9aa83842cd8387cf5ab23847efb1fc95866dbc5,"""10af72-5e763486301db""","Mon, 29 Aug 2022 15:54:45 GMT",https://www.ncei.noaa.gov/data/nclimgrid-daily/access/averages/1956/ncdd-195612-version.txt,raw/nclimgrid_daily/version/1956/ncdd-195612-version.txt,4e69285b102951b7e8ea5f503bafe4ca8aa8a63fd9ab4d6d9286cbf2c0864f05,processed/nclimgrid_daily/county_tavg/1956/county_tavg_195612.csv,96317,"nclimgrid-daily_v1-0-0_snap2026-07-30, start: 1951-01, end: 2026-06, status: scaled}",/Users/andrewpark/Desktop/Code/WeatherDerivativePricing,2026-09-02T15:42:54+00:00,Tue May  2 04:43:35 2017,True
tavg,1957-01,scaled,https://www.ncei.noaa.gov/data/nclimgrid-daily/access/averages/1957/tavg-195701-cty-scaled.csv,raw/nclimgrid_daily/averages/1957/tavg-195701-cty-scaled.csv,2026-07-30T03:34:08+00:00,1093490,1805ad033780f79fe1390618dd84c9577396bb9ffe1cf2fe8360a9b19e899fa4,"""10af72-5e7695a2c37bc""","Mon, 29 Aug 2022 23:09:13 GMT",https://www.ncei.noaa.gov/data/nclimgrid-daily/access/averages/1957/ncdd-195701-version.txt,raw/nclimgrid_daily/version/1957/ncdd-195701-version.txt,4f98ae1019b8e349151d8937d085242a60c0100f6a5352df61b46572ea3cadad,processed/nclimgrid_daily/county_tavg/1957/county_tavg_195701.csv,96317,"nclimgrid-daily_v1-0-0_snap2026-07-30, start: 1951-01, end: 2026-06, status: scaled}",/Users/andrewpark/Desktop/Code/WeatherDerivativePricing,2026-09-02T15:42:54+00:00,Tue May  2 12:30:25 2017,True
tavg,1957-02,scaled,https://www.ncei.noaa.gov/data/nclimgrid-daily/access/averages/1957/tavg-195702-cty-scaled.csv,raw/nclimgrid_daily/averages/1957/tavg-195702-cty-scaled.csv,2026-07-30T03:34:09+00:00,1093490,d60b606d6b8f0a9a49df7f40c53576e743599e5cd0a9a23284a1407abd37836b,"""10af72-5e7695b82d6ab""","Mon, 29 Aug 2022 23:09:36 GMT",https://www.ncei.noaa.gov/data/nclimgrid-daily/access/averages/1957/ncdd-195702-version.txt,raw/nclimgrid_daily/version/1957/ncdd-195702-version.txt,d02b1ae9458019b03816effdbbcca2241e009f03a2d1da76452c2423ffab414b,processed/nclimgrid_daily/county_tavg/1957/county_tavg_195702.csv,86996,"nclimgrid-daily_v1-0-0_snap2026-07-30, start: 1951-01, end: 2026-06, status: scaled}",/Users/andrewpark/Desktop/Code/WeatherDerivativePricing,2026-09-02T15:42:54+00:00,Tue May  2 12:30:51 2017,True
tavg,1957-03,scaled,https://www.ncei.noaa.gov/data/nclimgrid-daily/access/averages/1957/tavg-195703-cty-scaled.csv,raw/nclimgrid_daily/averages/1957/tavg-195703-cty-scaled.csv,2026-07-30T03:34:09+00:00,1093490,e0506b05fe84fe8671cd423523948313d3986fc004ca6a7ecdeefb27aa448657,"""10af72-5e7695cd6d5ba""","Mon, 29 Aug 2022 23:09:58 GMT",https://www.ncei.noaa.gov/data/nclimgrid-daily/access/averages/1957/ncdd-195703-version.txt,raw/nclimgrid_daily/version/1957/ncdd-195703-version.txt,6253e1f792547a7f592ad68beb357b9f2d8e5db8ecb652e8770170c1147b1f70,processed/nclimgrid_daily/county_tavg/1957/county_tavg_195703.csv,96317,"nclimgrid-daily_v1-0-0_snap2026-07-30, start: 1951-01, end: 2026-06, status: scaled}",/Users/andrewpark/Desktop/Code/WeatherDerivativePricing,2026-09-02T15:42:54+00:00,Tue May  2 12:31:23 2017,True
tavg,1957-04,scaled,https://www.ncei.noaa.gov/data/nclimgrid-daily/access/averages/1957/tavg-195704-cty-scaled.csv,raw/nclimgrid_daily/averages/1957/tavg-195704-cty-scaled.csv,2026-07-30T03:34:10+00:00,1093490,c2a35fac71dc390edd304a652514025d3de0c6f25056e5431a928d1e4cee6ae9,"""10af72-5e7695e357b5a""","Mon, 29 Aug 2022 23:10:21 GMT",https://www.ncei.noaa.gov/data/nclimgrid-daily/access/averages/1957/ncdd-195704-version.txt,raw/nclimgrid_daily/version/1957/ncdd-195704-version.txt,9808ed71d206bcfc7bc64c1959742b43f82b9f2124b472a6c78e62d416db73d9,processed/nclimgrid_daily/county_tavg/1957/county_tavg_195704.csv,93210,"nclimgrid-daily_v1-0-0_snap2026-07-30, start: 1951-01, end: 2026-06, status: scaled}",/Users/andrewpark/Desktop/Code/WeatherDerivativePricing,2026-09-02T15:42:54+00:00,Tue May  2 12:31:53 2017,True
tavg,1957-05,scaled,https://www.ncei.noaa.gov/data/nclimgrid-daily/access/averages/1957/tavg-195705-cty-scaled.csv,raw/nclimgrid_daily/averages/1957/tavg-195705-cty-scaled.csv,2026-07-30T03:34:10+00:00,1093490,619117b3d50cb801ede062528d6647f8340280908a3756eb75647d6b8051bcfc,"""10af72-5e7695fdb7e81""","Mon, 29 Aug 2022 23:10:49 GMT",https://www.ncei.noaa.gov/data/nclimgrid-daily/access/averages/1957/ncdd-195705-version.txt,raw/nclimgrid_daily/version/1957/ncdd-195705-version.txt,d6e934bb04ffe9cbce763da776452c412ad1c31bc249d8c7eb16df6e5817942b,processed/nclimgrid_daily/county_tavg/1957/county_tavg_195705.csv,96317,"nclimgrid-daily_v1-0-0_snap2026-07-30, start: 1951-01, end: 2026-06, status: scaled}",/Users/andrewpark/Desktop/Code/WeatherDerivativePricing,2026-09-02T15:42:54+00:00,Tue May  2 12:32:26 2017,True
tavg,1957-06,scaled,https://www.ncei.noaa.gov/data/nclimgrid-daily/access/averages/1957/tavg-195706-cty-scaled.csv,raw/nclimgrid_daily/averages/1957/tavg-195706-cty-scaled.csv,2026-07-30T03:34:11+00:00,1093490,85b439a0a4860dbd17b740b05d908a192fa4535c18099066b1c564216cddd387,"""10af72-5e76961300a30""","Mon, 29 Aug 2022 23:11:11 GMT",https://www.ncei.noaa.gov/data/nclimgrid-daily/access/averages/1957/ncdd-195706-version.txt,raw/nclimgrid_daily/version/1957/ncdd-195706-version.txt,2997647d6f3d640f320a33bb8dea8fa7c3f2d72fcc75eaf54d27cc9a7bf2fb83,processed/nclimgrid_daily/county_tavg/1957/county_tavg_195706.csv,93210,"nclimgrid-daily_v1-0-0_snap2026-07-30, start: 1951-01, end: 2026-06, status: scaled}",/Users/andrewpark/Desktop/Code/WeatherDerivativePricing,2026-09-02T15:42:54+00:00,Tue May  2 12:32:59 2017,True
tavg,1957-07,scaled,https://www.ncei.noaa.gov/data/nclimgrid-daily/access/averages/1957/tavg-195707-cty-scaled.csv,raw/nclimgrid_daily/averages/1957/tavg-195707-cty-scaled.csv,2026-07-30T03:34:12+00:00,1093490,1bdf713544368ddda3a7935900f67019b822dfc248c2def5f42d00fb9947cfa2,"""10af72-5e76962b46428""","Mon, 29 Aug 2022 23:11:37 GMT",https://www.ncei.noaa.gov/data/nclimgrid-daily/access/averages/1957/ncdd-195707-version.txt,raw/nclimgrid_daily/version/1957/ncdd-195707-version.txt,399ab2f83fa3913d09ad0b8452b509701ba8afbf77e9b683a3b149cdbdd50539,processed/nclimgrid_daily/county_tavg/1957/county_tavg_195707.csv,96317,"nclimgrid-daily_v1-0-0_snap2026-07-30, start: 1951-01, end: 2026-06, status: scaled}",/Users/andrewpark/Desktop/Code/WeatherDerivativePricing,2026-09-02T15:42:54+00:00,Tue May  2 12:33:32 2017,True
tavg,1957-08,scaled,https://www.ncei.noaa.gov/data/nclimgrid-daily/access/averages/1957/tavg-195708-cty-scaled.csv,raw/nclimgrid_daily/averages/1957/tavg-195708-cty-scaled.csv,2026-07-30T03:34:12+00:00,1093490,64d94411ca652daaa686c9c102524dfe8b900c6adde3116abc1937710d6f546c,"""10af72-5e769641eb60f""","Mon, 29 Aug 2022 23:12:00 GMT",https://www.ncei.noaa.gov/data/nclimgrid-daily/access/averages/1957/ncdd-195708-version.txt,raw/nclimgrid_daily/version/1957/ncdd-195708-version.txt,150a42bd9729d660f6b47825b3138bed905480c0e252755d736ebcd1658d1d2e,processed/nclimgrid_daily/county_tavg/1957/county_tavg_195708.csv,96317,"nclimgrid-daily_v1-0-0_snap2026-07-30, start: 1951-01, end: 2026-06, status: scaled}",/Users/andrewpark/Desktop/Code/WeatherDerivativePricing,2026-09-02T15:42:54+00:00,Tue May  2 12:34:05 2017,True
tavg,1957-09,scaled,https://www.ncei.noaa.gov/data/nclimgrid-daily/access/averages/1957/tavg-195709-cty-scaled.csv,raw/nclimgrid_daily/averages/1957/tavg-195709-cty-scaled.csv,2026-07-30T03:34:13+00:00,1093490,e40aae80792279c6f1a5dfafad00f2d56b0c5af87cc73c2987d868e620a215be,"""10af72-5e7696571076f""","Mon, 29 Aug 2022 23:12:23 GMT",https://www.ncei.noaa.gov/data/nclimgrid-daily/access/averages/1957/ncdd-195709-version.txt,raw/nclimgrid_daily/version/1957/ncdd-195709-version.txt,f93e907e39786dc55e9f974bb853a269049264a45773d295212f13d3cf56b713,processed/nclimgrid_daily/county_tavg/1957/county_tavg_195709.csv,93210,"nclimgrid-daily_v1-0-0_snap2026-07-30, start: 1951-01, end: 2026-06, status: scaled}",/Users/andrewpark/Desktop/Code/WeatherDerivativePricing,2026-09-02T15:42:54+00:00,Tue May  2 12:34:38 2017,True
tavg,1957-10,scaled,https://www.ncei.noaa.gov/data/nclimgrid-daily/access/averages/1957/tavg-195710-cty-scaled.csv,raw/nclimgrid_daily/averages/1957/tavg-195710-cty-scaled.csv,2026-07-30T03:34:14+00:00,1093490,1f03e27206da713df5924305634e66ad462daec4181d172bfd1caa52b4df4c27,"""10af72-5e76966c02caf""","Mon, 29 Aug 2022 23:12:45 GMT",https://www.ncei.noaa.gov/data/nclimgrid-daily/access/averages/1957/ncdd-195710-version.txt,raw/nclimgrid_daily/version/1957/ncdd-195710-version.txt,a6b320bd44eec3cb57931bfdbe2fa8b94877d1a2c3f280a09ad11f9714a67041,processed/nclimgrid_daily/county_tavg/1957/county_tavg_195710.csv,96317,"nclimgrid-daily_v1-0-0_snap2026-07-30, start: 1951-01, end: 2026-06, status: scaled}",/Users/andrewpark/Desktop/Code/WeatherDerivativePricing,2026-09-02T15:42:54+00:00,Tue May  2 12:35:10 2017,True
tavg,1957-11,scaled,https://www.ncei.noaa.gov/data/nclimgrid-daily/access/averages/1957/tavg-195711-cty-scaled.csv,raw/nclimgrid_daily/averages/1957/tavg-195711-cty-scaled.csv,2026-07-30T03:34:14+00:00,1093490,4d23e6b550a66ebc6839f87ac47a130deefe43d1165162a8560ec59bcf084fe4,"""10af72-5e76967fc7186""","Mon, 29 Aug 2022 23:13:05 GMT",https://www.ncei.noaa.gov/data/nclimgrid-daily/access/averages/1957/ncdd-195711-version.txt,raw/nclimgrid_daily/version/1957/ncdd-195711-version.txt,a4a3fe3e911c7c98239b627a86bba915f0e7cd195af4d922090bd0ca78f0bf18,processed/nclimgrid_daily/county_tavg/1957/county_tavg_195711.csv,93210,"nclimgrid-daily_v1-0-0_snap2026-07-30, start: 1951-01, end: 2026-06, status: scaled}",/Users/andrewpark/Desktop/Code/WeatherDerivativePricing,2026-09-02T15:42:54+00:00,Tue May  2 12:35:42 2017,True
tavg,1957-12,scaled,https://www.ncei.noaa.gov/data/nclimgrid-daily/access/averages/1957/tavg-195712-cty-scaled.csv,raw/nclimgrid_daily/averages/1957/tavg-195712-cty-scaled.csv,2026-07-30T03:34:15+00:00,1093490,f51cba757a9d0fbaf1e94003cab9013a4f3e0983ae723ed73b62df505c85fed0,"""10af72-5e76969480c26""","Mon, 29 Aug 2022 23:13:27 GMT",https://www.ncei.noaa.gov/data/nclimgrid-daily/access/averages/1957/ncdd-195712-version.txt,raw/nclimgrid_daily/version/1957/ncdd-195712-version.txt,e9173c2d66ebde19247f3de0f77eb917b3969a7e68cd381f056770c65c565066,processed/nclimgrid_daily/county_tavg/1957/county_tavg_195712.csv,96317,"nclimgrid-daily_v1-0-0_snap2026-07-30, start: 1951-01, end: 2026-06, status: scaled}",/Users/andrewpark/Desktop/Code/WeatherDerivativePricing,2026-09-02T15:42:54+00:00,Tue May  2 12:36:15 2017,True
tavg,1958-01,scaled,https://www.ncei.noaa.gov/data/nclimgrid-daily/access/averages/1958/tavg-195801-cty-scaled.csv,raw/nclimgrid_daily/averages/1958/tavg-195801-cty-scaled.csv,2026-07-30T03:34:16+00:00,1093490,e8cba998f727bfaa5f31d546a7279c500c78436038c008d68c3d6aa576ab5e64,"""10af72-5e76d0237c06a""","Tue, 30 Aug 2022 03:30:58 GMT",https://www.ncei.noaa.gov/data/nclimgrid-daily/access/averages/1958/ncdd-195801-version.txt,raw/nclimgrid_daily/version/1958/ncdd-195801-version.txt,ae3880f1334a1986567a13bbfc936e89eb80ecc74d33b12b531bc1d9cd06da68,processed/nclimgrid_daily/county_tavg/1958/county_tavg_195801.csv,96317,"nclimgrid-daily_v1-0-0_snap2026-07-30, start: 1951-01, end: 2026-06, status: scaled}",/Users/andrewpark/Desktop/Code/WeatherDerivativePricing,2026-09-02T15:42:54+00:00,Tue May  2 20:43:13 2017,True
tavg,1958-02,scaled,https://www.ncei.noaa.gov/data/nclimgrid-daily/access/averages/1958/tavg-195802-cty-scaled.csv,raw/nclimgrid_daily/averages/1958/tavg-195802-cty-scaled.csv,2026-07-30T03:34:16+00:00,1093490,502757c13ac61f88f2d78562a70edd0506ceecd8178326d6feeeef4b46dcc537,"""10af72-5e76d03537551""","Tue, 30 Aug 2022 03:31:16 GMT",https://www.ncei.noaa.gov/data/nclimgrid-daily/access/averages/1958/ncdd-195802-version.txt,raw/nclimgrid_daily/version/1958/ncdd-195802-version.txt,c4bc1fc0d69e833d967f817f2d8b4d855224c86e626845b6ae131c7b9e5688f7,processed/nclimgrid_daily/county_tavg/1958/county_tavg_195802.csv,86996,"nclimgrid-daily_v1-0-0_snap2026-07-30, start: 1951-01, end: 2026-06, status: scaled}",/Users/andrewpark/Desktop/Code/WeatherDerivativePricing,2026-09-02T15:42:54+00:00,Tue May  2 20:43:40 2017,True
tavg,1958-03,scaled,https://www.ncei.noaa.gov/data/nclimgrid-daily/access/averages/1958/tavg-195803-cty-scaled.csv,raw/nclimgrid_daily/averages/1958/tavg-195803-cty-scaled.csv,2026-07-30T03:34:17+00:00,1093490,4b5909bc5eb5dbb831bb3ceed057aabd27ecb7aea43c6da84ab5c7314f8667fe,"""10af72-5e76d04796b39""","Tue, 30 Aug 2022 03:31:36 GMT",https://www.ncei.noaa.gov/data/nclimgrid-daily/access/averages/1958/ncdd-195803-version.txt,raw/nclimgrid_daily/version/1958/ncdd-195803-version.txt,14fa3d69cbd9cbd69b1590e60930505edcafe1576200e635e300c9ac5503ecfc,processed/nclimgrid_daily/county_tavg/1958/county_tavg_195803.csv,96317,"nclimgrid-daily_v1-0-0_snap2026-07-30, start: 1951-01, end: 2026-06, status: scaled}",/Users/andrewpark/Desktop/Code/WeatherDerivativePricing,2026-09-02T15:42:54+00:00,Tue May  2 20:44:10 2017,True
tavg,1958-04,scaled,https://www.ncei.noaa.gov/data/nclimgrid-daily/access/averages/1958/tavg-195804-cty-scaled.csv,raw/nclimgrid_daily/averages/1958/tavg-195804-cty-scaled.csv,2026-07-30T03:34:18+00:00,1093490,70ddfd466931c7a0d57e0588aac46c8415d132d47e7a0e0bd9b667c05b1fb3e5,"""10af72-5e76d05a41c10""","Tue, 30 Aug 2022 03:31:55 GMT",https://www.ncei.noaa.gov/data/nclimgrid-daily/access/averages/1958/ncdd-195804-version.txt,raw/nclimgrid_daily/version/1958/ncdd-195804-version.txt,3d7644334164f73700892ce3d34cdc87ccdba93874f7ac3c97cdb089c0f37312,processed/nclimgrid_daily/county_tavg/1958/county_tavg_195804.csv,93210,"nclimgrid-daily_v1-0-0_snap2026-07-30, start: 1951-01, end: 2026-06, status: scaled}",/Users/andrewpark/Desktop/Code/WeatherDerivativePricing,2026-09-02T15:42:54+00:00,Tue May  2 20:44:41 2017,True
tavg,1958-05,scaled,https://www.ncei.noaa.gov/data/nclimgrid-daily/access/averages/1958/tavg-195805-cty-scaled.csv,raw/nclimgrid_daily/averages/1958/tavg-195805-cty-scaled.csv,2026-07-30T03:34:18+00:00,1093490,4695db9af6922991e134359dfd6d2dc4107d1d674a50793d5320bded469766c9,"""10af72-5e76d06cc2150""","Tue, 30 Aug 2022 03:32:15 GMT",https://www.ncei.noaa.gov/data/nclimgrid-daily/access/averages/1958/ncdd-195805-version.txt,raw/nclimgrid_daily/version/1958/ncdd-195805-version.txt,9e14d6d30240dcaedf6fa726854a07911fbaccd4cfd1e0ad8f8fabd62a4b5705,processed/nclimgrid_daily/county_tavg/1958/county_tavg_195805.csv,96317,"nclimgrid-daily_v1-0-0_snap2026-07-30, start: 1951-01, end: 2026-06, status: scaled}",/Users/andrewpark/Desktop/Code/WeatherDerivativePricing,2026-09-02T15:42:54+00:00,Tue May  2 20:45:13 2017,True
tavg,1958-06,scaled,https://www.ncei.noaa.gov/data/nclimgrid-daily/access/averages/1958/tavg-195806-cty-scaled.csv,raw/nclimgrid_daily/averages/1958/tavg-195806-cty-scaled.csv,2026-07-30T03:34:19+00:00,1093490,80b5c33b8d7d01e48ac4f8bf0f1b35059fd5b9e99abfe8d537bc800d8c09645e,"""10af72-5e76d07f9fabf""","Tue, 30 Aug 2022 03:32:34 GMT",https://www.ncei.noaa.gov/data/nclimgrid-daily/access/averages/1958/ncdd-195806-version.txt,raw/nclimgrid_daily/version/1958/ncdd-195806-version.txt,e597e1126d6d2c51243a3b8da87819fa779fd547cff6c42db7457be98aeff4cb,processed/nclimgrid_daily/county_tavg/1958/county_tavg_195806.csv,93210,"nclimgrid-daily_v1-0-0_snap2026-07-30, start: 1951-01, end: 2026-06, status: scaled}",/Users/andrewpark/Desktop/Code/WeatherDerivativePricing,2026-09-02T15:42:54+00:00,Tue May  2 20:45:44 2017,True
tavg,1958-07,scaled,https://www.ncei.noaa.gov/data/nclimgrid-daily/access/averages/1958/tavg-195807-cty-scaled.csv,raw/nclimgrid_daily/averages/1958/tavg-195807-cty-scaled.csv,2026-07-30T03:34:20+00:00,1093490,dcd76284b5aef129a1e7f91cffd1e20a984937e89931949c69b6281beb276183,"""10af72-5e76d09289f4f""","Tue, 30 Aug 2022 03:32:54 GMT",https://www.ncei.noaa.gov/data/nclimgrid-daily/access/averages/1958/ncdd-195807-version.txt,raw/nclimgrid_daily/version/1958/ncdd-195807-version.txt,590affc2aa1509830b64e8485778d7149d97ed441ce7915b0f43497b78df54f0,processed/nclimgrid_daily/county_tavg/1958/county_tavg_195807.csv,96317,"nclimgrid-daily_v1-0-0_snap2026-07-30, start: 1951-01, end: 2026-06, status: scaled}",/Users/andrewpark/Desktop/Code/WeatherDerivativePricing,2026-09-02T15:42:54+00:00,Tue May  2 20:46:15 2017,True
tavg,1958-08,scaled,https://www.ncei.noaa.gov/data/nclimgrid-daily/access/averages/1958/tavg-195808-cty-scaled.csv,raw/nclimgrid_daily/averages/1958/tavg-195808-cty-scaled.csv,2026-07-30T03:34:21+00:00,1093490,a039c711772b960ff58cbde13752aa51e791316a168741d27cf36161d98844fc,"""10af72-5e76d0a5261de""","Tue, 30 Aug 2022 03:33:14 GMT",https://www.ncei.noaa.gov/data/nclimgrid-daily/access/averages/1958/ncdd-195808-version.txt,raw/nclimgrid_daily/version/1958/ncdd-195808-version.txt,c5be728e146866d6af3a4d683ae67b19bb59a5f35c652f7719dc0f984c151605,processed/nclimgrid_daily/county_tavg/1958/county_tavg_195808.csv,96317,"nclimgrid-daily_v1-0-0_snap2026-07-30, start: 1951-01, end: 2026-06, status: scaled}",/Users/andrewpark/Desktop/Code/WeatherDerivativePricing,2026-09-02T15:42:54+00:00,Tue May  2 20:46:46 2017,True
tavg,1958-09,scaled,https://www.ncei.noaa.gov/data/nclimgrid-daily/access/averages/1958/tavg-195809-cty-scaled.csv,raw/nclimgrid_daily/averages/1958/tavg-195809-cty-scaled.csv,2026-07-30T03:34:21+00:00,1093490,7ab46458c4749b23b06c05e5b8d5f71034aed834ac543ddf096bb3ff4b93783f,"""10af72-5e76d0b6f91ae""","Tue, 30 Aug 2022 03:33:32 GMT",https://www.ncei.noaa.gov/data/nclimgrid-daily/access/averages/1958/ncdd-195809-version.txt,raw/nclimgrid_daily/version/1958/ncdd-195809-version.txt,114b8e28a5a1eeb1daae454e932b9ff2117ae797a4ac15679c2da73bb3e5d374,processed/nclimgrid_daily/county_tavg/1958/county_tavg_195809.csv,93210,"nclimgrid-daily_v1-0-0_snap2026-07-30, start: 1951-01, end: 2026-06, status: scaled}",/Users/andrewpark/Desktop/Code/WeatherDerivativePricing,2026-09-02T15:42:54+00:00,Tue May  2 20:47:14 2017,True
tavg,1958-10,scaled,https://www.ncei.noaa.gov/data/nclimgrid-daily/access/averages/1958/tavg-195810-cty-scaled.csv,raw/nclimgrid_daily/averages/1958/tavg-195810-cty-scaled.csv,2026-07-30T03:34:22+00:00,1093490,dbb68bd9125ceada36236895f5a110c976265b92c004384be5f8a5c5fd7f8a49,"""10af72-5e76d0c90efcd""","Tue, 30 Aug 2022 03:33:51 GMT",https://www.ncei.noaa.gov/data/nclimgrid-daily/access/averages/1958/ncdd-195810-version.txt,raw/nclimgrid_daily/version/1958/ncdd-195810-version.txt,1d547dbf60d76980550edbc00e3e105383f02380e4e13846f0b6213632676b06,processed/nclimgrid_daily/county_tavg/1958/county_tavg_195810.csv,96317,"nclimgrid-daily_v1-0-0_snap2026-07-30, start: 1951-01, end: 2026-06, status: scaled}",/Users/andrewpark/Desktop/Code/WeatherDerivativePricing,2026-09-02T15:42:54+00:00,Tue May  2 20:47:47 2017,True
tavg,1958-11,scaled,https://www.ncei.noaa.gov/data/nclimgrid-daily/access/averages/1958/tavg-195811-cty-scaled.csv,raw/nclimgrid_daily/averages/1958/tavg-195811-cty-scaled.csv,2026-07-30T03:34:22+00:00,1093490,d14ce470f25a0df84821b826ce4822e504bdbaf15870ac32a612957a1e5faa0e,"""10af72-5e76d0db11955""","Tue, 30 Aug 2022 03:34:10 GMT",https://www.ncei.noaa.gov/data/nclimgrid-daily/access/averages/1958/ncdd-195811-version.txt,raw/nclimgrid_daily/version/1958/ncdd-195811-version.txt,cfbe674792d8ed7d3c5f2232d853db38533ad07a421859253909c5456ddcb639,processed/nclimgrid_daily/county_tavg/1958/county_tavg_195811.csv,93210,"nclimgrid-daily_v1-0-0_snap2026-07-30, start: 1951-01, end: 2026-06, status: scaled}",/Users/andrewpark/Desktop/Code/WeatherDerivativePricing,2026-09-02T15:42:54+00:00,Tue May  2 20:48:20 2017,True
tavg,1958-12,scaled,https://www.ncei.noaa.gov/data/nclimgrid-daily/access/averages/1958/tavg-195812-cty-scaled.csv,raw/nclimgrid_daily/averages/1958/tavg-195812-cty-scaled.csv,2026-07-30T03:34:23+00:00,1093490,ce4d05951e631a0d22cf5a3ecad1e63db05f9004c64279c624ef65d930951864,"""10af72-5e76d0ecf376c""","Tue, 30 Aug 2022 03:34:29 GMT",https://www.ncei.noaa.gov/data/nclimgrid-daily/access/averages/1958/ncdd-195812-version.txt,raw/nclimgrid_daily/version/1958/ncdd-195812-version.txt,5536bc9dbe1f9629f8bf017b0fe1a2811f9badf5bf46903b7b949289f0a5feb0,processed/nclimgrid_daily/county_tavg/1958/county_tavg_195812.csv,96317,"nclimgrid-daily_v1-0-0_snap2026-07-30, start: 1951-01, end: 2026-06, status: scaled}",/Users/andrewpark/Desktop/Code/WeatherDerivativePricing,2026-09-02T15:42:54+00:00,Tue May  2 20:48:50 2017,True
tavg,1959-01,scaled,https://www.ncei.noaa.gov/data/nclimgrid-daily/access/averages/1959/tavg-195901-cty-scaled.csv,raw/nclimgrid_daily/averages/1959/tavg-195901-cty-scaled.csv,2026-07-30T03:34:24+00:00,1093490,f89d94e9e650bc29962919e5652a4bfe8d4d9862e375b634da0113816bcf268b,"""10af72-5e770a687cb40""","Tue, 30 Aug 2022 07:51:39 GMT",https://www.ncei.noaa.gov/data/nclimgrid-daily/access/averages/1959/ncdd-195901-version.txt,raw/nclimgrid_daily/version/1959/ncdd-195901-version.txt,8632e81cf8b75219de4fd0136d2acf4511f06251229773647ac9471ad1a0074c,processed/nclimgrid_daily/county_tavg/1959/county_tavg_195901.csv,96317,"nclimgrid-daily_v1-0-0_snap2026-07-30, start: 1951-01, end: 2026-06, status: scaled}",/Users/andrewpark/Desktop/Code/WeatherDerivativePricing,2026-09-02T15:42:54+00:00,Wed May  3 04:59:51 2017,True
tavg,1959-02,scaled,https://www.ncei.noaa.gov/data/nclimgrid-daily/access/averages/1959/tavg-195902-cty-scaled.csv,raw/nclimgrid_daily/averages/1959/tavg-195902-cty-scaled.csv,2026-07-30T03:34:24+00:00,1093490,c8b72473be475912d511f80bede69bea6be8a5cda0eb509cdd884f39f71914ca,"""10af72-5e770a7f3fda0""","Tue, 30 Aug 2022 07:52:03 GMT",https://www.ncei.noaa.gov/data/nclimgrid-daily/access/averages/1959/ncdd-195902-version.txt,raw/nclimgrid_daily/version/1959/ncdd-195902-version.txt,2f1aa5820b7a20a5fc1a7b43dd0cbc71478c8a5ff19b6a798f4b1b8d4c7d77fe,processed/nclimgrid_daily/county_tavg/1959/county_tavg_195902.csv,86996,"nclimgrid-daily_v1-0-0_snap2026-07-30, start: 1951-01, end: 2026-06, status: scaled}",/Users/andrewpark/Desktop/Code/WeatherDerivativePricing,2026-09-02T15:42:54+00:00,Wed May  3 05:00:17 2017,True
tavg,1959-03,scaled,https://www.ncei.noaa.gov/data/nclimgrid-daily/access/averages/1959/tavg-195903-cty-scaled.csv,raw/nclimgrid_daily/averages/1959/tavg-195903-cty-scaled.csv,2026-07-30T03:34:25+00:00,1093490,bd01a5c4c069ed6730d3b96269a5ac632a9ef49959a1300bbaa7c65c0f522185,"""10af72-5e770a97c62bf""","Tue, 30 Aug 2022 07:52:29 GMT",https://www.ncei.noaa.gov/data/nclimgrid-daily/access/averages/1959/ncdd-195903-version.txt,raw/nclimgrid_daily/version/1959/ncdd-195903-version.txt,4a77ae62a077aa20e50408514bd462f4ac1cc5856d03c2e010a78eed3fe90323,processed/nclimgrid_daily/county_tavg/1959/county_tavg_195903.csv,96317,"nclimgrid-daily_v1-0-0_snap2026-07-30, start: 1951-01, end: 2026-06, status: scaled}",/Users/andrewpark/Desktop/Code/WeatherDerivativePricing,2026-09-02T15:42:54+00:00,Wed May  3 05:00:48 2017,True
tavg,1959-04,scaled,https://www.ncei.noaa.gov/data/nclimgrid-daily/access/averages/1959/tavg-195904-cty-scaled.csv,raw/nclimgrid_daily/averages/1959/tavg-195904-cty-scaled.csv,2026-07-30T03:34:26+00:00,1093490,6c4dee77129b5b95e2e14b5189bcfdee6c44a9e16ea9155b43437efb83686211,"""10af72-5e770aae5c276""","Tue, 30 Aug 2022 07:52:53 GMT",https://www.ncei.noaa.gov/data/nclimgrid-daily/access/averages/1959/ncdd-195904-version.txt,raw/nclimgrid_daily/version/1959/ncdd-195904-version.txt,06b70d3f28bcd9c4cb863108ed3bba06d11e4f076657b8bfe3832766dbcb6d4b,processed/nclimgrid_daily/county_tavg/1959/county_tavg_195904.csv,93210,"nclimgrid-daily_v1-0-0_snap2026-07-30, start: 1951-01, end: 2026-06, status: scaled}",/Users/andrewpark/Desktop/Code/WeatherDerivativePricing,2026-09-02T15:42:54+00:00,Wed May  3 05:01:16 2017,True
tavg,1959-05,scaled,https://www.ncei.noaa.gov/data/nclimgrid-daily/access/averages/1959/tavg-195905-cty-scaled.csv,raw/nclimgrid_daily/averages/1959/tavg-195905-cty-scaled.csv,2026-07-30T03:34:26+00:00,1093490,2b9a4f7fb3c03c4fb01ffb6742964fe9844614b6c29369b67d2e4b6683a73919,"""10af72-5e770ac43f6ce""","Tue, 30 Aug 2022 07:53:16 GMT",https://www.ncei.noaa.gov/data/nclimgrid-daily/access/averages/1959/ncdd-195905-version.txt,raw/nclimgrid_daily/version/1959/ncdd-195905-version.txt,9b48d3b5a99cd5874485eba10d2e184d73fb4971fd49082682cffe4fee5b1296,processed/nclimgrid_daily/county_tavg/1959/county_tavg_195905.csv,96317,"nclimgrid-daily_v1-0-0_snap2026-07-30, start: 1951-01, end: 2026-06, status: scaled}",/Users/andrewpark/Desktop/Code/WeatherDerivativePricing,2026-09-02T15:42:54+00:00,Wed May  3 05:01:47 2017,True
tavg,1959-06,scaled,https://www.ncei.noaa.gov/data/nclimgrid-daily/access/averages/1959/tavg-195906-cty-scaled.csv,raw/nclimgrid_daily/averages/1959/tavg-195906-cty-scaled.csv,2026-07-30T03:34:27+00:00,1093490,23917823f8b99421618ea9f21c26c7c87d19fe39e6a8fc33600ebbe492a28152,"""10af72-5e770adb3a3cd""","Tue, 30 Aug 2022 07:53:40 GMT",https://www.ncei.noaa.gov/data/nclimgrid-daily/access/averages/1959/ncdd-195906-version.txt,raw/nclimgrid_daily/version/1959/ncdd-195906-version.txt,fd01a0db51408204abf7c76fa0c5670905493e344c0ba9088d0d6d094908027a,processed/nclimgrid_daily/county_tavg/1959/county_tavg_195906.csv,93210,"nclimgrid-daily_v1-0-0_snap2026-07-30, start: 1951-01, end: 2026-06, status: scaled}",/Users/andrewpark/Desktop/Code/WeatherDerivativePricing,2026-09-02T15:42:54+00:00,Wed May  3 05:02:18 2017,True
tavg,1959-07,scaled,https://www.ncei.noaa.gov/data/nclimgrid-daily/access/averages/1959/tavg-195907-cty-scaled.csv,raw/nclimgrid_daily/averages/1959/tavg-195907-cty-scaled.csv,2026-07-30T03:34:28+00:00,1093490,5c310135a31342e71f419d8136180d4f771b1cfaa2f9caa051104a7351396bd5,"""10af72-5e770af1356f5""","Tue, 30 Aug 2022 07:54:03 GMT",https://www.ncei.noaa.gov/data/nclimgrid-daily/access/averages/1959/ncdd-195907-version.txt,raw/nclimgrid_daily/version/1959/ncdd-195907-version.txt,8cb0694ec8b81d7a8feecad82cd1f42abdb730d70b8a8e387c207cbac0dfbe98,processed/nclimgrid_daily/county_tavg/1959/county_tavg_195907.csv,96317,"nclimgrid-daily_v1-0-0_snap2026-07-30, start: 1951-01, end: 2026-06, status: scaled}",/Users/andrewpark/Desktop/Code/WeatherDerivativePricing,2026-09-02T15:42:54+00:00,Wed May  3 05:02:52 2017,True
tavg,1959-08,scaled,https://www.ncei.noaa.gov/data/nclimgrid-daily/access/averages/1959/tavg-195908-cty-scaled.csv,raw/nclimgrid_daily/averages/1959/tavg-195908-cty-scaled.csv,2026-07-30T03:34:28+00:00,1093490,f1b60ac8b73fe1b916a3deae6524cfc235762cf5ae5e878876a552dd69822996,"""10af72-5e770b0508244""","Tue, 30 Aug 2022 07:54:23 GMT",https://www.ncei.noaa.gov/data/nclimgrid-daily/access/averages/1959/ncdd-195908-version.txt,raw/nclimgrid_daily/version/1959/ncdd-195908-version.txt,69e7a7255c8056f9c2bb1bc5a38b13acc615e50a8c5861220e68b1ead754dd7d,processed/nclimgrid_daily/county_tavg/1959/county_tavg_195908.csv,96317,"nclimgrid-daily_v1-0-0_snap2026-07-30, start: 1951-01, end: 2026-06, status: scaled}",/Users/andrewpark/Desktop/Code/WeatherDerivativePricing,2026-09-02T15:42:54+00:00,Wed May  3 05:03:26 2017,True
tavg,1959-09,scaled,https://www.ncei.noaa.gov/data/nclimgrid-daily/access/averages/1959/tavg-195909-cty-scaled.csv,raw/nclimgrid_daily/averages/1959/tavg-195909-cty-scaled.csv,2026-07-30T03:34:29+00:00,1093490,f82fbec816d7fe595cf08be712de045bcb57e53ac6e2d8f678e6d2098fcc7946,"""10af72-5e770b19e62eb""","Tue, 30 Aug 2022 07:54:45 GMT",https://www.ncei.noaa.gov/data/nclimgrid-daily/access/averages/1959/ncdd-195909-version.txt,raw/nclimgrid_daily/version/1959/ncdd-195909-version.txt,5a37d77aa364009061eef544b3c31ce37857132c14e239ed3348c71edb53b362,processed/nclimgrid_daily/county_tavg/1959/county_tavg_195909.csv,93210,"nclimgrid-daily_v1-0-0_snap2026-07-30, start: 1951-01, end: 2026-06, status: scaled}",/Users/andrewpark/Desktop/Code/WeatherDerivativePricing,2026-09-02T15:42:54+00:00,Wed May  3 05:03:58 2017,True
tavg,1959-10,scaled,https://www.ncei.noaa.gov/data/nclimgrid-daily/access/averages/1959/tavg-195910-cty-scaled.csv,raw/nclimgrid_daily/averages/1959/tavg-195910-cty-scaled.csv,2026-07-30T03:34:29+00:00,1093490,50f6de8a9bf0f60b9930c4a5afc6dca5f6169297210bb2efd478586d9fff3705,"""10af72-5e770b2f484db""","Tue, 30 Aug 2022 07:55:08 GMT",https://www.ncei.noaa.gov/data/nclimgrid-daily/access/averages/1959/ncdd-195910-version.txt,raw/nclimgrid_daily/version/1959/ncdd-195910-version.txt,6377d732eb22c6800dd8682945bd14fdfc85701a90fabcd8a15dba3fff220106,processed/nclimgrid_daily/county_tavg/1959/county_tavg_195910.csv,96317,"nclimgrid-daily_v1-0-0_snap2026-07-30, start: 1951-01, end: 2026-06, status: scaled}",/Users/andrewpark/Desktop/Code/WeatherDerivativePricing,2026-09-02T15:42:54+00:00,Wed May  3 05:04:32 2017,True
tavg,1959-11,scaled,https://www.ncei.noaa.gov/data/nclimgrid-daily/access/averages/1959/tavg-195911-cty-scaled.csv,raw/nclimgrid_daily/averages/1959/tavg-195911-cty-scaled.csv,2026-07-30T03:34:30+00:00,1093490,637807e7b6232fbaca5c14fc17b523a74ca4ce0cfa4387411fa15d8afe04b5f3,"""10af72-5e770b431b7fa""","Tue, 30 Aug 2022 07:55:29 GMT",https://www.ncei.noaa.gov/data/nclimgrid-daily/access/averages/1959/ncdd-195911-version.txt,raw/nclimgrid_daily/version/1959/ncdd-195911-version.txt,d84c352bfaaa3d7caed9d33b80ec04e2eef7888084b36653282495284d0af63e,processed/nclimgrid_daily/county_tavg/1959/county_tavg_195911.csv,93210,"nclimgrid-daily_v1-0-0_snap2026-07-30, start: 1951-01, end: 2026-06, status: scaled}",/Users/andrewpark/Desktop/Code/WeatherDerivativePricing,2026-09-02T15:42:54+00:00,Wed May  3 05:05:04 2017,True
tavg,1959-12,scaled,https://www.ncei.noaa.gov/data/nclimgrid-daily/access/averages/1959/tavg-195912-cty-scaled.csv,raw/nclimgrid_daily/averages/1959/tavg-195912-cty-scaled.csv,2026-07-30T03:34:31+00:00,1093490,c76d1761c2ab362fc00acf175d8dd1c79a24574047bba4a05755f8d1b06fb70b,"""10af72-5e770b5b381b2""","Tue, 30 Aug 2022 07:55:54 GMT",https://www.ncei.noaa.gov/data/nclimgrid-daily/access/averages/1959/ncdd-195912-version.txt,raw/nclimgrid_daily/version/1959/ncdd-195912-version.txt,fa5f8b9b51ed0c3a7d7fe50ab28564b59b9c3b9d86dd402770579c49f9743066,processed/nclimgrid_daily/county_tavg/1959/county_tavg_195912.csv,96317,"nclimgrid-daily_v1-0-0_snap2026-07-30, start: 1951-01, end: 2026-06, status: scaled}",/Users/andrewpark/Desktop/Code/WeatherDerivativePricing,2026-09-02T15:42:54+00:00,Wed May  3 05:05:36 2017,True
tavg,1960-01,scaled,https://www.ncei.noaa.gov/data/nclimgrid-daily/access/averages/1960/tavg-196001-cty-scaled.csv,raw/nclimgrid_daily/averages/1960/tavg-196001-cty-scaled.csv,2026-07-30T03:34:31+00:00,1093490,ef1da244bf8ea2b45cdae267e2b5edcdd118461e6c3b897cc834eb2395bf10d5,"""10af72-5e7758b15a9f1""","Tue, 30 Aug 2022 13:41:54 GMT",https://www.ncei.noaa.gov/data/nclimgrid-daily/access/averages/1960/ncdd-196001-version.txt,raw/nclimgrid_daily/version/1960/ncdd-196001-version.txt,ce37d91d57e1807f61822e2e6a28cc0db2ad8e09d9d3ea0faea5700f36a961e5,processed/nclimgrid_daily/county_tavg/1960/county_tavg_196001.csv,96317,"nclimgrid-daily_v1-0-0_snap2026-07-30, start: 1951-01, end: 2026-06, status: scaled}",/Users/andrewpark/Desktop/Code/WeatherDerivativePricing,2026-09-02T15:42:54+00:00,Wed May  3 13:38:46 2017,True
tavg,1960-02,scaled,https://www.ncei.noaa.gov/data/nclimgrid-daily/access/averages/1960/tavg-196002-cty-scaled.csv,raw/nclimgrid_daily/averages/1960/tavg-196002-cty-scaled.csv,2026-07-30T03:34:32+00:00,1093490,e2a049fd4f2ebc994ea90ffae045b1ced286f60e6976f55be1d76d1f8ed53afe,"""10af72-5e7758c559848""","Tue, 30 Aug 2022 13:42:15 GMT",https://www.ncei.noaa.gov/data/nclimgrid-daily/access/averages/1960/ncdd-196002-version.txt,raw/nclimgrid_daily/version/1960/ncdd-196002-version.txt,76b81c1b470537c45386eb32153b61eda19af95f88ec52b766dee80d54c28d88,processed/nclimgrid_daily/county_tavg/1960/county_tavg_196002.csv,90103,"nclimgrid-daily_v1-0-0_snap2026-07-30, start: 1951-01, end: 2026-06, status: scaled}",/Users/andrewpark/Desktop/Code/WeatherDerivativePricing,2026-09-02T15:42:54+00:00,Wed May  3 13:39:14 2017,True
tavg,1960-03,scaled,https://www.ncei.noaa.gov/data/nclimgrid-daily/access/averages/1960/tavg-196003-cty-scaled.csv,raw/nclimgrid_daily/averages/1960/tavg-196003-cty-scaled.csv,2026-07-30T03:34:33+00:00,1093490,5d4c3f655e0c4961536225bfc2ce48d1078dbc7567926a002f2dc8a508585828,"""10af72-5e7758daa4b07""","Tue, 30 Aug 2022 13:42:37 GMT",https://www.ncei.noaa.gov/data/nclimgrid-daily/access/averages/1960/ncdd-196003-version.txt,raw/nclimgrid_daily/version/1960/ncdd-196003-version.txt,f1ec4ec251fe17c96210bcb73720c13878feec0023668e8a8c655cc2053dc63c,processed/nclimgrid_daily/county_tavg/1960/county_tavg_196003.csv,96317,"nclimgrid-daily_v1-0-0_snap2026-07-30, start: 1951-01, end: 2026-06, status: scaled}",/Users/andrewpark/Desktop/Code/WeatherDerivativePricing,2026-09-02T15:42:54+00:00,Wed May  3 13:39:45 2017,True
tavg,1960-04,scaled,https://www.ncei.noaa.gov/data/nclimgrid-daily/access/averages/1960/tavg-196004-cty-scaled.csv,raw/nclimgrid_daily/averages/1960/tavg-196004-cty-scaled.csv,2026-07-30T03:34:33+00:00,1093490,c7343eb165bdc3385b190160387f7e7225db3ecc6f2eae6c19593ba5e0f63515,"""10af72-5e7758f5c2957""","Tue, 30 Aug 2022 13:43:05 GMT",https://www.ncei.noaa.gov/data/nclimgrid-daily/access/averages/1960/ncdd-196004-version.txt,raw/nclimgrid_daily/version/1960/ncdd-196004-version.txt,2ce81248a471f0a2f664e790dbf9f0f50eac3a41ebb2fbccfc06431c941f5cd8,processed/nclimgrid_daily/county_tavg/1960/county_tavg_196004.csv,93210,"nclimgrid-daily_v1-0-0_snap2026-07-30, start: 1951-01, end: 2026-06, status: scaled}",/Users/andrewpark/Desktop/Code/WeatherDerivativePricing,2026-09-02T15:42:54+00:00,Wed May  3 13:40:16 2017,True
tavg,1960-05,scaled,https://www.ncei.noaa.gov/data/nclimgrid-daily/access/averages/1960/tavg-196005-cty-scaled.csv,raw/nclimgrid_daily/averages/1960/tavg-196005-cty-scaled.csv,2026-07-30T03:34:34+00:00,1093490,8f45e1b4fbd06d0c97960860db7dc51bf9bb52273e87a52307e7fff9d2fad5a8,"""10af72-5e77590d367d6""","Tue, 30 Aug 2022 13:43:30 GMT",https://www.ncei.noaa.gov/data/nclimgrid-daily/access/averages/1960/ncdd-196005-version.txt,raw/nclimgrid_daily/version/1960/ncdd-196005-version.txt,f29ce9b6248cbae142b7a42cfaf693ce1b3bcdcc71d363c2cfc2c851e8851766,processed/nclimgrid_daily/county_tavg/1960/county_tavg_196005.csv,96317,"nclimgrid-daily_v1-0-0_snap2026-07-30, start: 1951-01, end: 2026-06, status: scaled}",/Users/andrewpark/Desktop/Code/WeatherDerivativePricing,2026-09-02T15:42:54+00:00,Wed May  3 13:40:49 2017,True
tavg,1960-06,scaled,https://www.ncei.noaa.gov/data/nclimgrid-daily/access/averages/1960/tavg-196006-cty-scaled.csv,raw/nclimgrid_daily/averages/1960/tavg-196006-cty-scaled.csv,2026-07-30T03:34:34+00:00,1093490,3719a5156462ecd73340896d3b880f5afa4b84c00f9c5d0917f109e6f9569916,"""10af72-5e7759216d0cd""","Tue, 30 Aug 2022 13:43:51 GMT",https://www.ncei.noaa.gov/data/nclimgrid-daily/access/averages/1960/ncdd-196006-version.txt,raw/nclimgrid_daily/version/1960/ncdd-196006-version.txt,80f7e238f69588bbd15ea7a4e37e66d73006d60842d7013cf3ad38fbe02a71d9,processed/nclimgrid_daily/county_tavg/1960/county_tavg_196006.csv,93210,"nclimgrid-daily_v1-0-0_snap2026-07-30, start: 1951-01, end: 2026-06, status: scaled}",/Users/andrewpark/Desktop/Code/WeatherDerivativePricing,2026-09-02T15:42:54+00:00,Wed May  3 13:41:20 2017,True
tavg,1960-07,scaled,https://www.ncei.noaa.gov/data/nclimgrid-daily/access/averages/1960/tavg-196007-cty-scaled.csv,raw/nclimgrid_daily/averages/1960/tavg-196007-cty-scaled.csv,2026-07-30T03:34:35+00:00,1093490,03070cc67c2f47039cae00671d594756526119e321c214a9c7d1e5b4e45210ff,"""10af72-5e7759374b705""","Tue, 30 Aug 2022 13:44:14 GMT",https://www.ncei.noaa.gov/data/nclimgrid-daily/access/averages/1960/ncdd-196007-version.txt,raw/nclimgrid_daily/version/1960/ncdd-196007-version.txt,c6cc0c6b3b2239fa5604d62d63dce597c0195057d9b013984d2fc5409b976e49,processed/nclimgrid_daily/county_tavg/1960/county_tavg_196007.csv,96317,"nclimgrid-daily_v1-0-0_snap2026-07-30, start: 1951-01, end: 2026-06, status: scaled}",/Users/andrewpark/Desktop/Code/WeatherDerivativePricing,2026-09-02T15:42:54+00:00,Wed May  3 13:41:50 2017,True
tavg,1960-08,scaled,https://www.ncei.noaa.gov/data/nclimgrid-daily/access/averages/1960/tavg-196008-cty-scaled.csv,raw/nclimgrid_daily/averages/1960/tavg-196008-cty-scaled.csv,2026-07-30T03:34:36+00:00,1093490,f9d2e2d287c6a715c0b90925d3e6c0cb70a84df337d8ae213039ec984c363d5b,"""10af72-5e7759514036c""","Tue, 30 Aug 2022 13:44:41 GMT",https://www.ncei.noaa.gov/data/nclimgrid-daily/access/averages/1960/ncdd-196008-version.txt,raw/nclimgrid_daily/version/1960/ncdd-196008-version.txt,d14cf2c6c1dfb9f21f6f3c65d03d80e1c3f39679a813a122525d8f5c0e4f93f7,processed/nclimgrid_daily/county_tavg/1960/county_tavg_196008.csv,96317,"nclimgrid-daily_v1-0-0_snap2026-07-30, start: 1951-01, end: 2026-06, status: scaled}",/Users/andrewpark/Desktop/Code/WeatherDerivativePricing,2026-09-02T15:42:54+00:00,Wed May  3 13:42:23 2017,True
tavg,1960-09,scaled,https://www.ncei.noaa.gov/data/nclimgrid-daily/access/averages/1960/tavg-196009-cty-scaled.csv,raw/nclimgrid_daily/averages/1960/tavg-196009-cty-scaled.csv,2026-07-30T03:34:36+00:00,1093490,b1e1403b0e1254aa2534ac95b02b593af909cd1176e98fc4b4690a1184b28c28,"""10af72-5e7759696b783""","Tue, 30 Aug 2022 13:45:07 GMT",https://www.ncei.noaa.gov/data/nclimgrid-daily/access/averages/1960/ncdd-196009-version.txt,raw/nclimgrid_daily/version/1960/ncdd-196009-version.txt,fff24d4ddf1c4b1ad0fc94c1a922c88ecb99262852a0a3bbf79998a354f32306,processed/nclimgrid_daily/county_tavg/1960/county_tavg_196009.csv,93210,"nclimgrid-daily_v1-0-0_snap2026-07-30, start: 1951-01, end: 2026-06, status: scaled}",/Users/andrewpark/Desktop/Code/WeatherDerivativePricing,2026-09-02T15:42:54+00:00,Wed May  3 13:42:55 2017,True
tavg,1960-10,scaled,https://www.ncei.noaa.gov/data/nclimgrid-daily/access/averages/1960/tavg-196010-cty-scaled.csv,raw/nclimgrid_daily/averages/1960/tavg-196010-cty-scaled.csv,2026-07-30T03:34:37+00:00,1093490,6917225f1a77fb307af11028f94ecb2d453fb8bfcf96f361fe157f30ef381c08,"""10af72-5e7759827c37b""","Tue, 30 Aug 2022 13:45:33 GMT",https://www.ncei.noaa.gov/data/nclimgrid-daily/access/averages/1960/ncdd-196010-version.txt,raw/nclimgrid_daily/version/1960/ncdd-196010-version.txt,8fee3366c62f43f229a0af028f6f6f5a194d925863d7961eecc0e2ee8722521e,processed/nclimgrid_daily/county_tavg/1960/county_tavg_196010.csv,96317,"nclimgrid-daily_v1-0-0_snap2026-07-30, start: 1951-01, end: 2026-06, status: scaled}",/Users/andrewpark/Desktop/Code/WeatherDerivativePricing,2026-09-02T15:42:54+00:00,Wed May  3 13:43:27 2017,True
tavg,1960-11,scaled,https://www.ncei.noaa.gov/data/nclimgrid-daily/access/averages/1960/tavg-196011-cty-scaled.csv,raw/nclimgrid_daily/averages/1960/tavg-196011-cty-scaled.csv,2026-07-30T03:34:37+00:00,1093490,54f86939c5a438c06a6a09f1992e1d7bd9412fbdc3a82cf51993a51f047e0f1a,"""10af72-5e77599aff1ea""","Tue, 30 Aug 2022 13:45:59 GMT",https://www.ncei.noaa.gov/data/nclimgrid-daily/access/averages/1960/ncdd-196011-version.txt,raw/nclimgrid_daily/version/1960/ncdd-196011-version.txt,a097743b10b3b6f73fd2d5b036827e74f69ac81428f5325ea93a4ceeafd968d2,processed/nclimgrid_daily/county_tavg/1960/county_tavg_196011.csv,93210,"nclimgrid-daily_v1-0-0_snap2026-07-30, start: 1951-01, end: 2026-06, status: scaled}",/Users/andrewpark/Desktop/Code/WeatherDerivativePricing,2026-09-02T15:42:54+00:00,Wed May  3 13:43:58 2017,True
tavg,1960-12,scaled,https://www.ncei.noaa.gov/data/nclimgrid-daily/access/averages/1960/tavg-196012-cty-scaled.csv,raw/nclimgrid_daily/averages/1960/tavg-196012-cty-scaled.csv,2026-07-30T03:34:38+00:00,1093490,bed87a53f5d76c33062134452d6e75d0f451056204ade9fd457f907d3b6ab88b,"""10af72-5e7759b0a7109""","Tue, 30 Aug 2022 13:46:21 GMT",https://www.ncei.noaa.gov/data/nclimgrid-daily/access/averages/1960/ncdd-196012-version.txt,raw/nclimgrid_daily/version/1960/ncdd-196012-version.txt,60c31d3cd09f2e3df7b04768a935d3e347c2f444ef20c659ba442018bda1ee59,processed/nclimgrid_daily/county_tavg/1960/county_tavg_196012.csv,96317,"nclimgrid-daily_v1-0-0_snap2026-07-30, start: 1951-01, end: 2026-06, status: scaled}",/Users/andrewpark/Desktop/Code/WeatherDerivativePricing,2026-09-02T15:42:54+00:00,Wed May  3 13:44:31 2017,True
tavg,1961-01,scaled,https://www.ncei.noaa.gov/data/nclimgrid-daily/access/averages/1961/tavg-196101-cty-scaled.csv,raw/nclimgrid_daily/averages/1961/tavg-196101-cty-scaled.csv,2026-07-30T03:34:39+00:00,1093490,f999b1ce9dc391976e15d92a342a24296ec8fd5dbe813366cccac2fb6f61bce5,"""10af72-5e77954e2e3ff""","Tue, 30 Aug 2022 18:13:04 GMT",https://www.ncei.noaa.gov/data/nclimgrid-daily/access/averages/1961/ncdd-196101-version.txt,raw/nclimgrid_daily/version/1961/ncdd-196101-version.txt,37611618f8f6ee3175ebdc1e7d2f17860a4b9cc152c5ff6a1cbd067dde768295,processed/nclimgrid_daily/county_tavg/1961/county_tavg_196101.csv,96317,"nclimgrid-daily_v1-0-0_snap2026-07-30, start: 1951-01, end: 2026-06, status: scaled}",/Users/andrewpark/Desktop/Code/WeatherDerivativePricing,2026-09-02T15:42:54+00:00,Wed May  3 22:57:00 2017,True
tavg,1961-02,scaled,https://www.ncei.noaa.gov/data/nclimgrid-daily/access/averages/1961/tavg-196102-cty-scaled.csv,raw/nclimgrid_daily/averages/1961/tavg-196102-cty-scaled.csv,2026-07-30T03:34:39+00:00,1093490,b548e7b26f30ffee206d507ff753ad7c0d54031990a1b0a5999acd45d64b0a3f,"""10af72-5e7795608e987""","Tue, 30 Aug 2022 18:13:24 GMT",https://www.ncei.noaa.gov/data/nclimgrid-daily/access/averages/1961/ncdd-196102-version.txt,raw/nclimgrid_daily/version/1961/ncdd-196102-version.txt,178a1a96f7e3666c498912d81657f96b3ad0c7fe82b20342436c972330b3a463,processed/nclimgrid_daily/county_tavg/1961/county_tavg_196102.csv,86996,"nclimgrid-daily_v1-0-0_snap2026-07-30, start: 1951-01, end: 2026-06, status: scaled}",/Users/andrewpark/Desktop/Code/WeatherDerivativePricing,2026-09-02T15:42:54+00:00,Wed May  3 22:57:28 2017,True
tavg,1961-03,scaled,https://www.ncei.noaa.gov/data/nclimgrid-daily/access/averages/1961/tavg-196103-cty-scaled.csv,raw/nclimgrid_daily/averages/1961/tavg-196103-cty-scaled.csv,2026-07-30T03:34:40+00:00,1093490,339caabddad6cd31ddc2ddac1018c6bcfd9e15e5e3de4d82b272e3e7aeba3bf1,"""10af72-5e7795743b75e""","Tue, 30 Aug 2022 18:13:44 GMT",https://www.ncei.noaa.gov/data/nclimgrid-daily/access/averages/1961/ncdd-196103-version.txt,raw/nclimgrid_daily/version/1961/ncdd-196103-version.txt,3bf295d6221e23aba3453062d2620369c8de9136e716f9edc76ce0bdf77df11e,processed/nclimgrid_daily/county_tavg/1961/county_tavg_196103.csv,96317,"nclimgrid-daily_v1-0-0_snap2026-07-30, start: 1951-01, end: 2026-06, status: scaled}",/Users/andrewpark/Desktop/Code/WeatherDerivativePricing,2026-09-02T15:42:54+00:00,Wed May  3 22:58:01 2017,True
tavg,1961-04,scaled,https://www.ncei.noaa.gov/data/nclimgrid-daily/access/averages/1961/tavg-196104-cty-scaled.csv,raw/nclimgrid_daily/averages/1961/tavg-196104-cty-scaled.csv,2026-07-30T03:34:41+00:00,1093490,7566a460e68db09ae30c8a9fb0e1835ed2ff0f73ab02a5bc1dd65494c63254ae,"""10af72-5e77958890c86""","Tue, 30 Aug 2022 18:14:05 GMT",https://www.ncei.noaa.gov/data/nclimgrid-daily/access/averages/1961/ncdd-196104-version.txt,raw/nclimgrid_daily/version/1961/ncdd-196104-version.txt,73633b2e32d087a1a4c2e6bafd3c7fec3b7732edb88e9578633139eee89b465d,processed/nclimgrid_daily/county_tavg/1961/county_tavg_196104.csv,93210,"nclimgrid-daily_v1-0-0_snap2026-07-30, start: 1951-01, end: 2026-06, status: scaled}",/Users/andrewpark/Desktop/Code/WeatherDerivativePricing,2026-09-02T15:42:54+00:00,Wed May  3 22:58:33 2017,True
tavg,1961-05,scaled,https://www.ncei.noaa.gov/data/nclimgrid-daily/access/averages/1961/tavg-196105-cty-scaled.csv,raw/nclimgrid_daily/averages/1961/tavg-196105-cty-scaled.csv,2026-07-30T03:34:41+00:00,1093490,5cab068700deef8a91e66c0d82f8c5ae10290ea3a67f0c301eeda6acbd97ba3f,"""10af72-5e77959ace75d""","Tue, 30 Aug 2022 18:14:25 GMT",https://www.ncei.noaa.gov/data/nclimgrid-daily/access/averages/1961/ncdd-196105-version.txt,raw/nclimgrid_daily/version/1961/ncdd-196105-version.txt,41fd349b309193e863d6cf6c3039d3b95f6fd3b0d3c0fded23b83ea97670e173,processed/nclimgrid_daily/county_tavg/1961/county_tavg_196105.csv,96317,"nclimgrid-daily_v1-0-0_snap2026-07-30, start: 1951-01, end: 2026-06, status: scaled}",/Users/andrewpark/Desktop/Code/WeatherDerivativePricing,2026-09-02T15:42:54+00:00,Wed May  3 22:59:06 2017,True
tavg,1961-06,scaled,https://www.ncei.noaa.gov/data/nclimgrid-daily/access/averages/1961/tavg-196106-cty-scaled.csv,raw/nclimgrid_daily/averages/1961/tavg-196106-cty-scaled.csv,2026-07-30T03:34:42+00:00,1093490,8646ae94b6a2760653a2dc459dd49ddcf5efafd6d339d5c67954da67816802c4,"""10af72-5e7795ad67ef5""","Tue, 30 Aug 2022 18:14:44 GMT",https://www.ncei.noaa.gov/data/nclimgrid-daily/access/averages/1961/ncdd-196106-version.txt,raw/nclimgrid_daily/version/1961/ncdd-196106-version.txt,3309b3174c1bb8421715c138aba9c815e638a3ddca6214dcfb26ebbebc783e58,processed/nclimgrid_daily/county_tavg/1961/county_tavg_196106.csv,93210,"nclimgrid-daily_v1-0-0_snap2026-07-30, start: 1951-01, end: 2026-06, status: scaled}",/Users/andrewpark/Desktop/Code/WeatherDerivativePricing,2026-09-02T15:42:54+00:00,Wed May  3 22:59:38 2017,True
tavg,1961-07,scaled,https://www.ncei.noaa.gov/data/nclimgrid-daily/access/averages/1961/tavg-196107-cty-scaled.csv,raw/nclimgrid_daily/averages/1961/tavg-196107-cty-scaled.csv,2026-07-30T03:34:42+00:00,1093490,67ba038e76f0396ccea2126251a4bfb2266347ea44b80111002eb17da68f9964,"""10af72-5e7795bff439c""","Tue, 30 Aug 2022 18:15:04 GMT",https://www.ncei.noaa.gov/data/nclimgrid-daily/access/averages/1961/ncdd-196107-version.txt,raw/nclimgrid_daily/version/1961/ncdd-196107-version.txt,de805ea08f0a5d6660e201257467e8d28a2f299990e62ff3ed24e42791ee1e3d,processed/nclimgrid_daily/county_tavg/1961/county_tavg_196107.csv,96317,"nclimgrid-daily_v1-0-0_snap2026-07-30, start: 1951-01, end: 2026-06, status: scaled}",/Users/andrewpark/Desktop/Code/WeatherDerivativePricing,2026-09-02T15:42:54+00:00,Wed May  3 23:00:11 2017,True
tavg,1961-08,scaled,https://www.ncei.noaa.gov/data/nclimgrid-daily/access/averages/1961/tavg-196108-cty-scaled.csv,raw/nclimgrid_daily/averages/1961/tavg-196108-cty-scaled.csv,2026-07-30T03:34:43+00:00,1093490,9bdf2c3d0e60a222637fe4e91bc2b34bfe6758bb1da311d8aaa70fba74cab68c,"""10af72-5e7795d256864""","Tue, 30 Aug 2022 18:15:23 GMT",https://www.ncei.noaa.gov/data/nclimgrid-daily/access/averages/1961/ncdd-196108-version.txt,raw/nclimgrid_daily/version/1961/ncdd-196108-version.txt,ec25f1de712777c16b423786ead99b37657656a2c46a864c0f588e7ee3b10b7e,processed/nclimgrid_daily/county_tavg/1961/county_tavg_196108.csv,96317,"nclimgrid-daily_v1-0-0_snap2026-07-30, start: 1951-01, end: 2026-06, status: scaled}",/Users/andrewpark/Desktop/Code/WeatherDerivativePricing,2026-09-02T15:42:54+00:00,Wed May  3 23:00:44 2017,True
tavg,1961-09,scaled,https://www.ncei.noaa.gov/data/nclimgrid-daily/access/averages/1961/tavg-196109-cty-scaled.csv,raw/nclimgrid_daily/averages/1961/tavg-196109-cty-scaled.csv,2026-07-30T03:34:44+00:00,1093490,b13a202c77935e6e83eb919c3ce17f74f001ba2f7a795810043fe679ab04a527,"""10af72-5e7795e4be31b""","Tue, 30 Aug 2022 18:15:42 GMT",https://www.ncei.noaa.gov/data/nclimgrid-daily/access/averages/1961/ncdd-196109-version.txt,raw/nclimgrid_daily/version/1961/ncdd-196109-version.txt,6e4693e05979f4d30388a6f39359e2b1e5db7c73209b70516a890fb8a74e4720,processed/nclimgrid_daily/county_tavg/1961/county_tavg_196109.csv,93210,"nclimgrid-daily_v1-0-0_snap2026-07-30, start: 1951-01, end: 2026-06, status: scaled}",/Users/andrewpark/Desktop/Code/WeatherDerivativePricing,2026-09-02T15:42:54+00:00,Wed May  3 23:01:17 2017,True
tavg,1961-10,scaled,https://www.ncei.noaa.gov/data/nclimgrid-daily/access/averages/1961/tavg-196110-cty-scaled.csv,raw/nclimgrid_daily/averages/1961/tavg-196110-cty-scaled.csv,2026-07-30T03:34:44+00:00,1093490,9afa290037a5835e5f5032ba583b96effbd5fc2b6f99c83027da082c5fb348d5,"""10af72-5e7795f751cf3""","Tue, 30 Aug 2022 18:16:02 GMT",https://www.ncei.noaa.gov/data/nclimgrid-daily/access/averages/1961/ncdd-196110-version.txt,raw/nclimgrid_daily/version/1961/ncdd-196110-version.txt,ae5b6a1604c5ba55f60131042762556605a6dee3bb4375ce8025682c19e50370,processed/nclimgrid_daily/county_tavg/1961/county_tavg_196110.csv,96317,"nclimgrid-daily_v1-0-0_snap2026-07-30, start: 1951-01, end: 2026-06, status: scaled}",/Users/andrewpark/Desktop/Code/WeatherDerivativePricing,2026-09-02T15:42:54+00:00,Wed May  3 23:01:51 2017,True
tavg,1961-11,scaled,https://www.ncei.noaa.gov/data/nclimgrid-daily/access/averages/1961/tavg-196111-cty-scaled.csv,raw/nclimgrid_daily/averages/1961/tavg-196111-cty-scaled.csv,2026-07-30T03:34:45+00:00,1093490,e8765440830bc97c2a1ca824f7dae57b293a11e0c06988adb859e92c58859174,"""10af72-5e779609c1c7a""","Tue, 30 Aug 2022 18:16:21 GMT",https://www.ncei.noaa.gov/data/nclimgrid-daily/access/averages/1961/ncdd-196111-version.txt,raw/nclimgrid_daily/version/1961/ncdd-196111-version.txt,30a501e159977c0e52b84583b7db71473e3f4f9f0174819d80f395859903a76c,processed/nclimgrid_daily/county_tavg/1961/county_tavg_196111.csv,93210,"nclimgrid-daily_v1-0-0_snap2026-07-30, start: 1951-01, end: 2026-06, status: scaled}",/Users/andrewpark/Desktop/Code/WeatherDerivativePricing,2026-09-02T15:42:54+00:00,Wed May  3 23:02:22 2017,True
tavg,1961-12,scaled,https://www.ncei.noaa.gov/data/nclimgrid-daily/access/averages/1961/tavg-196112-cty-scaled.csv,raw/nclimgrid_daily/averages/1961/tavg-196112-cty-scaled.csv,2026-07-30T03:34:46+00:00,1093490,f3184de2741f4b4bee79f2e7fd4d52b93a7c61647498f5e05add599bb97fca6d,"""10af72-5e77961c9e64a""","Tue, 30 Aug 2022 18:16:41 GMT",https://www.ncei.noaa.gov/data/nclimgrid-daily/access/averages/1961/ncdd-196112-version.txt,raw/nclimgrid_daily/version/1961/ncdd-196112-version.txt,f055181b3788b9da4c41ebba7989116edc22969a6afcdd3854510051aeff3087,processed/nclimgrid_daily/county_tavg/1961/county_tavg_196112.csv,96317,"nclimgrid-daily_v1-0-0_snap2026-07-30, start: 1951-01, end: 2026-06, status: scaled}",/Users/andrewpark/Desktop/Code/WeatherDerivativePricing,2026-09-02T15:42:54+00:00,Wed May  3 23:02:55 2017,True
tavg,1962-01,scaled,https://www.ncei.noaa.gov/data/nclimgrid-daily/access/averages/1962/tavg-196201-cty-scaled.csv,raw/nclimgrid_daily/averages/1962/tavg-196201-cty-scaled.csv,2026-07-30T03:34:46+00:00,1093490,79008a0b7ef0f38fd3d6d40f2fd175b7a948f06276728a918e1cba340d532880,"""10af72-5e77ddbde23a9""","Tue, 30 Aug 2022 23:37:09 GMT",https://www.ncei.noaa.gov/data/nclimgrid-daily/access/averages/1962/ncdd-196201-version.txt,raw/nclimgrid_daily/version/1962/ncdd-196201-version.txt,8610b8b95668dbeb014482cbc4d8c940c7568acbbe0c1d6ddb40b2111090f323,processed/nclimgrid_daily/county_tavg/1962/county_tavg_196201.csv,96317,"nclimgrid-daily_v1-0-0_snap2026-07-30, start: 1951-01, end: 2026-06, status: scaled}",/Users/andrewpark/Desktop/Code/WeatherDerivativePricing,2026-09-02T15:42:54+00:00,Thu May  4 07:38:15 2017,True
tavg,1962-02,scaled,https://www.ncei.noaa.gov/data/nclimgrid-daily/access/averages/1962/tavg-196202-cty-scaled.csv,raw/nclimgrid_daily/averages/1962/tavg-196202-cty-scaled.csv,2026-07-30T03:34:47+00:00,1093490,6167acf7b827b4cc3cf49fbd2fa0bdfd9ee45d856943f46f0456e99c8b3deef5,"""10af72-5e77ddd192c18""","Tue, 30 Aug 2022 23:37:29 GMT",https://www.ncei.noaa.gov/data/nclimgrid-daily/access/averages/1962/ncdd-196202-version.txt,raw/nclimgrid_daily/version/1962/ncdd-196202-version.txt,4ff782809122538c9e889d43333cf387597e98ce3fb93b292816971d17ae0a8e,processed/nclimgrid_daily/county_tavg/1962/county_tavg_196202.csv,86996,"nclimgrid-daily_v1-0-0_snap2026-07-30, start: 1951-01, end: 2026-06, status: scaled}",/Users/andrewpark/Desktop/Code/WeatherDerivativePricing,2026-09-02T15:42:54+00:00,Thu May  4 07:38:44 2017,True
tavg,1962-03,scaled,https://www.ncei.noaa.gov/data/nclimgrid-daily/access/averages/1962/tavg-196203-cty-scaled.csv,raw/nclimgrid_daily/averages/1962/tavg-196203-cty-scaled.csv,2026-07-30T03:34:48+00:00,1093490,35fe6eacd810078227790ded795509145b8abf663f40b4d0067e34b29ffe266e,"""10af72-5e77dde687bf0""","Tue, 30 Aug 2022 23:37:51 GMT",https://www.ncei.noaa.gov/data/nclimgrid-daily/access/averages/1962/ncdd-196203-version.txt,raw/nclimgrid_daily/version/1962/ncdd-196203-version.txt,2ddf462e71d4dd61f9af9f612efb67a0687f3e1619fe7bf22b9c1326aa35c7a4,processed/nclimgrid_daily/county_tavg/1962/county_tavg_196203.csv,96317,"nclimgrid-daily_v1-0-0_snap2026-07-30, start: 1951-01, end: 2026-06, status: scaled}",/Users/andrewpark/Desktop/Code/WeatherDerivativePricing,2026-09-02T15:42:54+00:00,Thu May  4 07:39:18 2017,True
tavg,1962-04,scaled,https://www.ncei.noaa.gov/data/nclimgrid-daily/access/averages/1962/tavg-196204-cty-scaled.csv,raw/nclimgrid_daily/averages/1962/tavg-196204-cty-scaled.csv,2026-07-30T03:34:49+00:00,1093490,d4dc4057506987d8f636f0b3ca8da3321a388077f4f89dc00189c08cf527c7ac,"""10af72-5e77ddfb5cc0f""","Tue, 30 Aug 2022 23:38:13 GMT",https://www.ncei.noaa.gov/data/nclimgrid-daily/access/averages/1962/ncdd-196204-version.txt,raw/nclimgrid_daily/version/1962/ncdd-196204-version.txt,75e75d5063ac5c6aee8f8f89b0dfdebe626f7a0640eab714289a64f180e4af7e,processed/nclimgrid_daily/county_tavg/1962/county_tavg_196204.csv,93210,"nclimgrid-daily_v1-0-0_snap2026-07-30, start: 1951-01, end: 2026-06, status: scaled}",/Users/andrewpark/Desktop/Code/WeatherDerivativePricing,2026-09-02T15:42:54+00:00,Thu May  4 07:39:49 2017,True
tavg,1962-05,scaled,https://www.ncei.noaa.gov/data/nclimgrid-daily/access/averages/1962/tavg-196205-cty-scaled.csv,raw/nclimgrid_daily/averages/1962/tavg-196205-cty-scaled.csv,2026-07-30T03:34:49+00:00,1093490,6b624825d4ae2ad4a688c64028aeb9189886b55ad7d51dfb54ea43020af66e8d,"""10af72-5e77de105ac6e""","Tue, 30 Aug 2022 23:38:35 GMT",https://www.ncei.noaa.gov/data/nclimgrid-daily/access/averages/1962/ncdd-196205-version.txt,raw/nclimgrid_daily/version/1962/ncdd-196205-version.txt,f8f5dccc87554bba4e269f4e65788d4c7c8529a8b5b85738ff4c44d3d23dbc50,processed/nclimgrid_daily/county_tavg/1962/county_tavg_196205.csv,96317,"nclimgrid-daily_v1-0-0_snap2026-07-30, start: 1951-01, end: 2026-06, status: scaled}",/Users/andrewpark/Desktop/Code/WeatherDerivativePricing,2026-09-02T15:42:54+00:00,Thu May  4 07:40:24 2017,True
tavg,1962-06,scaled,https://www.ncei.noaa.gov/data/nclimgrid-daily/access/averages/1962/tavg-196206-cty-scaled.csv,raw/nclimgrid_daily/averages/1962/tavg-196206-cty-scaled.csv,2026-07-30T03:34:50+00:00,1093490,5f11c8999610bd0d954ca9f8151108d558f7a55e974ecf263674604371ade0da,"""10af72-5e77de23d132e""","Tue, 30 Aug 2022 23:38:56 GMT",https://www.ncei.noaa.gov/data/nclimgrid-daily/access/averages/1962/ncdd-196206-version.txt,raw/nclimgrid_daily/version/1962/ncdd-196206-version.txt,f5a74c006df6001412d5e60c434a971b4f1967d4056b49a1bfbc625329dbd8bd,processed/nclimgrid_daily/county_tavg/1962/county_tavg_196206.csv,93210,"nclimgrid-daily_v1-0-0_snap2026-07-30, start: 1951-01, end: 2026-06, status: scaled}",/Users/andrewpark/Desktop/Code/WeatherDerivativePricing,2026-09-02T15:42:54+00:00,Thu May  4 07:40:56 2017,True
tavg,1962-07,scaled,https://www.ncei.noaa.gov/data/nclimgrid-daily/access/averages/1962/tavg-196207-cty-scaled.csv,raw/nclimgrid_daily/averages/1962/tavg-196207-cty-scaled.csv,2026-07-30T03:34:50+00:00,1093490,9b4951ee92cebde6c2051a085e392cba9f596b75b4df35961e178fbb87378b6c,"""10af72-5e77de3a6401d""","Tue, 30 Aug 2022 23:39:19 GMT",https://www.ncei.noaa.gov/data/nclimgrid-daily/access/averages/1962/ncdd-196207-version.txt,raw/nclimgrid_daily/version/1962/ncdd-196207-version.txt,77e4759282c1f952fac1b7c6c77db108b3a2348aeb8f9adba3ec877307face08,processed/nclimgrid_daily/county_tavg/1962/county_tavg_196207.csv,96317,"nclimgrid-daily_v1-0-0_snap2026-07-30, start: 1951-01, end: 2026-06, status: scaled}",/Users/andrewpark/Desktop/Code/WeatherDerivativePricing,2026-09-02T15:42:54+00:00,Thu May  4 07:41:29 2017,True
tavg,1962-08,scaled,https://www.ncei.noaa.gov/data/nclimgrid-daily/access/averages/1962/tavg-196208-cty-scaled.csv,raw/nclimgrid_daily/averages/1962/tavg-196208-cty-scaled.csv,2026-07-30T03:34:51+00:00,1093490,d7c2e0ad66e5208210ed340dadb79d20bc2f85673c89b9856b49949d7243229f,"""10af72-5e77de4e61705""","Tue, 30 Aug 2022 23:39:40 GMT",https://www.ncei.noaa.gov/data/nclimgrid-daily/access/averages/1962/ncdd-196208-version.txt,raw/nclimgrid_daily/version/1962/ncdd-196208-version.txt,9eaa93e392c01a4646c4ea59c9c8f19806e8c9bd95d5db18a17421730f68ee96,processed/nclimgrid_daily/county_tavg/1962/county_tavg_196208.csv,96317,"nclimgrid-daily_v1-0-0_snap2026-07-30, start: 1951-01, end: 2026-06, status: scaled}",/Users/andrewpark/Desktop/Code/WeatherDerivativePricing,2026-09-02T15:42:54+00:00,Thu May  4 07:42:02 2017,True
tavg,1962-09,scaled,https://www.ncei.noaa.gov/data/nclimgrid-daily/access/averages/1962/tavg-196209-cty-scaled.csv,raw/nclimgrid_daily/averages/1962/tavg-196209-cty-scaled.csv,2026-07-30T03:34:52+00:00,1093490,1b1f1550cdbbf472cf4d308702d6748ddb44231f84b73e6c4a42c2e6b62a3b1c,"""10af72-5e77de629fcfc""","Tue, 30 Aug 2022 23:40:01 GMT",https://www.ncei.noaa.gov/data/nclimgrid-daily/access/averages/1962/ncdd-196209-version.txt,raw/nclimgrid_daily/version/1962/ncdd-196209-version.txt,a59e00150db8d5da7c39a874c8016a1645faafbc438828c84abb5831287242a1,processed/nclimgrid_daily/county_tavg/1962/county_tavg_196209.csv,93210,"nclimgrid-daily_v1-0-0_snap2026-07-30, start: 1951-01, end: 2026-06, status: scaled}",/Users/andrewpark/Desktop/Code/WeatherDerivativePricing,2026-09-02T15:42:54+00:00,Thu May  4 07:42:36 2017,True
tavg,1962-10,scaled,https://www.ncei.noaa.gov/data/nclimgrid-daily/access/averages/1962/tavg-196210-cty-scaled.csv,raw/nclimgrid_daily/averages/1962/tavg-196210-cty-scaled.csv,2026-07-30T03:34:52+00:00,1093490,06537e44f7b4d7b9d64f056b1298655e8c2d05b23b1130af4935aad1dd3a8e06,"""10af72-5e77de77a5a5b""","Tue, 30 Aug 2022 23:40:24 GMT",https://www.ncei.noaa.gov/data/nclimgrid-daily/access/averages/1962/ncdd-196210-version.txt,raw/nclimgrid_daily/version/1962/ncdd-196210-version.txt,2331c73b5712d542bc366dbe7bbdcf85e8b5da97854db3c02e1751084e98af2f,processed/nclimgrid_daily/county_tavg/1962/county_tavg_196210.csv,96317,"nclimgrid-daily_v1-0-0_snap2026-07-30, start: 1951-01, end: 2026-06, status: scaled}",/Users/andrewpark/Desktop/Code/WeatherDerivativePricing,2026-09-02T15:42:54+00:00,Thu Jul  6 11:38:11 2017,True
tavg,1962-11,scaled,https://www.ncei.noaa.gov/data/nclimgrid-daily/access/averages/1962/tavg-196211-cty-scaled.csv,raw/nclimgrid_daily/averages/1962/tavg-196211-cty-scaled.csv,2026-07-30T03:34:53+00:00,1093490,acb5199a9671c74c8762ae383afc6a653479f20bdc48e2d2cdd194b0e438e758,"""10af72-5e77de8cd114b""","Tue, 30 Aug 2022 23:40:46 GMT",https://www.ncei.noaa.gov/data/nclimgrid-daily/access/averages/1962/ncdd-196211-version.txt,raw/nclimgrid_daily/version/1962/ncdd-196211-version.txt,04b8226f302a593bdaf3ed0f2ff93a8fcd6e89659fc54ee5c7965db012eb7617,processed/nclimgrid_daily/county_tavg/1962/county_tavg_196211.csv,93210,"nclimgrid-daily_v1-0-0_snap2026-07-30, start: 1951-01, end: 2026-06, status: scaled}",/Users/andrewpark/Desktop/Code/WeatherDerivativePricing,2026-09-02T15:42:54+00:00,Thu May  4 07:43:44 2017,True
tavg,1962-12,scaled,https://www.ncei.noaa.gov/data/nclimgrid-daily/access/averages/1962/tavg-196212-cty-scaled.csv,raw/nclimgrid_daily/averages/1962/tavg-196212-cty-scaled.csv,2026-07-30T03:34:54+00:00,1093490,2d884db2ed8fe10d6c2718bde67b4321d96e9cb25bbe5ee700577447ae3b53f5,"""10af72-5e77dea00beea""","Tue, 30 Aug 2022 23:41:06 GMT",https://www.ncei.noaa.gov/data/nclimgrid-daily/access/averages/1962/ncdd-196212-version.txt,raw/nclimgrid_daily/version/1962/ncdd-196212-version.txt,c7cffde8e5b3c3eeab7af2d45a956cfdc6ac08a677b706e02997f085374a0bd2,processed/nclimgrid_daily/county_tavg/1962/county_tavg_196212.csv,96317,"nclimgrid-daily_v1-0-0_snap2026-07-30, start: 1951-01, end: 2026-06, status: scaled}",/Users/andrewpark/Desktop/Code/WeatherDerivativePricing,2026-09-02T15:42:54+00:00,Thu May  4 07:44:18 2017,True
tavg,1963-01,scaled,https://www.ncei.noaa.gov/data/nclimgrid-daily/access/averages/1963/tavg-196301-cty-scaled.csv,raw/nclimgrid_daily/averages/1963/tavg-196301-cty-scaled.csv,2026-07-30T03:34:54+00:00,1093490,a00a19064e0226d4f55f9c996752027043a0cc0e401cf6086f581dd88f4330db,"""10af72-5e781a5b2c7c7""","Wed, 31 Aug 2022 04:08:20 GMT",https://www.ncei.noaa.gov/data/nclimgrid-daily/access/averages/1963/ncdd-196301-version.txt,raw/nclimgrid_daily/version/1963/ncdd-196301-version.txt,feddf893c2e4a552a4adeb1ae3c7dab7aaa4f87af9ab917aee228b30c796ca07,processed/nclimgrid_daily/county_tavg/1963/county_tavg_196301.csv,96317,"nclimgrid-daily_v1-0-0_snap2026-07-30, start: 1951-01, end: 2026-06, status: scaled}",/Users/andrewpark/Desktop/Code/WeatherDerivativePricing,2026-09-02T15:42:54+00:00,Thu Jul  6 17:32:37 2017,True
tavg,1963-02,scaled,https://www.ncei.noaa.gov/data/nclimgrid-daily/access/averages/1963/tavg-196302-cty-scaled.csv,raw/nclimgrid_daily/averages/1963/tavg-196302-cty-scaled.csv,2026-07-30T03:34:55+00:00,1093490,4a5cf18770a3a6ba7198ebaccbcf487cc93b11fa4ae67550d00517c10b84330a,"""10af72-5e781a7238e06""","Wed, 31 Aug 2022 04:08:44 GMT",https://www.ncei.noaa.gov/data/nclimgrid-daily/access/averages/1963/ncdd-196302-version.txt,raw/nclimgrid_daily/version/1963/ncdd-196302-version.txt,efe4eb557d4e66377ec8487b61a64936e4781de53aee71c8a95c457825703343,processed/nclimgrid_daily/county_tavg/1963/county_tavg_196302.csv,86996,"nclimgrid-daily_v1-0-0_snap2026-07-30, start: 1951-01, end: 2026-06, status: scaled}",/Users/andrewpark/Desktop/Code/WeatherDerivativePricing,2026-09-02T15:42:54+00:00,Thu Jul  6 17:33:05 2017,True
tavg,1963-03,scaled,https://www.ncei.noaa.gov/data/nclimgrid-daily/access/averages/1963/tavg-196303-cty-scaled.csv,raw/nclimgrid_daily/averages/1963/tavg-196303-cty-scaled.csv,2026-07-30T03:34:55+00:00,1093490,4f08e1e196b301aca2ebe75db464f0797c82db5eaab3ff1a5e91ab514013e616,"""10af72-5e781a88880ed""","Wed, 31 Aug 2022 04:09:07 GMT",https://www.ncei.noaa.gov/data/nclimgrid-daily/access/averages/1963/ncdd-196303-version.txt,raw/nclimgrid_daily/version/1963/ncdd-196303-version.txt,a70cc488373e7d0eca6fe2735096b5f5c81adc45d906cbec3ca6043c67fc7386,processed/nclimgrid_daily/county_tavg/1963/county_tavg_196303.csv,96317,"nclimgrid-daily_v1-0-0_snap2026-07-30, start: 1951-01, end: 2026-06, status: scaled}",/Users/andrewpark/Desktop/Code/WeatherDerivativePricing,2026-09-02T15:42:54+00:00,Thu Jul  6 17:33:39 2017,True
tavg,1963-04,scaled,https://www.ncei.noaa.gov/data/nclimgrid-daily/access/averages/1963/tavg-196304-cty-scaled.csv,raw/nclimgrid_daily/averages/1963/tavg-196304-cty-scaled.csv,2026-07-30T03:34:56+00:00,1093490,63b0a4dcbba92d25732400a85dde1c9b5c0ba03cca0e22b72ee8d027e6c6ae05,"""10af72-5e781aa08cfbd""","Wed, 31 Aug 2022 04:09:33 GMT",https://www.ncei.noaa.gov/data/nclimgrid-daily/access/averages/1963/ncdd-196304-version.txt,raw/nclimgrid_daily/version/1963/ncdd-196304-version.txt,f1c39d25bb7924625a7b4c0cfda7662c3486093e4da591fd9f626216373f039a,processed/nclimgrid_daily/county_tavg/1963/county_tavg_196304.csv,93210,"nclimgrid-daily_v1-0-0_snap2026-07-30, start: 1951-01, end: 2026-06, status: scaled}",/Users/andrewpark/Desktop/Code/WeatherDerivativePricing,2026-09-02T15:42:54+00:00,Thu Jul  6 17:34:12 2017,True
tavg,1963-05,scaled,https://www.ncei.noaa.gov/data/nclimgrid-daily/access/averages/1963/tavg-196305-cty-scaled.csv,raw/nclimgrid_daily/averages/1963/tavg-196305-cty-scaled.csv,2026-07-30T03:34:57+00:00,1093490,a82dc237d741de16dd4315bc4bbd75099517a426106b7554a50dcb7a705426c3,"""10af72-5e781ab6d9b94""","Wed, 31 Aug 2022 04:09:56 GMT",https://www.ncei.noaa.gov/data/nclimgrid-daily/access/averages/1963/ncdd-196305-version.txt,raw/nclimgrid_daily/version/1963/ncdd-196305-version.txt,2d78831e73ac8d0dfe66f18806d52a34faea1f6f1f1fe384fdf0ee9f3500a641,processed/nclimgrid_daily/county_tavg/1963/county_tavg_196305.csv,96317,"nclimgrid-daily_v1-0-0_snap2026-07-30, start: 1951-01, end: 2026-06, status: scaled}",/Users/andrewpark/Desktop/Code/WeatherDerivativePricing,2026-09-02T15:42:54+00:00,Thu Jul  6 17:34:41 2017,True
tavg,1963-06,scaled,https://www.ncei.noaa.gov/data/nclimgrid-daily/access/averages/1963/tavg-196306-cty-scaled.csv,raw/nclimgrid_daily/averages/1963/tavg-196306-cty-scaled.csv,2026-07-30T03:34:57+00:00,1093490,5d8d104a737780002e39e41de49bfc2a232e1acda366ea1b8fc86290062ee7fb,"""10af72-5e781ace3e7e3""","Wed, 31 Aug 2022 04:10:20 GMT",https://www.ncei.noaa.gov/data/nclimgrid-daily/access/averages/1963/ncdd-196306-version.txt,raw/nclimgrid_daily/version/1963/ncdd-196306-version.txt,e2ecf5d562d76b8b8ee87a6c666c1a81d1433ecef2935d70522f984ac5544b7d,processed/nclimgrid_daily/county_tavg/1963/county_tavg_196306.csv,93210,"nclimgrid-daily_v1-0-0_snap2026-07-30, start: 1951-01, end: 2026-06, status: scaled}",/Users/andrewpark/Desktop/Code/WeatherDerivativePricing,2026-09-02T15:42:54+00:00,Thu Jul  6 17:35:11 2017,True
tavg,1963-07,scaled,https://www.ncei.noaa.gov/data/nclimgrid-daily/access/averages/1963/tavg-196307-cty-scaled.csv,raw/nclimgrid_daily/averages/1963/tavg-196307-cty-scaled.csv,2026-07-30T03:34:58+00:00,1093490,2167395233fa92ce1b08b81ae6ab6d58cafe82b35fe7caaf3f7067e1835d8b89,"""10af72-5e781ae5876e3""","Wed, 31 Aug 2022 04:10:45 GMT",https://www.ncei.noaa.gov/data/nclimgrid-daily/access/averages/1963/ncdd-196307-version.txt,raw/nclimgrid_daily/version/1963/ncdd-196307-version.txt,9e84c4e741cb706b08a4ec4a85b9c3614061152684f50f1f9915aa13da0d5d75,processed/nclimgrid_daily/county_tavg/1963/county_tavg_196307.csv,96317,"nclimgrid-daily_v1-0-0_snap2026-07-30, start: 1951-01, end: 2026-06, status: scaled}",/Users/andrewpark/Desktop/Code/WeatherDerivativePricing,2026-09-02T15:42:54+00:00,Thu Jul  6 17:35:46 2017,True
tavg,1963-08,scaled,https://www.ncei.noaa.gov/data/nclimgrid-daily/access/averages/1963/tavg-196308-cty-scaled.csv,raw/nclimgrid_daily/averages/1963/tavg-196308-cty-scaled.csv,2026-07-30T03:34:59+00:00,1093490,b2ff1a9319885fc5289efb99bf18902a30a8637b19563664b42d47e569dd9b55,"""10af72-5e781afbf6d6a""","Wed, 31 Aug 2022 04:11:08 GMT",https://www.ncei.noaa.gov/data/nclimgrid-daily/access/averages/1963/ncdd-196308-version.txt,raw/nclimgrid_daily/version/1963/ncdd-196308-version.txt,f194c56330a76b0570941b98aea1542185f8a17bb270e3221930bb713eb3a41b,processed/nclimgrid_daily/county_tavg/1963/county_tavg_196308.csv,96317,"nclimgrid-daily_v1-0-0_snap2026-07-30, start: 1951-01, end: 2026-06, status: scaled}",/Users/andrewpark/Desktop/Code/WeatherDerivativePricing,2026-09-02T15:42:54+00:00,Thu Jul  6 17:36:20 2017,True
tavg,1963-09,scaled,https://www.ncei.noaa.gov/data/nclimgrid-daily/access/averages/1963/tavg-196309-cty-scaled.csv,raw/nclimgrid_daily/averages/1963/tavg-196309-cty-scaled.csv,2026-07-30T03:34:59+00:00,1093490,1af8eb61174d15391b4fa0c6cda06b22ad9e086c74431d1b329425356909ade5,"""10af72-5e781b12016a9""","Wed, 31 Aug 2022 04:11:32 GMT",https://www.ncei.noaa.gov/data/nclimgrid-daily/access/averages/1963/ncdd-196309-version.txt,raw/nclimgrid_daily/version/1963/ncdd-196309-version.txt,87a81687328ce98c21e2df7d1ae380f823d308e4d1560b5780b61671f27d839d,processed/nclimgrid_daily/county_tavg/1963/county_tavg_196309.csv,93210,"nclimgrid-daily_v1-0-0_snap2026-07-30, start: 1951-01, end: 2026-06, status: scaled}",/Users/andrewpark/Desktop/Code/WeatherDerivativePricing,2026-09-02T15:42:54+00:00,Thu Jul  6 17:36:54 2017,True
tavg,1963-10,scaled,https://www.ncei.noaa.gov/data/nclimgrid-daily/access/averages/1963/tavg-196310-cty-scaled.csv,raw/nclimgrid_daily/averages/1963/tavg-196310-cty-scaled.csv,2026-07-30T03:35:00+00:00,1093490,5469a38d4fa091ca5133790901ebb8a028e5f04ffdf4ca67d92e2778363a3264,"""10af72-5e781b27c3f91""","Wed, 31 Aug 2022 04:11:54 GMT",https://www.ncei.noaa.gov/data/nclimgrid-daily/access/averages/1963/ncdd-196310-version.txt,raw/nclimgrid_daily/version/1963/ncdd-196310-version.txt,96db7a6156edfc2fbfe6d09859f3767412f6ee5d567b546cdfb5bea171643c52,processed/nclimgrid_daily/county_tavg/1963/county_tavg_196310.csv,96317,"nclimgrid-daily_v1-0-0_snap2026-07-30, start: 1951-01, end: 2026-06, status: scaled}",/Users/andrewpark/Desktop/Code/WeatherDerivativePricing,2026-09-02T15:42:54+00:00,Thu Jul  6 17:37:33 2017,True
tavg,1963-11,scaled,https://www.ncei.noaa.gov/data/nclimgrid-daily/access/averages/1963/tavg-196311-cty-scaled.csv,raw/nclimgrid_daily/averages/1963/tavg-196311-cty-scaled.csv,2026-07-30T03:35:01+00:00,1093490,526b297eb32734277872ba12c054ad456d13cc71292669461d87de1ec7da939c,"""10af72-5e781b3e0e070""","Wed, 31 Aug 2022 04:12:18 GMT",https://www.ncei.noaa.gov/data/nclimgrid-daily/access/averages/1963/ncdd-196311-version.txt,raw/nclimgrid_daily/version/1963/ncdd-196311-version.txt,eeeceac4549acf38db742bb3e1f2b71962fd0618bcedf04a6491e293907c4ed6,processed/nclimgrid_daily/county_tavg/1963/county_tavg_196311.csv,93210,"nclimgrid-daily_v1-0-0_snap2026-07-30, start: 1951-01, end: 2026-06, status: scaled}",/Users/andrewpark/Desktop/Code/WeatherDerivativePricing,2026-09-02T15:42:54+00:00,Thu Jul  6 17:38:07 2017,True
tavg,1963-12,scaled,https://www.ncei.noaa.gov/data/nclimgrid-daily/access/averages/1963/tavg-196312-cty-scaled.csv,raw/nclimgrid_daily/averages/1963/tavg-196312-cty-scaled.csv,2026-07-30T03:35:01+00:00,1093490,acc23426647234763a41ec44ed451ee839725cbfd27b594f4399a647c74095a6,"""10af72-5e781b53d9210""","Wed, 31 Aug 2022 04:12:41 GMT",https://www.ncei.noaa.gov/data/nclimgrid-daily/access/averages/1963/ncdd-196312-version.txt,raw/nclimgrid_daily/version/1963/ncdd-196312-version.txt,ad1a24b018eb1b5f09f1a98dbae017dc72550f99e620114b04328d777498192e,processed/nclimgrid_daily/county_tavg/1963/county_tavg_196312.csv,96317,"nclimgrid-daily_v1-0-0_snap2026-07-30, start: 1951-01, end: 2026-06, status: scaled}",/Users/andrewpark/Desktop/Code/WeatherDerivativePricing,2026-09-02T15:42:54+00:00,Thu Jul  6 17:38:41 2017,True
tavg,1964-01,scaled,https://www.ncei.noaa.gov/data/nclimgrid-daily/access/averages/1964/tavg-196401-cty-scaled.csv,raw/nclimgrid_daily/averages/1964/tavg-196401-cty-scaled.csv,2026-07-30T03:35:02+00:00,1093490,0ed1d030cfd0f57558691e646141b4e6306a757d2112270486ce10372b0257e8,"""10af72-5e78593414425""","Wed, 31 Aug 2022 08:49:30 GMT",https://www.ncei.noaa.gov/data/nclimgrid-daily/access/averages/1964/ncdd-196401-version.txt,raw/nclimgrid_daily/version/1964/ncdd-196401-version.txt,7134cbcde7751ff8880fa4f235c0297113224786f7d06caf78859cb631611370,processed/nclimgrid_daily/county_tavg/1964/county_tavg_196401.csv,96317,"nclimgrid-daily_v1-0-0_snap2026-07-30, start: 1951-01, end: 2026-06, status: scaled}",/Users/andrewpark/Desktop/Code/WeatherDerivativePricing,2026-09-02T15:42:54+00:00,Fri May  5 03:06:51 2017,True
tavg,1964-02,scaled,https://www.ncei.noaa.gov/data/nclimgrid-daily/access/averages/1964/tavg-196402-cty-scaled.csv,raw/nclimgrid_daily/averages/1964/tavg-196402-cty-scaled.csv,2026-07-30T03:35:03+00:00,1093490,66ad61a7d27d01702ac4dbb4590e0cb99bd9ab87a6fec26f58cf8466e81e96f7,"""10af72-5e78594da1c35""","Wed, 31 Aug 2022 08:49:57 GMT",https://www.ncei.noaa.gov/data/nclimgrid-daily/access/averages/1964/ncdd-196402-version.txt,raw/nclimgrid_daily/version/1964/ncdd-196402-version.txt,5195bd66d5f5ae4515d15c43defac1dbc4e323190034837c351e735e2d9cf2af,processed/nclimgrid_daily/county_tavg/1964/county_tavg_196402.csv,90103,"nclimgrid-daily_v1-0-0_snap2026-07-30, start: 1951-01, end: 2026-06, status: scaled}",/Users/andrewpark/Desktop/Code/WeatherDerivativePricing,2026-09-02T15:42:54+00:00,Fri May  5 03:07:18 2017,True
tavg,1964-03,scaled,https://www.ncei.noaa.gov/data/nclimgrid-daily/access/averages/1964/tavg-196403-cty-scaled.csv,raw/nclimgrid_daily/averages/1964/tavg-196403-cty-scaled.csv,2026-07-30T03:35:03+00:00,1093490,98e1063df01582a876fd3ff1c963c30677283c73b64f7d0e542c4ea22532c7a7,"""10af72-5e7859659cadc""","Wed, 31 Aug 2022 08:50:22 GMT",https://www.ncei.noaa.gov/data/nclimgrid-daily/access/averages/1964/ncdd-196403-version.txt,raw/nclimgrid_daily/version/1964/ncdd-196403-version.txt,a82fb0e147cb5d17024fab19285b225cff0ad8e0cb1ffc7c24312ebac4267dc2,processed/nclimgrid_daily/county_tavg/1964/county_tavg_196403.csv,96317,"nclimgrid-daily_v1-0-0_snap2026-07-30, start: 1951-01, end: 2026-06, status: scaled}",/Users/andrewpark/Desktop/Code/WeatherDerivativePricing,2026-09-02T15:42:54+00:00,Fri May  5 03:07:46 2017,True
tavg,1964-04,scaled,https://www.ncei.noaa.gov/data/nclimgrid-daily/access/averages/1964/tavg-196404-cty-scaled.csv,raw/nclimgrid_daily/averages/1964/tavg-196404-cty-scaled.csv,2026-07-30T03:35:04+00:00,1093490,1f8774c250aa53fdf3db95ec9ba44cac4abb7366775abf6285c27ac9e230e9d6,"""10af72-5e78597eb7ecb""","Wed, 31 Aug 2022 08:50:49 GMT",https://www.ncei.noaa.gov/data/nclimgrid-daily/access/averages/1964/ncdd-196404-version.txt,raw/nclimgrid_daily/version/1964/ncdd-196404-version.txt,7a3b37196ff4c1b224e8111d685ebbafc16214435b5b5be39e426e52dd2ef796,processed/nclimgrid_daily/county_tavg/1964/county_tavg_196404.csv,93210,"nclimgrid-daily_v1-0-0_snap2026-07-30, start: 1951-01, end: 2026-06, status: scaled}",/Users/andrewpark/Desktop/Code/WeatherDerivativePricing,2026-09-02T15:42:54+00:00,Fri May  5 03:08:17 2017,True
tavg,1964-05,scaled,https://www.ncei.noaa.gov/data/nclimgrid-daily/access/averages/1964/tavg-196405-cty-scaled.csv,raw/nclimgrid_daily/averages/1964/tavg-196405-cty-scaled.csv,2026-07-30T03:35:04+00:00,1093490,a147ecd20acb09a60c38ca8e294a53728f03386f8095697543f879acb2cd3634,"""10af72-5e785995d1fcb""","Wed, 31 Aug 2022 08:51:13 GMT",https://www.ncei.noaa.gov/data/nclimgrid-daily/access/averages/1964/ncdd-196405-version.txt,raw/nclimgrid_daily/version/1964/ncdd-196405-version.txt,33afdcf7a824f8fdaf76c38686c3ab111ed14e59df01304f6ef921d4bf05c363,processed/nclimgrid_daily/county_tavg/1964/county_tavg_196405.csv,96317,"nclimgrid-daily_v1-0-0_snap2026-07-30, start: 1951-01, end: 2026-06, status: scaled}",/Users/andrewpark/Desktop/Code/WeatherDerivativePricing,2026-09-02T15:42:54+00:00,Fri May  5 03:08:46 2017,True
tavg,1964-06,scaled,https://www.ncei.noaa.gov/data/nclimgrid-daily/access/averages/1964/tavg-196406-cty-scaled.csv,raw/nclimgrid_daily/averages/1964/tavg-196406-cty-scaled.csv,2026-07-30T03:35:05+00:00,1093490,53d198c62d3da32ea3fa4a406162ce88b2f7831e30f1fb9e024bdeaf5d863dfc,"""10af72-5e7859ada22da""","Wed, 31 Aug 2022 08:51:38 GMT",https://www.ncei.noaa.gov/data/nclimgrid-daily/access/averages/1964/ncdd-196406-version.txt,raw/nclimgrid_daily/version/1964/ncdd-196406-version.txt,23a100dab8f9d7b2ef640fb40dc48d68cf13b0bc1a479828c21f0351cb68cf0f,processed/nclimgrid_daily/county_tavg/1964/county_tavg_196406.csv,93210,"nclimgrid-daily_v1-0-0_snap2026-07-30, start: 1951-01, end: 2026-06, status: scaled}",/Users/andrewpark/Desktop/Code/WeatherDerivativePricing,2026-09-02T15:42:54+00:00,Fri May  5 03:09:18 2017,True
tavg,1964-07,scaled,https://www.ncei.noaa.gov/data/nclimgrid-daily/access/averages/1964/tavg-196407-cty-scaled.csv,raw/nclimgrid_daily/averages/1964/tavg-196407-cty-scaled.csv,2026-07-30T03:35:06+00:00,1093490,ac74f930d6c8dbbd3e1fd131689fe8affd6f1d79b73e0f277ec11c49db9b3c81,"""10af72-5e7859c33b799""","Wed, 31 Aug 2022 08:52:00 GMT",https://www.ncei.noaa.gov/data/nclimgrid-daily/access/averages/1964/ncdd-196407-version.txt,raw/nclimgrid_daily/version/1964/ncdd-196407-version.txt,dabe98a67a5d97884bb4b84441a58704ada0552da8d16fe982cf65222bfc952b,processed/nclimgrid_daily/county_tavg/1964/county_tavg_196407.csv,96317,"nclimgrid-daily_v1-0-0_snap2026-07-30, start: 1951-01, end: 2026-06, status: scaled}",/Users/andrewpark/Desktop/Code/WeatherDerivativePricing,2026-09-02T15:42:54+00:00,Fri May  5 03:09:50 2017,True
tavg,1964-08,scaled,https://www.ncei.noaa.gov/data/nclimgrid-daily/access/averages/1964/tavg-196408-cty-scaled.csv,raw/nclimgrid_daily/averages/1964/tavg-196408-cty-scaled.csv,2026-07-30T03:35:06+00:00,1093490,d591575b45b516da6f31f1244d520803e9a9c8eac498a67682e4dee4cbed9934,"""10af72-5e7859db2d1d1""","Wed, 31 Aug 2022 08:52:25 GMT",https://www.ncei.noaa.gov/data/nclimgrid-daily/access/averages/1964/ncdd-196408-version.txt,raw/nclimgrid_daily/version/1964/ncdd-196408-version.txt,eac912cd32bc1c3a4236b8b6d019746d31f2d507b8e7596d3d94912e670ec8ac,processed/nclimgrid_daily/county_tavg/1964/county_tavg_196408.csv,96317,"nclimgrid-daily_v1-0-0_snap2026-07-30, start: 1951-01, end: 2026-06, status: scaled}",/Users/andrewpark/Desktop/Code/WeatherDerivativePricing,2026-09-02T15:42:54+00:00,Fri May  5 03:10:18 2017,True
tavg,1964-09,scaled,https://www.ncei.noaa.gov/data/nclimgrid-daily/access/averages/1964/tavg-196409-cty-scaled.csv,raw/nclimgrid_daily/averages/1964/tavg-196409-cty-scaled.csv,2026-07-30T03:35:07+00:00,1093490,e2d85255c6d77d16a62cb6c6f9d047beca80b181460e93fb1c0de649c42ba8b6,"""10af72-5e7859f3923b0""","Wed, 31 Aug 2022 08:52:51 GMT",https://www.ncei.noaa.gov/data/nclimgrid-daily/access/averages/1964/ncdd-196409-version.txt,raw/nclimgrid_daily/version/1964/ncdd-196409-version.txt,d7ccc38fbae08090a5211696bbaf51c9e3a0007b4c3a318e3cffa8af3d0c76bc,processed/nclimgrid_daily/county_tavg/1964/county_tavg_196409.csv,93210,"nclimgrid-daily_v1-0-0_snap2026-07-30, start: 1951-01, end: 2026-06, status: scaled}",/Users/andrewpark/Desktop/Code/WeatherDerivativePricing,2026-09-02T15:42:54+00:00,Fri May  5 03:10:45 2017,True
tavg,1964-10,scaled,https://www.ncei.noaa.gov/data/nclimgrid-daily/access/averages/1964/tavg-196410-cty-scaled.csv,raw/nclimgrid_daily/averages/1964/tavg-196410-cty-scaled.csv,2026-07-30T03:35:08+00:00,1093490,ed2d289bfba55aa394c5249893c171c8d3ba045b79bc2754c82505a98230dbac,"""10af72-5e785a0bde71f""","Wed, 31 Aug 2022 08:53:17 GMT",https://www.ncei.noaa.gov/data/nclimgrid-daily/access/averages/1964/ncdd-196410-version.txt,raw/nclimgrid_daily/version/1964/ncdd-196410-version.txt,0d2b5cfff631e758c69627fc77aee77428bf82d8c7358e1734e42a3a88fe3dcb,processed/nclimgrid_daily/county_tavg/1964/county_tavg_196410.csv,96317,"nclimgrid-daily_v1-0-0_snap2026-07-30, start: 1951-01, end: 2026-06, status: scaled}",/Users/andrewpark/Desktop/Code/WeatherDerivativePricing,2026-09-02T15:42:54+00:00,Fri May  5 03:11:17 2017,True
tavg,1964-11,scaled,https://www.ncei.noaa.gov/data/nclimgrid-daily/access/averages/1964/tavg-196411-cty-scaled.csv,raw/nclimgrid_daily/averages/1964/tavg-196411-cty-scaled.csv,2026-07-30T03:35:08+00:00,1093490,312bb8f40241a07acc86cf76bbfd1eae3c217c9cfa4036a0069f1d69a1110210,"""10af72-5e785a223e3a7""","Wed, 31 Aug 2022 08:53:40 GMT",https://www.ncei.noaa.gov/data/nclimgrid-daily/access/averages/1964/ncdd-196411-version.txt,raw/nclimgrid_daily/version/1964/ncdd-196411-version.txt,0f7aa46e1a2bbda8b4138d4c7f3b603e1e8a2d6452763865958d01512b738690,processed/nclimgrid_daily/county_tavg/1964/county_tavg_196411.csv,93210,"nclimgrid-daily_v1-0-0_snap2026-07-30, start: 1951-01, end: 2026-06, status: scaled}",/Users/andrewpark/Desktop/Code/WeatherDerivativePricing,2026-09-02T15:42:54+00:00,Fri May  5 03:11:48 2017,True
tavg,1964-12,scaled,https://www.ncei.noaa.gov/data/nclimgrid-daily/access/averages/1964/tavg-196412-cty-scaled.csv,raw/nclimgrid_daily/averages/1964/tavg-196412-cty-scaled.csv,2026-07-30T03:35:09+00:00,1093490,980984cc0b20742843a05cb678a32539b4fe26503bced88eab411093efaf6da6,"""10af72-5e785a3936d7e""","Wed, 31 Aug 2022 08:54:04 GMT",https://www.ncei.noaa.gov/data/nclimgrid-daily/access/averages/1964/ncdd-196412-version.txt,raw/nclimgrid_daily/version/1964/ncdd-196412-version.txt,053dbba7890278bb5e8841af5ee9d5f721d18ed5dba3d98c0728c15ab8c19803,processed/nclimgrid_daily/county_tavg/1964/county_tavg_196412.csv,96317,"nclimgrid-daily_v1-0-0_snap2026-07-30, start: 1951-01, end: 2026-06, status: scaled}",/Users/andrewpark/Desktop/Code/WeatherDerivativePricing,2026-09-02T15:42:54+00:00,Fri May  5 03:12:18 2017,True
tavg,1965-01,scaled,https://www.ncei.noaa.gov/data/nclimgrid-daily/access/averages/1965/tavg-196501-cty-scaled.csv,raw/nclimgrid_daily/averages/1965/tavg-196501-cty-scaled.csv,2026-07-30T03:35:09+00:00,1093490,81550a523e25caeb02e84acd7fef5fa514c946c137534d1ac317f2360e2a046b,"""10af72-5e778b2a5b3d0""","Tue, 30 Aug 2022 17:27:42 GMT",https://www.ncei.noaa.gov/data/nclimgrid-daily/access/averages/1965/ncdd-196501-version.txt,raw/nclimgrid_daily/version/1965/ncdd-196501-version.txt,5b0e68089d4d9338ec0dd3f03f2ca1fcd7319d9369786c4d1697213969f24534,processed/nclimgrid_daily/county_tavg/1965/county_tavg_196501.csv,96317,"nclimgrid-daily_v1-0-0_snap2026-07-30, start: 1951-01, end: 2026-06, status: scaled}",/Users/andrewpark/Desktop/Code/WeatherDerivativePricing,2026-09-02T15:42:54+00:00,Fri May  5 13:58:14 2017,True
tavg,1965-02,scaled,https://www.ncei.noaa.gov/data/nclimgrid-daily/access/averages/1965/tavg-196502-cty-scaled.csv,raw/nclimgrid_daily/averages/1965/tavg-196502-cty-scaled.csv,2026-07-30T03:35:10+00:00,1093490,d53bf93c3c48104512cea801658e7cd0e5384c2627c7a836b2c52acd5c00116c,"""10af72-5e778b3d89a37""","Tue, 30 Aug 2022 17:28:02 GMT",https://www.ncei.noaa.gov/data/nclimgrid-daily/access/averages/1965/ncdd-196502-version.txt,raw/nclimgrid_daily/version/1965/ncdd-196502-version.txt,f1c50ae0e54b62e3d34324e930c1be77a9969b618ef9ec9396dcf2ed08cb16cb,processed/nclimgrid_daily/county_tavg/1965/county_tavg_196502.csv,86996,"nclimgrid-daily_v1-0-0_snap2026-07-30, start: 1951-01, end: 2026-06, status: scaled}",/Users/andrewpark/Desktop/Code/WeatherDerivativePricing,2026-09-02T15:42:54+00:00,Fri May  5 13:58:44 2017,True
tavg,1965-03,scaled,https://www.ncei.noaa.gov/data/nclimgrid-daily/access/averages/1965/tavg-196503-cty-scaled.csv,raw/nclimgrid_daily/averages/1965/tavg-196503-cty-scaled.csv,2026-07-30T03:35:11+00:00,1093490,d065b9148f36986ff32726430eb56640141621305d281de488c28d29d731f76a,"""10af72-5e778b50980e7""","Tue, 30 Aug 2022 17:28:22 GMT",https://www.ncei.noaa.gov/data/nclimgrid-daily/access/averages/1965/ncdd-196503-version.txt,raw/nclimgrid_daily/version/1965/ncdd-196503-version.txt,e4f137b7219e20ba85ec77c92f23ca6e75732779cfc1cd41c8fe76f18376c8bd,processed/nclimgrid_daily/county_tavg/1965/county_tavg_196503.csv,96317,"nclimgrid-daily_v1-0-0_snap2026-07-30, start: 1951-01, end: 2026-06, status: scaled}",/Users/andrewpark/Desktop/Code/WeatherDerivativePricing,2026-09-02T15:42:54+00:00,Fri May  5 13:59:18 2017,True
tavg,1965-04,scaled,https://www.ncei.noaa.gov/data/nclimgrid-daily/access/averages/1965/tavg-196504-cty-scaled.csv,raw/nclimgrid_daily/averages/1965/tavg-196504-cty-scaled.csv,2026-07-30T03:35:12+00:00,1093490,8bedd696eea4d151b849c68c1c9d5f0f1693095b27687f0ceda8ab0c8683121c,"""10af72-5e778b62d8e86""","Tue, 30 Aug 2022 17:28:42 GMT",https://www.ncei.noaa.gov/data/nclimgrid-daily/access/averages/1965/ncdd-196504-version.txt,raw/nclimgrid_daily/version/1965/ncdd-196504-version.txt,71d65cb017e1d3a1757ab65c7fb9e9fd12ac32416ab742348e437860676b5d88,processed/nclimgrid_daily/county_tavg/1965/county_tavg_196504.csv,93210,"nclimgrid-daily_v1-0-0_snap2026-07-30, start: 1951-01, end: 2026-06, status: scaled}",/Users/andrewpark/Desktop/Code/WeatherDerivativePricing,2026-09-02T15:42:54+00:00,Fri May  5 13:59:53 2017,True
tavg,1965-05,scaled,https://www.ncei.noaa.gov/data/nclimgrid-daily/access/averages/1965/tavg-196505-cty-scaled.csv,raw/nclimgrid_daily/averages/1965/tavg-196505-cty-scaled.csv,2026-07-30T03:35:12+00:00,1093490,ad90703e8ea6f7adc7465426d52bb989bcd4d4ee487f8922bf32a393712da6f1,"""10af72-5e778b75691ae""","Tue, 30 Aug 2022 17:29:01 GMT",https://www.ncei.noaa.gov/data/nclimgrid-daily/access/averages/1965/ncdd-196505-version.txt,raw/nclimgrid_daily/version/1965/ncdd-196505-version.txt,7be0fd89305ea7770439352c553aaf663a19f4da5fc33863756a8dd8b46af875,processed/nclimgrid_daily/county_tavg/1965/county_tavg_196505.csv,96317,"nclimgrid-daily_v1-0-0_snap2026-07-30, start: 1951-01, end: 2026-06, status: scaled}",/Users/andrewpark/Desktop/Code/WeatherDerivativePricing,2026-09-02T15:42:54+00:00,Fri May  5 14:00:29 2017,True
tavg,1965-06,scaled,https://www.ncei.noaa.gov/data/nclimgrid-daily/access/averages/1965/tavg-196506-cty-scaled.csv,raw/nclimgrid_daily/averages/1965/tavg-196506-cty-scaled.csv,2026-07-30T03:35:13+00:00,1093490,562d7ca931e2e5f19bfc133d3a57a888c76168f30ff711b3980c029433ab8261,"""10af72-5e778b895b4e5""","Tue, 30 Aug 2022 17:29:22 GMT",https://www.ncei.noaa.gov/data/nclimgrid-daily/access/averages/1965/ncdd-196506-version.txt,raw/nclimgrid_daily/version/1965/ncdd-196506-version.txt,e9f9dab76a503d291a809c42273ddadbd0ae6c2aefed75a71fc3965e069471ac,processed/nclimgrid_daily/county_tavg/1965/county_tavg_196506.csv,93210,"nclimgrid-daily_v1-0-0_snap2026-07-30, start: 1951-01, end: 2026-06, status: scaled}",/Users/andrewpark/Desktop/Code/WeatherDerivativePricing,2026-09-02T15:42:54+00:00,Fri May  5 14:01:01 2017,True
tavg,1965-07,scaled,https://www.ncei.noaa.gov/data/nclimgrid-daily/access/averages/1965/tavg-196507-cty-scaled.csv,raw/nclimgrid_daily/averages/1965/tavg-196507-cty-scaled.csv,2026-07-30T03:35:13+00:00,1093490,c414f954b1a0d4f064de0c72a315eea4318f1463e4759c46d3629575fb572b11,"""10af72-5e778b9c8b2bd""","Tue, 30 Aug 2022 17:29:42 GMT",https://www.ncei.noaa.gov/data/nclimgrid-daily/access/averages/1965/ncdd-196507-version.txt,raw/nclimgrid_daily/version/1965/ncdd-196507-version.txt,86273ed49e0095f15cd2a97286176af765adec2a2d2483208096821a38e82896,processed/nclimgrid_daily/county_tavg/1965/county_tavg_196507.csv,96317,"nclimgrid-daily_v1-0-0_snap2026-07-30, start: 1951-01, end: 2026-06, status: scaled}",/Users/andrewpark/Desktop/Code/WeatherDerivativePricing,2026-09-02T15:42:54+00:00,Fri May  5 14:01:33 2017,True
tavg,1965-08,scaled,https://www.ncei.noaa.gov/data/nclimgrid-daily/access/averages/1965/tavg-196508-cty-scaled.csv,raw/nclimgrid_daily/averages/1965/tavg-196508-cty-scaled.csv,2026-07-30T03:35:14+00:00,1093490,7ecd12ba1fff2615c9122990a9567ff4d03edebd53f16a8e3e20112a81e3e441,"""10af72-5e778bb00bd8c""","Tue, 30 Aug 2022 17:30:03 GMT",https://www.ncei.noaa.gov/data/nclimgrid-daily/access/averages/1965/ncdd-196508-version.txt,raw/nclimgrid_daily/version/1965/ncdd-196508-version.txt,a6b670de43a0543772d3218b452f00f00afedf8df40462b196f138a60e2b8bfd,processed/nclimgrid_daily/county_tavg/1965/county_tavg_196508.csv,96317,"nclimgrid-daily_v1-0-0_snap2026-07-30, start: 1951-01, end: 2026-06, status: scaled}",/Users/andrewpark/Desktop/Code/WeatherDerivativePricing,2026-09-02T15:42:54+00:00,Fri May  5 14:02:06 2017,True
tavg,1965-09,scaled,https://www.ncei.noaa.gov/data/nclimgrid-daily/access/averages/1965/tavg-196509-cty-scaled.csv,raw/nclimgrid_daily/averages/1965/tavg-196509-cty-scaled.csv,2026-07-30T03:35:15+00:00,1093490,e4a45c169358ef91338bf8bb084d64e4cc14999be1313cd347b2a77ddaa5da03,"""10af72-5e778bc2cd5c3""","Tue, 30 Aug 2022 17:30:22 GMT",https://www.ncei.noaa.gov/data/nclimgrid-daily/access/averages/1965/ncdd-196509-version.txt,raw/nclimgrid_daily/version/1965/ncdd-196509-version.txt,5e09e95b72338fd1aee3438af93da14009f15d2e2d9152d92bd64f369d7b5944,processed/nclimgrid_daily/county_tavg/1965/county_tavg_196509.csv,93210,"nclimgrid-daily_v1-0-0_snap2026-07-30, start: 1951-01, end: 2026-06, status: scaled}",/Users/andrewpark/Desktop/Code/WeatherDerivativePricing,2026-09-02T15:42:54+00:00,Fri May  5 14:02:39 2017,True
tavg,1965-10,scaled,https://www.ncei.noaa.gov/data/nclimgrid-daily/access/averages/1965/tavg-196510-cty-scaled.csv,raw/nclimgrid_daily/averages/1965/tavg-196510-cty-scaled.csv,2026-07-30T03:35:15+00:00,1093490,ae1dba36c029eb0f40c1cc641fba32a8bc344b0201024d9f46487fe591a087c3,"""10af72-5e778bd55aa0b""","Tue, 30 Aug 2022 17:30:42 GMT",https://www.ncei.noaa.gov/data/nclimgrid-daily/access/averages/1965/ncdd-196510-version.txt,raw/nclimgrid_daily/version/1965/ncdd-196510-version.txt,184d48f3ceae27f799224014ba1e9f2cf848db27a5dde8d0fb8a35f52288a5bd,processed/nclimgrid_daily/county_tavg/1965/county_tavg_196510.csv,96317,"nclimgrid-daily_v1-0-0_snap2026-07-30, start: 1951-01, end: 2026-06, status: scaled}",/Users/andrewpark/Desktop/Code/WeatherDerivativePricing,2026-09-02T15:42:54+00:00,Fri Jul  7 10:22:20 2017,True
tavg,1965-11,scaled,https://www.ncei.noaa.gov/data/nclimgrid-daily/access/averages/1965/tavg-196511-cty-scaled.csv,raw/nclimgrid_daily/averages/1965/tavg-196511-cty-scaled.csv,2026-07-30T03:35:16+00:00,1093490,1e4abaca95d4e4944f378aa99652053ac9d7e990f8dad418170111c35ec0b3b9,"""10af72-5e778be83aa8a""","Tue, 30 Aug 2022 17:31:01 GMT",https://www.ncei.noaa.gov/data/nclimgrid-daily/access/averages/1965/ncdd-196511-version.txt,raw/nclimgrid_daily/version/1965/ncdd-196511-version.txt,3f94e59c10c68916ecee1384932e1aa80fb0e9765b862404f95c71859ba4df05,processed/nclimgrid_daily/county_tavg/1965/county_tavg_196511.csv,93210,"nclimgrid-daily_v1-0-0_snap2026-07-30, start: 1951-01, end: 2026-06, status: scaled}",/Users/andrewpark/Desktop/Code/WeatherDerivativePricing,2026-09-02T15:42:54+00:00,Fri May  5 14:03:43 2017,True
tavg,1965-12,scaled,https://www.ncei.noaa.gov/data/nclimgrid-daily/access/averages/1965/tavg-196512-cty-scaled.csv,raw/nclimgrid_daily/averages/1965/tavg-196512-cty-scaled.csv,2026-07-30T03:35:17+00:00,1093490,97ff107a8d3b730f70369cf2486d0e0fa39364b09fc0bba87f6cb775f56e311c,"""10af72-5e778bfb24b32""","Tue, 30 Aug 2022 17:31:21 GMT",https://www.ncei.noaa.gov/data/nclimgrid-daily/access/averages/1965/ncdd-196512-version.txt,raw/nclimgrid_daily/version/1965/ncdd-196512-version.txt,147b5c2c6bfcf6e6b7cce8d9bfa8981d5a8e7f0df02fa4fa18742521f72b241f,processed/nclimgrid_daily/county_tavg/1965/county_tavg_196512.csv,96317,"nclimgrid-daily_v1-0-0_snap2026-07-30, start: 1951-01, end: 2026-06, status: scaled}",/Users/andrewpark/Desktop/Code/WeatherDerivativePricing,2026-09-02T15:42:54+00:00,Fri May  5 14:04:15 2017,True
tavg,1966-01,scaled,https://www.ncei.noaa.gov/data/nclimgrid-daily/access/averages/1966/tavg-196601-cty-scaled.csv,raw/nclimgrid_daily/averages/1966/tavg-196601-cty-scaled.csv,2026-07-30T03:35:17+00:00,1093490,71a7828f6c5957356acbe39748fa06d260c5fd25110ec134d3b875d2b67c0a20,"""10af72-5e778c0e59b11""","Tue, 30 Aug 2022 17:31:41 GMT",https://www.ncei.noaa.gov/data/nclimgrid-daily/access/averages/1966/ncdd-196601-version.txt,raw/nclimgrid_daily/version/1966/ncdd-196601-version.txt,968503828dff3a6d5da932ccbece13af64ec3bc137f95999b3e735a3648c2664,processed/nclimgrid_daily/county_tavg/1966/county_tavg_196601.csv,96317,"nclimgrid-daily_v1-0-0_snap2026-07-30, start: 1951-01, end: 2026-06, status: scaled}",/Users/andrewpark/Desktop/Code/WeatherDerivativePricing,2026-09-02T15:42:54+00:00,Mon Nov 27 15:18:27 2017,True
tavg,1966-02,scaled,https://www.ncei.noaa.gov/data/nclimgrid-daily/access/averages/1966/tavg-196602-cty-scaled.csv,raw/nclimgrid_daily/averages/1966/tavg-196602-cty-scaled.csv,2026-07-30T03:35:20+00:00,1093490,f2e7d97ae108023cefff17c0dd84bf41d43552eab718d355f6cedead7515c6d1,"""10af72-5e778c20789b9""","Tue, 30 Aug 2022 17:32:00 GMT",https://www.ncei.noaa.gov/data/nclimgrid-daily/access/averages/1966/ncdd-196602-version.txt,raw/nclimgrid_daily/version/1966/ncdd-196602-version.txt,e79d8472a37c7cdc6cbc0422d2fb3549244ba76e06e673240a57fb3658f83ef9,processed/nclimgrid_daily/county_tavg/1966/county_tavg_196602.csv,86996,"nclimgrid-daily_v1-0-0_snap2026-07-30, start: 1951-01, end: 2026-06, status: scaled}",/Users/andrewpark/Desktop/Code/WeatherDerivativePricing,2026-09-02T15:42:54+00:00,Mon Nov 27 15:19:48 2017,True
tavg,1966-03,scaled,https://www.ncei.noaa.gov/data/nclimgrid-daily/access/averages/1966/tavg-196603-cty-scaled.csv,raw/nclimgrid_daily/averages/1966/tavg-196603-cty-scaled.csv,2026-07-30T03:35:21+00:00,1093490,61f289315ad01be7931d79d8f5c188763d893c8353c2e04147917fb6b676bea9,"""10af72-5e778c334ceb8""","Tue, 30 Aug 2022 17:32:20 GMT",https://www.ncei.noaa.gov/data/nclimgrid-daily/access/averages/1966/ncdd-196603-version.txt,raw/nclimgrid_daily/version/1966/ncdd-196603-version.txt,b8e664dd12ec9507bb305b11a31f70eadf77e473ff2783e45b3b6065eef19ab5,processed/nclimgrid_daily/county_tavg/1966/county_tavg_196603.csv,96317,"nclimgrid-daily_v1-0-0_snap2026-07-30, start: 1951-01, end: 2026-06, status: scaled}",/Users/andrewpark/Desktop/Code/WeatherDerivativePricing,2026-09-02T15:42:54+00:00,Mon Nov 27 15:21:22 2017,True
tavg,1966-04,scaled,https://www.ncei.noaa.gov/data/nclimgrid-daily/access/averages/1966/tavg-196604-cty-scaled.csv,raw/nclimgrid_daily/averages/1966/tavg-196604-cty-scaled.csv,2026-07-30T03:35:22+00:00,1093490,f1d2b675ede9d57853f78370e55321c25af0bf01ad2edc197b69331c3427d8b2,"""10af72-5e778c4782810""","Tue, 30 Aug 2022 17:32:41 GMT",https://www.ncei.noaa.gov/data/nclimgrid-daily/access/averages/1966/ncdd-196604-version.txt,raw/nclimgrid_daily/version/1966/ncdd-196604-version.txt,25aef5158b0f3fdce8f21ba456d1b2fc8a04db0610a4819ce0975f442a2f491e,processed/nclimgrid_daily/county_tavg/1966/county_tavg_196604.csv,93210,"nclimgrid-daily_v1-0-0_snap2026-07-30, start: 1951-01, end: 2026-06, status: scaled}",/Users/andrewpark/Desktop/Code/WeatherDerivativePricing,2026-09-02T15:42:54+00:00,Mon Nov 27 15:22:46 2017,True
tavg,1966-05,scaled,https://www.ncei.noaa.gov/data/nclimgrid-daily/access/averages/1966/tavg-196605-cty-scaled.csv,raw/nclimgrid_daily/averages/1966/tavg-196605-cty-scaled.csv,2026-07-30T03:35:22+00:00,1093490,d6ace2e28749cc470d947a1d2664b50400440f3a3e8b91cc318f837ff801e12d,"""10af72-5e778c59deb2f""","Tue, 30 Aug 2022 17:33:01 GMT",https://www.ncei.noaa.gov/data/nclimgrid-daily/access/averages/1966/ncdd-196605-version.txt,raw/nclimgrid_daily/version/1966/ncdd-196605-version.txt,1548d746efc20382db67bff2c4fabc05d52286c4cb1c664bcb14bd0acef6e12f,processed/nclimgrid_daily/county_tavg/1966/county_tavg_196605.csv,96317,"nclimgrid-daily_v1-0-0_snap2026-07-30, start: 1951-01, end: 2026-06, status: scaled}",/Users/andrewpark/Desktop/Code/WeatherDerivativePricing,2026-09-02T15:42:54+00:00,Mon Nov 27 15:24:14 2017,True
tavg,1966-06,scaled,https://www.ncei.noaa.gov/data/nclimgrid-daily/access/averages/1966/tavg-196606-cty-scaled.csv,raw/nclimgrid_daily/averages/1966/tavg-196606-cty-scaled.csv,2026-07-30T03:35:23+00:00,1093490,4583d91248977f8fbb486c2d6a6300b8532acc240aff43ffd072b98d30727883,"""10af72-5e778c6d5983f""","Tue, 30 Aug 2022 17:33:21 GMT",https://www.ncei.noaa.gov/data/nclimgrid-daily/access/averages/1966/ncdd-196606-version.txt,raw/nclimgrid_daily/version/1966/ncdd-196606-version.txt,30c28ae27424d6664ea83274b2c2193fd951f91aefc8c428e35e38041cabaf2b,processed/nclimgrid_daily/county_tavg/1966/county_tavg_196606.csv,93210,"nclimgrid-daily_v1-0-0_snap2026-07-30, start: 1951-01, end: 2026-06, status: scaled}",/Users/andrewpark/Desktop/Code/WeatherDerivativePricing,2026-09-02T15:42:54+00:00,Mon Nov 27 15:25:40 2017,True
tavg,1966-07,scaled,https://www.ncei.noaa.gov/data/nclimgrid-daily/access/averages/1966/tavg-196607-cty-scaled.csv,raw/nclimgrid_daily/averages/1966/tavg-196607-cty-scaled.csv,2026-07-30T03:35:23+00:00,1093490,3376ea6ed403147ba3c13db75a2414e388446b4d5defcb19afc67c0aeb7d8eb3,"""10af72-5e778c807a3e6""","Tue, 30 Aug 2022 17:33:41 GMT",https://www.ncei.noaa.gov/data/nclimgrid-daily/access/averages/1966/ncdd-196607-version.txt,raw/nclimgrid_daily/version/1966/ncdd-196607-version.txt,32bdea761d6da8f1d8bd1cbac740a870c664bd4e55f8f28832eb598582c65a41,processed/nclimgrid_daily/county_tavg/1966/county_tavg_196607.csv,96317,"nclimgrid-daily_v1-0-0_snap2026-07-30, start: 1951-01, end: 2026-06, status: scaled}",/Users/andrewpark/Desktop/Code/WeatherDerivativePricing,2026-09-02T15:42:54+00:00,Mon Nov 27 15:27:12 2017,True
tavg,1966-08,scaled,https://www.ncei.noaa.gov/data/nclimgrid-daily/access/averages/1966/tavg-196608-cty-scaled.csv,raw/nclimgrid_daily/averages/1966/tavg-196608-cty-scaled.csv,2026-07-30T03:35:24+00:00,1093490,aaee2bfa63af16a7e5bd111d9b7e6175eeba807b71d44cf3c51fb0fd81f5ea81,"""10af72-5e778c92f0ce6""","Tue, 30 Aug 2022 17:34:00 GMT",https://www.ncei.noaa.gov/data/nclimgrid-daily/access/averages/1966/ncdd-196608-version.txt,raw/nclimgrid_daily/version/1966/ncdd-196608-version.txt,5871ef2e14fdbc30b462f1c605bc267facba99ff85c062b3fe176b5c1679e85b,processed/nclimgrid_daily/county_tavg/1966/county_tavg_196608.csv,96317,"nclimgrid-daily_v1-0-0_snap2026-07-30, start: 1951-01, end: 2026-06, status: scaled}",/Users/andrewpark/Desktop/Code/WeatherDerivativePricing,2026-09-02T15:42:54+00:00,Mon Nov 27 15:28:38 2017,True
tavg,1966-09,scaled,https://www.ncei.noaa.gov/data/nclimgrid-daily/access/averages/1966/tavg-196609-cty-scaled.csv,raw/nclimgrid_daily/averages/1966/tavg-196609-cty-scaled.csv,2026-07-30T03:35:25+00:00,1093490,8af43c205334cdbc74f3f529d6c3bb132fd602c379814cc4abe82362ea60357d,"""10af72-5e778ca5bd0fd""","Tue, 30 Aug 2022 17:34:20 GMT",https://www.ncei.noaa.gov/data/nclimgrid-daily/access/averages/1966/ncdd-196609-version.txt,raw/nclimgrid_daily/version/1966/ncdd-196609-version.txt,92b0d4180205b1f333224f4cf45bba39f621ef975bb19ff226e0e202fa358b16,processed/nclimgrid_daily/county_tavg/1966/county_tavg_196609.csv,93210,"nclimgrid-daily_v1-0-0_snap2026-07-30, start: 1951-01, end: 2026-06, status: scaled}",/Users/andrewpark/Desktop/Code/WeatherDerivativePricing,2026-09-02T15:42:54+00:00,Mon Nov 27 15:30:04 2017,True
tavg,1966-10,scaled,https://www.ncei.noaa.gov/data/nclimgrid-daily/access/averages/1966/tavg-196610-cty-scaled.csv,raw/nclimgrid_daily/averages/1966/tavg-196610-cty-scaled.csv,2026-07-30T03:35:25+00:00,1093490,c4d1b357350718c6bafe1c4e78c27a6f4753794c2f9d21ec5f8b1a0ab8b14d7c,"""10af72-5e778cb9402dc""","Tue, 30 Aug 2022 17:34:41 GMT",https://www.ncei.noaa.gov/data/nclimgrid-daily/access/averages/1966/ncdd-196610-version.txt,raw/nclimgrid_daily/version/1966/ncdd-196610-version.txt,bb1116a32b4b07bbbf93586fabfad749a48d83f8b0c07b24fdfe41c838740f63,processed/nclimgrid_daily/county_tavg/1966/county_tavg_196610.csv,96317,"nclimgrid-daily_v1-0-0_snap2026-07-30, start: 1951-01, end: 2026-06, status: scaled}",/Users/andrewpark/Desktop/Code/WeatherDerivativePricing,2026-09-02T15:42:54+00:00,Mon Nov 27 15:31:27 2017,True
tavg,1966-11,scaled,https://www.ncei.noaa.gov/data/nclimgrid-daily/access/averages/1966/tavg-196611-cty-scaled.csv,raw/nclimgrid_daily/averages/1966/tavg-196611-cty-scaled.csv,2026-07-30T03:35:26+00:00,1093490,e51fa43978df9f832ee64dcee3010295ca69115d6999261ac90ff6b16eb4c1d8,"""10af72-5e778ccc51c54""","Tue, 30 Aug 2022 17:35:01 GMT",https://www.ncei.noaa.gov/data/nclimgrid-daily/access/averages/1966/ncdd-196611-version.txt,raw/nclimgrid_daily/version/1966/ncdd-196611-version.txt,a6dd08628adb3154237870ed3582dbaa51c695ec085f83d024c8c54fffff4401,processed/nclimgrid_daily/county_tavg/1966/county_tavg_196611.csv,93210,"nclimgrid-daily_v1-0-0_snap2026-07-30, start: 1951-01, end: 2026-06, status: scaled}",/Users/andrewpark/Desktop/Code/WeatherDerivativePricing,2026-09-02T15:42:54+00:00,Mon Nov 27 15:33:00 2017,True
tavg,1966-12,scaled,https://www.ncei.noaa.gov/data/nclimgrid-daily/access/averages/1966/tavg-196612-cty-scaled.csv,raw/nclimgrid_daily/averages/1966/tavg-196612-cty-scaled.csv,2026-07-30T03:35:26+00:00,1093490,a66bf4b9b2035cea51b092e1ef6c6047b32f53fe4345fe05b612c90867d591d6,"""10af72-5e778cdfc199b""","Tue, 30 Aug 2022 17:35:21 GMT",https://www.ncei.noaa.gov/data/nclimgrid-daily/access/averages/1966/ncdd-196612-version.txt,raw/nclimgrid_daily/version/1966/ncdd-196612-version.txt,e2da08d274b4fcd9f975bc80cef1b2581a7384654caa6d9b41c7ebf0ad822d9e,processed/nclimgrid_daily/county_tavg/1966/county_tavg_196612.csv,96317,"nclimgrid-daily_v1-0-0_snap2026-07-30, start: 1951-01, end: 2026-06, status: scaled}",/Users/andrewpark/Desktop/Code/WeatherDerivativePricing,2026-09-02T15:42:54+00:00,Mon Nov 27 15:34:28 2017,True
tavg,1967-01,scaled,https://www.ncei.noaa.gov/data/nclimgrid-daily/access/averages/1967/tavg-196701-cty-scaled.csv,raw/nclimgrid_daily/averages/1967/tavg-196701-cty-scaled.csv,2026-07-30T03:35:27+00:00,1093490,fd4a2f3cc91ded6473c30201ccb4e715965f14c10e9492cd51c4a0fd2420858d,"""10af72-5e778cf66f43b""","Tue, 30 Aug 2022 17:35:45 GMT",https://www.ncei.noaa.gov/data/nclimgrid-daily/access/averages/1967/ncdd-196701-version.txt,raw/nclimgrid_daily/version/1967/ncdd-196701-version.txt,0a0fc6ab196d366c5d1aec4b0d59fcd440308d8520fde0144f3046da009fc55a,processed/nclimgrid_daily/county_tavg/1967/county_tavg_196701.csv,96317,"nclimgrid-daily_v1-0-0_snap2026-07-30, start: 1951-01, end: 2026-06, status: scaled}",/Users/andrewpark/Desktop/Code/WeatherDerivativePricing,2026-09-02T15:42:54+00:00,Sat May  6 09:52:04 2017,True
tavg,1967-02,scaled,https://www.ncei.noaa.gov/data/nclimgrid-daily/access/averages/1967/tavg-196702-cty-scaled.csv,raw/nclimgrid_daily/averages/1967/tavg-196702-cty-scaled.csv,2026-07-30T03:35:28+00:00,1093490,fc705f759f3470a84b81e85a309afa0c9b5cbd294a4541bbf141651eccbb4eca,"""10af72-5e778d0b75d52""","Tue, 30 Aug 2022 17:36:07 GMT",https://www.ncei.noaa.gov/data/nclimgrid-daily/access/averages/1967/ncdd-196702-version.txt,raw/nclimgrid_daily/version/1967/ncdd-196702-version.txt,79e81ca75b69eceed55d850dcfb28217e0002b53703367643e2307834a700b19,processed/nclimgrid_daily/county_tavg/1967/county_tavg_196702.csv,86996,"nclimgrid-daily_v1-0-0_snap2026-07-30, start: 1951-01, end: 2026-06, status: scaled}",/Users/andrewpark/Desktop/Code/WeatherDerivativePricing,2026-09-02T15:42:54+00:00,Sat May  6 09:52:33 2017,True
tavg,1967-03,scaled,https://www.ncei.noaa.gov/data/nclimgrid-daily/access/averages/1967/tavg-196703-cty-scaled.csv,raw/nclimgrid_daily/averages/1967/tavg-196703-cty-scaled.csv,2026-07-30T03:35:28+00:00,1093490,467b1a710180b88d3dbc2b7fc28c12ec9b1583d224611cd301eba7d9c12e9f45,"""10af72-5e778d1ef6822""","Tue, 30 Aug 2022 17:36:27 GMT",https://www.ncei.noaa.gov/data/nclimgrid-daily/access/averages/1967/ncdd-196703-version.txt,raw/nclimgrid_daily/version/1967/ncdd-196703-version.txt,10ce1c305416924c678cae89dfed49e3dab0c84fa906ec31e06455a320de60ab,processed/nclimgrid_daily/county_tavg/1967/county_tavg_196703.csv,96317,"nclimgrid-daily_v1-0-0_snap2026-07-30, start: 1951-01, end: 2026-06, status: scaled}",/Users/andrewpark/Desktop/Code/WeatherDerivativePricing,2026-09-02T15:42:54+00:00,Sat May  6 09:53:06 2017,True
tavg,1967-04,scaled,https://www.ncei.noaa.gov/data/nclimgrid-daily/access/averages/1967/tavg-196704-cty-scaled.csv,raw/nclimgrid_daily/averages/1967/tavg-196704-cty-scaled.csv,2026-07-30T03:35:30+00:00,1093490,bfb9191d20039d5542600324681b5c917d2088720195310a4c6010e465b0fa9d,"""10af72-5e778d3273859""","Tue, 30 Aug 2022 17:36:48 GMT",https://www.ncei.noaa.gov/data/nclimgrid-daily/access/averages/1967/ncdd-196704-version.txt,raw/nclimgrid_daily/version/1967/ncdd-196704-version.txt,4aae9a695e0d53c37ba8ede8e8d2d1315da3f153c417e6da746b0654d4858bbb,processed/nclimgrid_daily/county_tavg/1967/county_tavg_196704.csv,93210,"nclimgrid-daily_v1-0-0_snap2026-07-30, start: 1951-01, end: 2026-06, status: scaled}",/Users/andrewpark/Desktop/Code/WeatherDerivativePricing,2026-09-02T15:42:54+00:00,Sat May  6 09:53:40 2017,True
tavg,1967-05,scaled,https://www.ncei.noaa.gov/data/nclimgrid-daily/access/averages/1967/tavg-196705-cty-scaled.csv,raw/nclimgrid_daily/averages/1967/tavg-196705-cty-scaled.csv,2026-07-30T03:35:30+00:00,1093490,c954ea3a9a965aef674d5cec37c131141cca231df8d7a957d4a9b1e25b088f49,"""10af72-5e778d468cc90""","Tue, 30 Aug 2022 17:37:09 GMT",https://www.ncei.noaa.gov/data/nclimgrid-daily/access/averages/1967/ncdd-196705-version.txt,raw/nclimgrid_daily/version/1967/ncdd-196705-version.txt,a9e16c4d8206958a3118122af4a65ce3144bae0e3b6b1f79806660a5d0a9f815,processed/nclimgrid_daily/county_tavg/1967/county_tavg_196705.csv,96317,"nclimgrid-daily_v1-0-0_snap2026-07-30, start: 1951-01, end: 2026-06, status: scaled}",/Users/andrewpark/Desktop/Code/WeatherDerivativePricing,2026-09-02T15:42:54+00:00,Sat May  6 09:54:15 2017,True
tavg,1967-06,scaled,https://www.ncei.noaa.gov/data/nclimgrid-daily/access/averages/1967/tavg-196706-cty-scaled.csv,raw/nclimgrid_daily/averages/1967/tavg-196706-cty-scaled.csv,2026-07-30T03:35:31+00:00,1093490,09143ec008acb93b52db207d2905481f69263e83d39f5f5afc0078505c0bf91e,"""10af72-5e778d599e9f0""","Tue, 30 Aug 2022 17:37:29 GMT",https://www.ncei.noaa.gov/data/nclimgrid-daily/access/averages/1967/ncdd-196706-version.txt,raw/nclimgrid_daily/version/1967/ncdd-196706-version.txt,2fd87509a21e8fd48589b4f2697ecba1f9bbbe3e40f0336288260d65ca3b7644,processed/nclimgrid_daily/county_tavg/1967/county_tavg_196706.csv,93210,"nclimgrid-daily_v1-0-0_snap2026-07-30, start: 1951-01, end: 2026-06, status: scaled}",/Users/andrewpark/Desktop/Code/WeatherDerivativePricing,2026-09-02T15:42:54+00:00,Sat May  6 09:54:45 2017,True
tavg,1967-07,scaled,https://www.ncei.noaa.gov/data/nclimgrid-daily/access/averages/1967/tavg-196707-cty-scaled.csv,raw/nclimgrid_daily/averages/1967/tavg-196707-cty-scaled.csv,2026-07-30T03:35:32+00:00,1093490,1bce8c74b238abf346adc1853f20b60252506e57d25105b927a1e41f78fc964f,"""10af72-5e778d6d680cf""","Tue, 30 Aug 2022 17:37:50 GMT",https://www.ncei.noaa.gov/data/nclimgrid-daily/access/averages/1967/ncdd-196707-version.txt,raw/nclimgrid_daily/version/1967/ncdd-196707-version.txt,cbcce09eef38237ddcac02c461f7879c8ea33c792e78b8e1f28224757d0dce4d,processed/nclimgrid_daily/county_tavg/1967/county_tavg_196707.csv,96317,"nclimgrid-daily_v1-0-0_snap2026-07-30, start: 1951-01, end: 2026-06, status: scaled}",/Users/andrewpark/Desktop/Code/WeatherDerivativePricing,2026-09-02T15:42:54+00:00,Sat May  6 09:55:19 2017,True
tavg,1967-08,scaled,https://www.ncei.noaa.gov/data/nclimgrid-daily/access/averages/1967/tavg-196708-cty-scaled.csv,raw/nclimgrid_daily/averages/1967/tavg-196708-cty-scaled.csv,2026-07-30T03:35:32+00:00,1093490,427f046607a3a1ed7a9fcc709a60ec01c2260d4bac8ff8d9ea677ff38ad3633e,"""10af72-5e778d817653f""","Tue, 30 Aug 2022 17:38:11 GMT",https://www.ncei.noaa.gov/data/nclimgrid-daily/access/averages/1967/ncdd-196708-version.txt,raw/nclimgrid_daily/version/1967/ncdd-196708-version.txt,236249b0bf891c6a2eb4f6256ffd54adbaeb06e781f458972f622ecd19f4faf4,processed/nclimgrid_daily/county_tavg/1967/county_tavg_196708.csv,96317,"nclimgrid-daily_v1-0-0_snap2026-07-30, start: 1951-01, end: 2026-06, status: scaled}",/Users/andrewpark/Desktop/Code/WeatherDerivativePricing,2026-09-02T15:42:54+00:00,Sat May  6 09:55:54 2017,True
tavg,1967-09,scaled,https://www.ncei.noaa.gov/data/nclimgrid-daily/access/averages/1967/tavg-196709-cty-scaled.csv,raw/nclimgrid_daily/averages/1967/tavg-196709-cty-scaled.csv,2026-07-30T03:35:33+00:00,1093490,75bc5071bd2e24a21a006e52dd7b2b14b3d6196d82cf663938525b6e1bad0b06,"""10af72-5e778d946ffe6""","Tue, 30 Aug 2022 17:38:30 GMT",https://www.ncei.noaa.gov/data/nclimgrid-daily/access/averages/1967/ncdd-196709-version.txt,raw/nclimgrid_daily/version/1967/ncdd-196709-version.txt,0f5b27877c1b6cee7a46afcdf2f6e1b032618de8288935884daecf98eb036ae4,processed/nclimgrid_daily/county_tavg/1967/county_tavg_196709.csv,93210,"nclimgrid-daily_v1-0-0_snap2026-07-30, start: 1951-01, end: 2026-06, status: scaled}",/Users/andrewpark/Desktop/Code/WeatherDerivativePricing,2026-09-02T15:42:54+00:00,Sat May  6 09:56:29 2017,True
tavg,1967-10,scaled,https://www.ncei.noaa.gov/data/nclimgrid-daily/access/averages/1967/tavg-196710-cty-scaled.csv,raw/nclimgrid_daily/averages/1967/tavg-196710-cty-scaled.csv,2026-07-30T03:35:34+00:00,1093490,6691aa6eb79922a3f0f5cc99f8cd54b681a8ff98b45ba39825bd24f7fb8d9f09,"""10af72-5e778da78d8c6""","Tue, 30 Aug 2022 17:38:50 GMT",https://www.ncei.noaa.gov/data/nclimgrid-daily/access/averages/1967/ncdd-196710-version.txt,raw/nclimgrid_daily/version/1967/ncdd-196710-version.txt,ea0d2c04f88a02a03d959ad4062bca3a97adb413e7c9107e367e5f7b20633708,processed/nclimgrid_daily/county_tavg/1967/county_tavg_196710.csv,96317,"nclimgrid-daily_v1-0-0_snap2026-07-30, start: 1951-01, end: 2026-06, status: scaled}",/Users/andrewpark/Desktop/Code/WeatherDerivativePricing,2026-09-02T15:42:54+00:00,Sat May  6 09:57:06 2017,True
tavg,1967-11,scaled,https://www.ncei.noaa.gov/data/nclimgrid-daily/access/averages/1967/tavg-196711-cty-scaled.csv,raw/nclimgrid_daily/averages/1967/tavg-196711-cty-scaled.csv,2026-07-30T03:35:34+00:00,1093490,dd1ae06c0576ed1fde075c3e65a5ffbb8df842744d2592352bc8319cf6bfcb25,"""10af72-5e778dbaebccd""","Tue, 30 Aug 2022 17:39:11 GMT",https://www.ncei.noaa.gov/data/nclimgrid-daily/access/averages/1967/ncdd-196711-version.txt,raw/nclimgrid_daily/version/1967/ncdd-196711-version.txt,6062396064812729e5287ff1ab466948fb2ad4fa08e59149e5a418ef1042bf8d,processed/nclimgrid_daily/county_tavg/1967/county_tavg_196711.csv,93210,"nclimgrid-daily_v1-0-0_snap2026-07-30, start: 1951-01, end: 2026-06, status: scaled}",/Users/andrewpark/Desktop/Code/WeatherDerivativePricing,2026-09-02T15:42:54+00:00,Sat May  6 09:57:39 2017,True
tavg,1967-12,scaled,https://www.ncei.noaa.gov/data/nclimgrid-daily/access/averages/1967/tavg-196712-cty-scaled.csv,raw/nclimgrid_daily/averages/1967/tavg-196712-cty-scaled.csv,2026-07-30T03:35:35+00:00,1093490,8fa57fed11482cf2885874d351ba01d99cff8ae483b99e59883fcd5885d06388,"""10af72-5e778dcea03bd""","Tue, 30 Aug 2022 17:39:31 GMT",https://www.ncei.noaa.gov/data/nclimgrid-daily/access/averages/1967/ncdd-196712-version.txt,raw/nclimgrid_daily/version/1967/ncdd-196712-version.txt,67eddcf93ba29426758a12db8b4c5a1d8452ee729432fe266f58a5f8a8176d5e,processed/nclimgrid_daily/county_tavg/1967/county_tavg_196712.csv,96317,"nclimgrid-daily_v1-0-0_snap2026-07-30, start: 1951-01, end: 2026-06, status: scaled}",/Users/andrewpark/Desktop/Code/WeatherDerivativePricing,2026-09-02T15:42:54+00:00,Sat May  6 09:58:14 2017,True
tavg,1968-01,scaled,https://www.ncei.noaa.gov/data/nclimgrid-daily/access/averages/1968/tavg-196801-cty-scaled.csv,raw/nclimgrid_daily/averages/1968/tavg-196801-cty-scaled.csv,2026-07-30T03:35:35+00:00,1093490,238dce22fd53508690edce494a0b43a0618acfea0b95502b37947ce0734bd358,"""10af72-5e778de5e2d2c""","Tue, 30 Aug 2022 17:39:56 GMT",https://www.ncei.noaa.gov/data/nclimgrid-daily/access/averages/1968/ncdd-196801-version.txt,raw/nclimgrid_daily/version/1968/ncdd-196801-version.txt,bce4e376a28d6ced51204e4171f9ed3ab45667d2f877374e9d086900709b6f22,processed/nclimgrid_daily/county_tavg/1968/county_tavg_196801.csv,96317,"nclimgrid-daily_v1-0-0_snap2026-07-30, start: 1951-01, end: 2026-06, status: scaled}",/Users/andrewpark/Desktop/Code/WeatherDerivativePricing,2026-09-02T15:42:54+00:00,Sat May  6 20:27:02 2017,True
tavg,1968-02,scaled,https://www.ncei.noaa.gov/data/nclimgrid-daily/access/averages/1968/tavg-196802-cty-scaled.csv,raw/nclimgrid_daily/averages/1968/tavg-196802-cty-scaled.csv,2026-07-30T03:35:36+00:00,1093490,0a81071aedac51735d2f1977484c296251e71c5093957e9499b20850f683facc,"""10af72-5e778dfc0ce53""","Tue, 30 Aug 2022 17:40:19 GMT",https://www.ncei.noaa.gov/data/nclimgrid-daily/access/averages/1968/ncdd-196802-version.txt,raw/nclimgrid_daily/version/1968/ncdd-196802-version.txt,5f69d18e720f185dccb7467c9ae5b38421463e572f441ddf4097b442eeaecbda,processed/nclimgrid_daily/county_tavg/1968/county_tavg_196802.csv,90103,"nclimgrid-daily_v1-0-0_snap2026-07-30, start: 1951-01, end: 2026-06, status: scaled}",/Users/andrewpark/Desktop/Code/WeatherDerivativePricing,2026-09-02T15:42:54+00:00,Sat May  6 20:27:36 2017,True
tavg,1968-03,scaled,https://www.ncei.noaa.gov/data/nclimgrid-daily/access/averages/1968/tavg-196803-cty-scaled.csv,raw/nclimgrid_daily/averages/1968/tavg-196803-cty-scaled.csv,2026-07-30T03:35:37+00:00,1093490,4a11a6495d5c2f7a940cf34c01ead921b370eea5b172087ad1cccdb505639a80,"""10af72-5e778e1216023""","Tue, 30 Aug 2022 17:40:42 GMT",https://www.ncei.noaa.gov/data/nclimgrid-daily/access/averages/1968/ncdd-196803-version.txt,raw/nclimgrid_daily/version/1968/ncdd-196803-version.txt,165da3032d16e7b7d77da89f785c13a33c83a8c6eb9f4f45e8fd3d3a4b6433f1,processed/nclimgrid_daily/county_tavg/1968/county_tavg_196803.csv,96317,"nclimgrid-daily_v1-0-0_snap2026-07-30, start: 1951-01, end: 2026-06, status: scaled}",/Users/andrewpark/Desktop/Code/WeatherDerivativePricing,2026-09-02T15:42:54+00:00,Sat May  6 20:28:13 2017,True
tavg,1968-04,scaled,https://www.ncei.noaa.gov/data/nclimgrid-daily/access/averages/1968/tavg-196804-cty-scaled.csv,raw/nclimgrid_daily/averages/1968/tavg-196804-cty-scaled.csv,2026-07-30T03:35:37+00:00,1093490,e50365aa192ff7729aeab3ae742219fdb9a6eb050b8c42976c549a00afaaec2a,"""10af72-5e778e26efa7a""","Tue, 30 Aug 2022 17:41:04 GMT",https://www.ncei.noaa.gov/data/nclimgrid-daily/access/averages/1968/ncdd-196804-version.txt,raw/nclimgrid_daily/version/1968/ncdd-196804-version.txt,6d455be7e8d040b2b65c074d95eac4aadc4fba068e33510a27cf148f12232e01,processed/nclimgrid_daily/county_tavg/1968/county_tavg_196804.csv,93210,"nclimgrid-daily_v1-0-0_snap2026-07-30, start: 1951-01, end: 2026-06, status: scaled}",/Users/andrewpark/Desktop/Code/WeatherDerivativePricing,2026-09-02T15:42:54+00:00,Sat May  6 20:28:52 2017,True
tavg,1968-05,scaled,https://www.ncei.noaa.gov/data/nclimgrid-daily/access/averages/1968/tavg-196805-cty-scaled.csv,raw/nclimgrid_daily/averages/1968/tavg-196805-cty-scaled.csv,2026-07-30T03:35:38+00:00,1093490,b2a9ded1dc5baa055ad467c39cb27fb3194d2b16ba20e3e63d1f56d814137ff2,"""10af72-5e778e3a95eda""","Tue, 30 Aug 2022 17:41:25 GMT",https://www.ncei.noaa.gov/data/nclimgrid-daily/access/averages/1968/ncdd-196805-version.txt,raw/nclimgrid_daily/version/1968/ncdd-196805-version.txt,b0a0367cc149868e8c4fea1b4e86f621f68ca117a7d065cccc16a899a9075880,processed/nclimgrid_daily/county_tavg/1968/county_tavg_196805.csv,96317,"nclimgrid-daily_v1-0-0_snap2026-07-30, start: 1951-01, end: 2026-06, status: scaled}",/Users/andrewpark/Desktop/Code/WeatherDerivativePricing,2026-09-02T15:42:54+00:00,Sat May  6 20:29:29 2017,True
tavg,1968-06,scaled,https://www.ncei.noaa.gov/data/nclimgrid-daily/access/averages/1968/tavg-196806-cty-scaled.csv,raw/nclimgrid_daily/averages/1968/tavg-196806-cty-scaled.csv,2026-07-30T03:35:39+00:00,1093490,13e74f6f40d47e947c3bb0a10396efdae2a68757794dcc62ec8aa94aa7a4cf23,"""10af72-5e778e4cea4f9""","Tue, 30 Aug 2022 17:41:44 GMT",https://www.ncei.noaa.gov/data/nclimgrid-daily/access/averages/1968/ncdd-196806-version.txt,raw/nclimgrid_daily/version/1968/ncdd-196806-version.txt,a65953fcfa8fffad15c6b431b6f2a2321f70b0b5b63193e700376db957cd7c62,processed/nclimgrid_daily/county_tavg/1968/county_tavg_196806.csv,93210,"nclimgrid-daily_v1-0-0_snap2026-07-30, start: 1951-01, end: 2026-06, status: scaled}",/Users/andrewpark/Desktop/Code/WeatherDerivativePricing,2026-09-02T15:42:54+00:00,Sat May  6 20:30:06 2017,True
tavg,1968-07,scaled,https://www.ncei.noaa.gov/data/nclimgrid-daily/access/averages/1968/tavg-196807-cty-scaled.csv,raw/nclimgrid_daily/averages/1968/tavg-196807-cty-scaled.csv,2026-07-30T03:35:39+00:00,1093490,03262fed9d7d6ea0009fa9f9d2b96750456cddacdb9a8e1447e591e3bb935be1,"""10af72-5e778e5fb70e1""","Tue, 30 Aug 2022 17:42:04 GMT",https://www.ncei.noaa.gov/data/nclimgrid-daily/access/averages/1968/ncdd-196807-version.txt,raw/nclimgrid_daily/version/1968/ncdd-196807-version.txt,fa0dc5ab296009257e9672ef31507eb8792d3cc3e5b6f41f6a2cef580ebb3ae7,processed/nclimgrid_daily/county_tavg/1968/county_tavg_196807.csv,96317,"nclimgrid-daily_v1-0-0_snap2026-07-30, start: 1951-01, end: 2026-06, status: scaled}",/Users/andrewpark/Desktop/Code/WeatherDerivativePricing,2026-09-02T15:42:54+00:00,Sat May  6 20:30:45 2017,True
tavg,1968-08,scaled,https://www.ncei.noaa.gov/data/nclimgrid-daily/access/averages/1968/tavg-196808-cty-scaled.csv,raw/nclimgrid_daily/averages/1968/tavg-196808-cty-scaled.csv,2026-07-30T03:35:40+00:00,1093490,adb48a46529ceeca07148e622dcf8f0f79ed8d14e39706a0db5d30b61c97f572,"""10af72-5e778e7237df0""","Tue, 30 Aug 2022 17:42:23 GMT",https://www.ncei.noaa.gov/data/nclimgrid-daily/access/averages/1968/ncdd-196808-version.txt,raw/nclimgrid_daily/version/1968/ncdd-196808-version.txt,3e4d1b8e60df065e1acf96ca58865c4234f91ba72a1b858a6102f40b4e2d959c,processed/nclimgrid_daily/county_tavg/1968/county_tavg_196808.csv,96317,"nclimgrid-daily_v1-0-0_snap2026-07-30, start: 1951-01, end: 2026-06, status: scaled}",/Users/andrewpark/Desktop/Code/WeatherDerivativePricing,2026-09-02T15:42:54+00:00,Sat May  6 20:31:25 2017,True
tavg,1968-09,scaled,https://www.ncei.noaa.gov/data/nclimgrid-daily/access/averages/1968/tavg-196809-cty-scaled.csv,raw/nclimgrid_daily/averages/1968/tavg-196809-cty-scaled.csv,2026-07-30T03:35:40+00:00,1093490,27a8ac2f49fdb73372a5fa04c52e3ffe7372c6e2496b902cbcc02ded61e67f89,"""10af72-5e778e85dc6f7""","Tue, 30 Aug 2022 17:42:44 GMT",https://www.ncei.noaa.gov/data/nclimgrid-daily/access/averages/1968/ncdd-196809-version.txt,raw/nclimgrid_daily/version/1968/ncdd-196809-version.txt,15c23efcf1e04ad9c1d01b26c5ae72b933943b1efc172134e52b1ceb04123b2b,processed/nclimgrid_daily/county_tavg/1968/county_tavg_196809.csv,93210,"nclimgrid-daily_v1-0-0_snap2026-07-30, start: 1951-01, end: 2026-06, status: scaled}",/Users/andrewpark/Desktop/Code/WeatherDerivativePricing,2026-09-02T15:42:54+00:00,Sat May  6 20:32:05 2017,True
tavg,1968-10,scaled,https://www.ncei.noaa.gov/data/nclimgrid-daily/access/averages/1968/tavg-196810-cty-scaled.csv,raw/nclimgrid_daily/averages/1968/tavg-196810-cty-scaled.csv,2026-07-30T03:35:41+00:00,1093490,0f9e86d084d29ea8f93fd445912b267c89fdfb79891b6369c3e837af9f0d1527,"""10af72-5e778e990305f""","Tue, 30 Aug 2022 17:43:04 GMT",https://www.ncei.noaa.gov/data/nclimgrid-daily/access/averages/1968/ncdd-196810-version.txt,raw/nclimgrid_daily/version/1968/ncdd-196810-version.txt,a9ebf983e8a69010498389edc7ac697119b47e8d7c9ce82a6205e6d9cea6777c,processed/nclimgrid_daily/county_tavg/1968/county_tavg_196810.csv,96317,"nclimgrid-daily_v1-0-0_snap2026-07-30, start: 1951-01, end: 2026-06, status: scaled}",/Users/andrewpark/Desktop/Code/WeatherDerivativePricing,2026-09-02T15:42:54+00:00,Sat May  6 20:32:48 2017,True
tavg,1968-11,scaled,https://www.ncei.noaa.gov/data/nclimgrid-daily/access/averages/1968/tavg-196811-cty-scaled.csv,raw/nclimgrid_daily/averages/1968/tavg-196811-cty-scaled.csv,2026-07-30T03:35:42+00:00,1093490,ccff6de7a3c49bc2f151ebae3da5bae2ccc5b97cca0eba5e91a2dfb3909d04b3,"""10af72-5e778eac10f3e""","Tue, 30 Aug 2022 17:43:24 GMT",https://www.ncei.noaa.gov/data/nclimgrid-daily/access/averages/1968/ncdd-196811-version.txt,raw/nclimgrid_daily/version/1968/ncdd-196811-version.txt,bea66715c0b959a0d93e88562404086cc408bc5008df5b82925d331c3d4504bf,processed/nclimgrid_daily/county_tavg/1968/county_tavg_196811.csv,93210,"nclimgrid-daily_v1-0-0_snap2026-07-30, start: 1951-01, end: 2026-06, status: scaled}",/Users/andrewpark/Desktop/Code/WeatherDerivativePricing,2026-09-02T15:42:54+00:00,Sat May  6 20:33:28 2017,True
tavg,1968-12,scaled,https://www.ncei.noaa.gov/data/nclimgrid-daily/access/averages/1968/tavg-196812-cty-scaled.csv,raw/nclimgrid_daily/averages/1968/tavg-196812-cty-scaled.csv,2026-07-30T03:35:42+00:00,1093490,eb329c36af2028a018790a78020b9fd710ed95c04050bcfa5270e58ccd066cf4,"""10af72-5e778ec2fd9ae""","Tue, 30 Aug 2022 17:43:48 GMT",https://www.ncei.noaa.gov/data/nclimgrid-daily/access/averages/1968/ncdd-196812-version.txt,raw/nclimgrid_daily/version/1968/ncdd-196812-version.txt,b678391cee5267e8ee1f4941a906c5bb5e9b00c4f849f962197b81cc0b74b9d9,processed/nclimgrid_daily/county_tavg/1968/county_tavg_196812.csv,96317,"nclimgrid-daily_v1-0-0_snap2026-07-30, start: 1951-01, end: 2026-06, status: scaled}",/Users/andrewpark/Desktop/Code/WeatherDerivativePricing,2026-09-02T15:42:54+00:00,Sat May  6 20:34:11 2017,True
tavg,1969-01,scaled,https://www.ncei.noaa.gov/data/nclimgrid-daily/access/averages/1969/tavg-196901-cty-scaled.csv,raw/nclimgrid_daily/averages/1969/tavg-196901-cty-scaled.csv,2026-07-30T03:35:43+00:00,1093490,a188cf36c70155ccd6db9fa8d8c1ea6758728be57474da557e861cf965405e1e,"""10af72-5e778ed6807a5""","Tue, 30 Aug 2022 17:44:08 GMT",https://www.ncei.noaa.gov/data/nclimgrid-daily/access/averages/1969/ncdd-196901-version.txt,raw/nclimgrid_daily/version/1969/ncdd-196901-version.txt,9cf0daf92c119daeca6b72822049470a658ea11b7298922a6dc7ed8c20781bbe,processed/nclimgrid_daily/county_tavg/1969/county_tavg_196901.csv,96317,"nclimgrid-daily_v1-0-0_snap2026-07-30, start: 1951-01, end: 2026-06, status: scaled}",/Users/andrewpark/Desktop/Code/WeatherDerivativePricing,2026-09-02T15:42:54+00:00,Fri Jul  7 02:31:50 2017,True
tavg,1969-02,scaled,https://www.ncei.noaa.gov/data/nclimgrid-daily/access/averages/1969/tavg-196902-cty-scaled.csv,raw/nclimgrid_daily/averages/1969/tavg-196902-cty-scaled.csv,2026-07-30T03:35:44+00:00,1093490,983af3b4cb31e9b26c4f01a8a17197c834eba80a849e9938b54ca0cc837d38d4,"""10af72-5e778ee92e75d""","Tue, 30 Aug 2022 17:44:28 GMT",https://www.ncei.noaa.gov/data/nclimgrid-daily/access/averages/1969/ncdd-196902-version.txt,raw/nclimgrid_daily/version/1969/ncdd-196902-version.txt,0600f2307eecb53b134266c8741bf6f5d96387c6de3f2a8f0d59ee6eefbdc7bc,processed/nclimgrid_daily/county_tavg/1969/county_tavg_196902.csv,86996,"nclimgrid-daily_v1-0-0_snap2026-07-30, start: 1951-01, end: 2026-06, status: scaled}",/Users/andrewpark/Desktop/Code/WeatherDerivativePricing,2026-09-02T15:42:54+00:00,Fri Jul  7 02:32:16 2017,True
tavg,1969-03,scaled,https://www.ncei.noaa.gov/data/nclimgrid-daily/access/averages/1969/tavg-196903-cty-scaled.csv,raw/nclimgrid_daily/averages/1969/tavg-196903-cty-scaled.csv,2026-07-30T03:35:44+00:00,1093490,27f5d4e7a22a7fe477de2958d4bb115f42cb6ef3dcb53607661a810f73ccb067,"""10af72-5e778efbc01f4""","Tue, 30 Aug 2022 17:44:47 GMT",https://www.ncei.noaa.gov/data/nclimgrid-daily/access/averages/1969/ncdd-196903-version.txt,raw/nclimgrid_daily/version/1969/ncdd-196903-version.txt,e4683a2c12d1d2980a84372ca3a9c5ddf8a354aa2c9a3cf8d07b13185c1ea6f3,processed/nclimgrid_daily/county_tavg/1969/county_tavg_196903.csv,96317,"nclimgrid-daily_v1-0-0_snap2026-07-30, start: 1951-01, end: 2026-06, status: scaled}",/Users/andrewpark/Desktop/Code/WeatherDerivativePricing,2026-09-02T15:42:54+00:00,Fri Jul  7 02:32:45 2017,True
tavg,1969-04,scaled,https://www.ncei.noaa.gov/data/nclimgrid-daily/access/averages/1969/tavg-196904-cty-scaled.csv,raw/nclimgrid_daily/averages/1969/tavg-196904-cty-scaled.csv,2026-07-30T03:35:45+00:00,1093490,1b45bb53be3a14a8ba822d0d85fb95ddcfe3b5c905d13b5df403fd8a50e3cdaa,"""10af72-5e778f0e6fd04""","Tue, 30 Aug 2022 17:45:07 GMT",https://www.ncei.noaa.gov/data/nclimgrid-daily/access/averages/1969/ncdd-196904-version.txt,raw/nclimgrid_daily/version/1969/ncdd-196904-version.txt,fd92f6b2f53bccc2b35f0ae7760292c781078bdc27aeb7870a6820d9a9ab7ecd,processed/nclimgrid_daily/county_tavg/1969/county_tavg_196904.csv,93210,"nclimgrid-daily_v1-0-0_snap2026-07-30, start: 1951-01, end: 2026-06, status: scaled}",/Users/andrewpark/Desktop/Code/WeatherDerivativePricing,2026-09-02T15:42:54+00:00,Fri Jul  7 02:33:16 2017,True
tavg,1969-05,scaled,https://www.ncei.noaa.gov/data/nclimgrid-daily/access/averages/1969/tavg-196905-cty-scaled.csv,raw/nclimgrid_daily/averages/1969/tavg-196905-cty-scaled.csv,2026-07-30T03:35:45+00:00,1093490,1257ecba85842cfb8ebc77932ef90812b5a80b3db5b88df852e6d3ea3cb00498,"""10af72-5e778f20a62ab""","Tue, 30 Aug 2022 17:45:26 GMT",https://www.ncei.noaa.gov/data/nclimgrid-daily/access/averages/1969/ncdd-196905-version.txt,raw/nclimgrid_daily/version/1969/ncdd-196905-version.txt,eb744b8fe5cbb269dc22df0bb35ba41a973c94d7086440f04a8dabf48860e4c7,processed/nclimgrid_daily/county_tavg/1969/county_tavg_196905.csv,96317,"nclimgrid-daily_v1-0-0_snap2026-07-30, start: 1951-01, end: 2026-06, status: scaled}",/Users/andrewpark/Desktop/Code/WeatherDerivativePricing,2026-09-02T15:42:54+00:00,Fri Jul  7 02:33:51 2017,True
tavg,1969-06,scaled,https://www.ncei.noaa.gov/data/nclimgrid-daily/access/averages/1969/tavg-196906-cty-scaled.csv,raw/nclimgrid_daily/averages/1969/tavg-196906-cty-scaled.csv,2026-07-30T03:35:46+00:00,1093490,6cc36f6b4da120d136d284b3c2c659fb6545ef680ed26d78292b215a22c514b9,"""10af72-5e778f335d6d3""","Tue, 30 Aug 2022 17:45:46 GMT",https://www.ncei.noaa.gov/data/nclimgrid-daily/access/averages/1969/ncdd-196906-version.txt,raw/nclimgrid_daily/version/1969/ncdd-196906-version.txt,23577b83a441b07409db6ae9a38660be62ce22075307336c29c6ca941e094b96,processed/nclimgrid_daily/county_tavg/1969/county_tavg_196906.csv,93210,"nclimgrid-daily_v1-0-0_snap2026-07-30, start: 1951-01, end: 2026-06, status: scaled}",/Users/andrewpark/Desktop/Code/WeatherDerivativePricing,2026-09-02T15:42:54+00:00,Fri Jul  7 02:34:24 2017,True
tavg,1969-07,scaled,https://www.ncei.noaa.gov/data/nclimgrid-daily/access/averages/1969/tavg-196907-cty-scaled.csv,raw/nclimgrid_daily/averages/1969/tavg-196907-cty-scaled.csv,2026-07-30T03:35:47+00:00,1093490,f4083b3dae89c6e2246e2dae7dcebecbb515e26742b64e36db94e585719f68f3,"""10af72-5e778f489aed2""","Tue, 30 Aug 2022 17:46:08 GMT",https://www.ncei.noaa.gov/data/nclimgrid-daily/access/averages/1969/ncdd-196907-version.txt,raw/nclimgrid_daily/version/1969/ncdd-196907-version.txt,04c1fc0870bd67a8478760d3f69af72aa95cb9732e63a3e8b7ba74981148e794,processed/nclimgrid_daily/county_tavg/1969/county_tavg_196907.csv,96317,"nclimgrid-daily_v1-0-0_snap2026-07-30, start: 1951-01, end: 2026-06, status: scaled}",/Users/andrewpark/Desktop/Code/WeatherDerivativePricing,2026-09-02T15:42:54+00:00,Fri Jul  7 02:34:59 2017,True
tavg,1969-08,scaled,https://www.ncei.noaa.gov/data/nclimgrid-daily/access/averages/1969/tavg-196908-cty-scaled.csv,raw/nclimgrid_daily/averages/1969/tavg-196908-cty-scaled.csv,2026-07-30T03:35:47+00:00,1093490,039276bc4fc1a2ba4d096aaa24012e7073018648a4830b17ef12e6b872d97c80,"""10af72-5e778f5ba04f9""","Tue, 30 Aug 2022 17:46:28 GMT",https://www.ncei.noaa.gov/data/nclimgrid-daily/access/averages/1969/ncdd-196908-version.txt,raw/nclimgrid_daily/version/1969/ncdd-196908-version.txt,b0a2a20b049024f05edaaa367e6cba8beb4e564b1c64ddcbd55dcf8100e6f505,processed/nclimgrid_daily/county_tavg/1969/county_tavg_196908.csv,96317,"nclimgrid-daily_v1-0-0_snap2026-07-30, start: 1951-01, end: 2026-06, status: scaled}",/Users/andrewpark/Desktop/Code/WeatherDerivativePricing,2026-09-02T15:42:54+00:00,Fri Jul  7 02:35:34 2017,True
tavg,1969-09,scaled,https://www.ncei.noaa.gov/data/nclimgrid-daily/access/averages/1969/tavg-196909-cty-scaled.csv,raw/nclimgrid_daily/averages/1969/tavg-196909-cty-scaled.csv,2026-07-30T03:35:48+00:00,1093490,4383c146b3f57a313b2f33ceca9bfd165637e1250fbb82a6b2c64b2e055c93f8,"""10af72-5e778f6f34c31""","Tue, 30 Aug 2022 17:46:48 GMT",https://www.ncei.noaa.gov/data/nclimgrid-daily/access/averages/1969/ncdd-196909-version.txt,raw/nclimgrid_daily/version/1969/ncdd-196909-version.txt,45a31e1f13cc1448baaf259b20686b8e4685b5e3a5d79a6fbdf4b4119f77d5e9,processed/nclimgrid_daily/county_tavg/1969/county_tavg_196909.csv,93210,"nclimgrid-daily_v1-0-0_snap2026-07-30, start: 1951-01, end: 2026-06, status: scaled}",/Users/andrewpark/Desktop/Code/WeatherDerivativePricing,2026-09-02T15:42:54+00:00,Fri Jul  7 02:36:07 2017,True
tavg,1969-10,scaled,https://www.ncei.noaa.gov/data/nclimgrid-daily/access/averages/1969/tavg-196910-cty-scaled.csv,raw/nclimgrid_daily/averages/1969/tavg-196910-cty-scaled.csv,2026-07-30T03:35:49+00:00,1093490,7486649618eaa7f772dfb0a215ffcc12a3420bacfb8714dc7793eef7a8f6646f,"""10af72-5e778f82b81f8""","Tue, 30 Aug 2022 17:47:09 GMT",https://www.ncei.noaa.gov/data/nclimgrid-daily/access/averages/1969/ncdd-196910-version.txt,raw/nclimgrid_daily/version/1969/ncdd-196910-version.txt,519ddfb08492b2fe97017b47562214d69a349a0db08c22b7a7342f9a2bf81528,processed/nclimgrid_daily/county_tavg/1969/county_tavg_196910.csv,96317,"nclimgrid-daily_v1-0-0_snap2026-07-30, start: 1951-01, end: 2026-06, status: scaled}",/Users/andrewpark/Desktop/Code/WeatherDerivativePricing,2026-09-02T15:42:54+00:00,Fri Jul  7 02:36:45 2017,True
tavg,1969-11,scaled,https://www.ncei.noaa.gov/data/nclimgrid-daily/access/averages/1969/tavg-196911-cty-scaled.csv,raw/nclimgrid_daily/averages/1969/tavg-196911-cty-scaled.csv,2026-07-30T03:35:49+00:00,1093490,b848821faab29a819eda61c1a24f00af5cace75141e2f770d6b3b4946779704d,"""10af72-5e778f95e1270""","Tue, 30 Aug 2022 17:47:29 GMT",https://www.ncei.noaa.gov/data/nclimgrid-daily/access/averages/1969/ncdd-196911-version.txt,raw/nclimgrid_daily/version/1969/ncdd-196911-version.txt,76551f65ef65c5422ad5516780230048bbf975601d0e160a1550d6ac83563a74,processed/nclimgrid_daily/county_tavg/1969/county_tavg_196911.csv,93210,"nclimgrid-daily_v1-0-0_snap2026-07-30, start: 1951-01, end: 2026-06, status: scaled}",/Users/andrewpark/Desktop/Code/WeatherDerivativePricing,2026-09-02T15:42:54+00:00,Fri Jul  7 02:37:17 2017,True
tavg,1969-12,scaled,https://www.ncei.noaa.gov/data/nclimgrid-daily/access/averages/1969/tavg-196912-cty-scaled.csv,raw/nclimgrid_daily/averages/1969/tavg-196912-cty-scaled.csv,2026-07-30T03:35:50+00:00,1093490,9e60300b6240d108625d7447b837114596744f30790b0d6490c7cab28f643842,"""10af72-5e778fa8f3b87""","Tue, 30 Aug 2022 17:47:49 GMT",https://www.ncei.noaa.gov/data/nclimgrid-daily/access/averages/1969/ncdd-196912-version.txt,raw/nclimgrid_daily/version/1969/ncdd-196912-version.txt,542d2ecb99ab70fdfb7c09484a4146e4e359e9fe4fa1753faeffbea65a6571a8,processed/nclimgrid_daily/county_tavg/1969/county_tavg_196912.csv,96317,"nclimgrid-daily_v1-0-0_snap2026-07-30, start: 1951-01, end: 2026-06, status: scaled}",/Users/andrewpark/Desktop/Code/WeatherDerivativePricing,2026-09-02T15:42:54+00:00,Fri Jul  7 02:37:49 2017,True
tavg,1970-01,scaled,https://www.ncei.noaa.gov/data/nclimgrid-daily/access/averages/1970/tavg-197001-cty-scaled.csv,raw/nclimgrid_daily/averages/1970/tavg-197001-cty-scaled.csv,2026-07-30T03:35:50+00:00,1093490,a387a6ca6fa3fc41e76a1e8bc06718684bdcf75bc2c426563de1e5caa82f3ae2,"""10af72-5e788e3295e52""","Wed, 31 Aug 2022 12:46:36 GMT",https://www.ncei.noaa.gov/data/nclimgrid-daily/access/averages/1970/ncdd-197001-version.txt,raw/nclimgrid_daily/version/1970/ncdd-197001-version.txt,c672dde6e7ee5e4adfda30818b7c4f9731f2fa9a834c2a7d769ef715d5fd5982,processed/nclimgrid_daily/county_tavg/1970/county_tavg_197001.csv,96317,"nclimgrid-daily_v1-0-0_snap2026-07-30, start: 1951-01, end: 2026-06, status: scaled}",/Users/andrewpark/Desktop/Code/WeatherDerivativePricing,2026-09-02T15:42:54+00:00,Sun May  7 17:06:28 2017,True
tavg,1970-02,scaled,https://www.ncei.noaa.gov/data/nclimgrid-daily/access/averages/1970/tavg-197002-cty-scaled.csv,raw/nclimgrid_daily/averages/1970/tavg-197002-cty-scaled.csv,2026-07-30T03:35:51+00:00,1093490,cb93c611bdc6d53ee3dc69a9ead9f59f11e45658fb045c0fbd28a29ac518d845,"""10af72-5e788e49fc5f9""","Wed, 31 Aug 2022 12:47:00 GMT",https://www.ncei.noaa.gov/data/nclimgrid-daily/access/averages/1970/ncdd-197002-version.txt,raw/nclimgrid_daily/version/1970/ncdd-197002-version.txt,581e7251ade36da2c7f8d346055fdbfc4d90d2037cdd27dd04df31e6fe955f79,processed/nclimgrid_daily/county_tavg/1970/county_tavg_197002.csv,86996,"nclimgrid-daily_v1-0-0_snap2026-07-30, start: 1951-01, end: 2026-06, status: scaled}",/Users/andrewpark/Desktop/Code/WeatherDerivativePricing,2026-09-02T15:42:54+00:00,Sun May  7 17:06:59 2017,True
tavg,1970-03,scaled,https://www.ncei.noaa.gov/data/nclimgrid-daily/access/averages/1970/tavg-197003-cty-scaled.csv,raw/nclimgrid_daily/averages/1970/tavg-197003-cty-scaled.csv,2026-07-30T03:35:52+00:00,1093490,34734d6cdb78c793409cdf4fbb3cf1c4eb877444021ddd3ebcfa6c564a0f4c52,"""10af72-5e788e66710a9""","Wed, 31 Aug 2022 12:47:30 GMT",https://www.ncei.noaa.gov/data/nclimgrid-daily/access/averages/1970/ncdd-197003-version.txt,raw/nclimgrid_daily/version/1970/ncdd-197003-version.txt,3f2a4081a12baa3b41fc7ffccc9bfa462b27c5aa657db96c4cc57660b5ac6254,processed/nclimgrid_daily/county_tavg/1970/county_tavg_197003.csv,96317,"nclimgrid-daily_v1-0-0_snap2026-07-30, start: 1951-01, end: 2026-06, status: scaled}",/Users/andrewpark/Desktop/Code/WeatherDerivativePricing,2026-09-02T15:42:54+00:00,Sun May  7 17:07:32 2017,True
tavg,1970-04,scaled,https://www.ncei.noaa.gov/data/nclimgrid-daily/access/averages/1970/tavg-197004-cty-scaled.csv,raw/nclimgrid_daily/averages/1970/tavg-197004-cty-scaled.csv,2026-07-30T03:35:53+00:00,1093490,e704a0b9c6407dc25ded2cddab1161d15f28a75d8a8f1ab140227605eef60fb9,"""10af72-5e788e7ccf1d8""","Wed, 31 Aug 2022 12:47:54 GMT",https://www.ncei.noaa.gov/data/nclimgrid-daily/access/averages/1970/ncdd-197004-version.txt,raw/nclimgrid_daily/version/1970/ncdd-197004-version.txt,6de790178d052a5957e2bc9bf1e90a352d9952eb0191d3b010cf9e9a33bf5774,processed/nclimgrid_daily/county_tavg/1970/county_tavg_197004.csv,93210,"nclimgrid-daily_v1-0-0_snap2026-07-30, start: 1951-01, end: 2026-06, status: scaled}",/Users/andrewpark/Desktop/Code/WeatherDerivativePricing,2026-09-02T15:42:54+00:00,Sun May  7 17:08:04 2017,True
tavg,1970-05,scaled,https://www.ncei.noaa.gov/data/nclimgrid-daily/access/averages/1970/tavg-197005-cty-scaled.csv,raw/nclimgrid_daily/averages/1970/tavg-197005-cty-scaled.csv,2026-07-30T03:35:53+00:00,1093490,252e636aaf7766043805c546ca753c5173014f8a924279e4a1a0b5b12829f360,"""10af72-5e788e9273277""","Wed, 31 Aug 2022 12:48:16 GMT",https://www.ncei.noaa.gov/data/nclimgrid-daily/access/averages/1970/ncdd-197005-version.txt,raw/nclimgrid_daily/version/1970/ncdd-197005-version.txt,1b6fc6b99b554160931ed05376ef1d5b3207bae7027494eedbc1ba41c85955a2,processed/nclimgrid_daily/county_tavg/1970/county_tavg_197005.csv,96317,"nclimgrid-daily_v1-0-0_snap2026-07-30, start: 1951-01, end: 2026-06, status: scaled}",/Users/andrewpark/Desktop/Code/WeatherDerivativePricing,2026-09-02T15:42:54+00:00,Sun May  7 17:08:41 2017,True
tavg,1970-06,scaled,https://www.ncei.noaa.gov/data/nclimgrid-daily/access/averages/1970/tavg-197006-cty-scaled.csv,raw/nclimgrid_daily/averages/1970/tavg-197006-cty-scaled.csv,2026-07-30T03:35:54+00:00,1093490,4153b80873e0ceee4a9964af432f95097cd0f9380fccc0bbe16f121ccd21a45f,"""10af72-5e788ea78c087""","Wed, 31 Aug 2022 12:48:38 GMT",https://www.ncei.noaa.gov/data/nclimgrid-daily/access/averages/1970/ncdd-197006-version.txt,raw/nclimgrid_daily/version/1970/ncdd-197006-version.txt,ff4c639700c91c1373c286379e0542dab267e761ba63173a8955df2f567d4df1,processed/nclimgrid_daily/county_tavg/1970/county_tavg_197006.csv,93210,"nclimgrid-daily_v1-0-0_snap2026-07-30, start: 1951-01, end: 2026-06, status: scaled}",/Users/andrewpark/Desktop/Code/WeatherDerivativePricing,2026-09-02T15:42:54+00:00,Sun May  7 17:09:16 2017,True
tavg,1970-07,scaled,https://www.ncei.noaa.gov/data/nclimgrid-daily/access/averages/1970/tavg-197007-cty-scaled.csv,raw/nclimgrid_daily/averages/1970/tavg-197007-cty-scaled.csv,2026-07-30T03:35:54+00:00,1093490,461c52a2568f544049c707c107440da5904e7441ee4bf5c3604bd83b22de02b2,"""10af72-5e788ebdbdac6""","Wed, 31 Aug 2022 12:49:02 GMT",https://www.ncei.noaa.gov/data/nclimgrid-daily/access/averages/1970/ncdd-197007-version.txt,raw/nclimgrid_daily/version/1970/ncdd-197007-version.txt,9a25f191a4eee0adf5356aa6c8ffcebd7f8f82db319e8038e2875a122dfdd54c,processed/nclimgrid_daily/county_tavg/1970/county_tavg_197007.csv,96317,"nclimgrid-daily_v1-0-0_snap2026-07-30, start: 1951-01, end: 2026-06, status: scaled}",/Users/andrewpark/Desktop/Code/WeatherDerivativePricing,2026-09-02T15:42:54+00:00,Sun May  7 17:09:50 2017,True
tavg,1970-08,scaled,https://www.ncei.noaa.gov/data/nclimgrid-daily/access/averages/1970/tavg-197008-cty-scaled.csv,raw/nclimgrid_daily/averages/1970/tavg-197008-cty-scaled.csv,2026-07-30T03:35:55+00:00,1093490,881abfd2efb93cac48710cf35fad807a688326e56c71ecc0fef6f8d034b0be1f,"""10af72-5e788ed581e6e""","Wed, 31 Aug 2022 12:49:27 GMT",https://www.ncei.noaa.gov/data/nclimgrid-daily/access/averages/1970/ncdd-197008-version.txt,raw/nclimgrid_daily/version/1970/ncdd-197008-version.txt,bccd5c4fe00af934b9a93c80b4fd3710d03271510a643f7c7f9f7c52be129ba3,processed/nclimgrid_daily/county_tavg/1970/county_tavg_197008.csv,96317,"nclimgrid-daily_v1-0-0_snap2026-07-30, start: 1951-01, end: 2026-06, status: scaled}",/Users/andrewpark/Desktop/Code/WeatherDerivativePricing,2026-09-02T15:42:54+00:00,Sun May  7 17:10:25 2017,True
tavg,1970-09,scaled,https://www.ncei.noaa.gov/data/nclimgrid-daily/access/averages/1970/tavg-197009-cty-scaled.csv,raw/nclimgrid_daily/averages/1970/tavg-197009-cty-scaled.csv,2026-07-30T03:35:56+00:00,1093490,1f5794ddff4fc50124b6b7d49cac668cecdec02075fa8d2b35cbf8d4b33d798a,"""10af72-5e788eedae225""","Wed, 31 Aug 2022 12:49:52 GMT",https://www.ncei.noaa.gov/data/nclimgrid-daily/access/averages/1970/ncdd-197009-version.txt,raw/nclimgrid_daily/version/1970/ncdd-197009-version.txt,1c66ee6a55cd5ff52ce807817d34b4b6d1f4ecfb338624918295fa79b830cfab,processed/nclimgrid_daily/county_tavg/1970/county_tavg_197009.csv,93210,"nclimgrid-daily_v1-0-0_snap2026-07-30, start: 1951-01, end: 2026-06, status: scaled}",/Users/andrewpark/Desktop/Code/WeatherDerivativePricing,2026-09-02T15:42:54+00:00,Sun May  7 17:11:00 2017,True
tavg,1970-10,scaled,https://www.ncei.noaa.gov/data/nclimgrid-daily/access/averages/1970/tavg-197010-cty-scaled.csv,raw/nclimgrid_daily/averages/1970/tavg-197010-cty-scaled.csv,2026-07-30T03:35:56+00:00,1093490,d9d257336c2d3dbed62e030aeab430a981320fb1196573fe886171bc39f990d3,"""10af72-5e788f0488b84""","Wed, 31 Aug 2022 12:50:16 GMT",https://www.ncei.noaa.gov/data/nclimgrid-daily/access/averages/1970/ncdd-197010-version.txt,raw/nclimgrid_daily/version/1970/ncdd-197010-version.txt,65c4888f1327d1e5c351cfc40a24b7773d46d7f0b7cd263b9870ea7809eccd92,processed/nclimgrid_daily/county_tavg/1970/county_tavg_197010.csv,96317,"nclimgrid-daily_v1-0-0_snap2026-07-30, start: 1951-01, end: 2026-06, status: scaled}",/Users/andrewpark/Desktop/Code/WeatherDerivativePricing,2026-09-02T15:42:54+00:00,Sun May  7 17:11:38 2017,True
tavg,1970-11,scaled,https://www.ncei.noaa.gov/data/nclimgrid-daily/access/averages/1970/tavg-197011-cty-scaled.csv,raw/nclimgrid_daily/averages/1970/tavg-197011-cty-scaled.csv,2026-07-30T03:35:57+00:00,1093490,07b3c97e5e46d3e4a6c65a9d47c56faab42fb2b44975762e7460d82925916590,"""10af72-5e788f19dfdac""","Wed, 31 Aug 2022 12:50:38 GMT",https://www.ncei.noaa.gov/data/nclimgrid-daily/access/averages/1970/ncdd-197011-version.txt,raw/nclimgrid_daily/version/1970/ncdd-197011-version.txt,9efad9d0a4be416d48534e3017812b6aa8bb50ceebed4b021cdd3143f66c81e8,processed/nclimgrid_daily/county_tavg/1970/county_tavg_197011.csv,93210,"nclimgrid-daily_v1-0-0_snap2026-07-30, start: 1951-01, end: 2026-06, status: scaled}",/Users/andrewpark/Desktop/Code/WeatherDerivativePricing,2026-09-02T15:42:54+00:00,Sun May  7 17:12:13 2017,True
tavg,1970-12,scaled,https://www.ncei.noaa.gov/data/nclimgrid-daily/access/averages/1970/tavg-197012-cty-scaled.csv,raw/nclimgrid_daily/averages/1970/tavg-197012-cty-scaled.csv,2026-07-30T03:35:58+00:00,1093490,d3d51412d74929c395db573d733e5dfbe0b381c37e499704a50c428783bbbad2,"""10af72-5e788f31ec1ab""","Wed, 31 Aug 2022 12:51:04 GMT",https://www.ncei.noaa.gov/data/nclimgrid-daily/access/averages/1970/ncdd-197012-version.txt,raw/nclimgrid_daily/version/1970/ncdd-197012-version.txt,d29e3996c38c923b51119210f114114059e37d3de978107223919a451a55386e,processed/nclimgrid_daily/county_tavg/1970/county_tavg_197012.csv,96317,"nclimgrid-daily_v1-0-0_snap2026-07-30, start: 1951-01, end: 2026-06, status: scaled}",/Users/andrewpark/Desktop/Code/WeatherDerivativePricing,2026-09-02T15:42:54+00:00,Sun May  7 17:12:49 2017,True
tavg,1971-01,scaled,https://www.ncei.noaa.gov/data/nclimgrid-daily/access/averages/1971/tavg-197101-cty-scaled.csv,raw/nclimgrid_daily/averages/1971/tavg-197101-cty-scaled.csv,2026-07-30T03:35:58+00:00,1093490,97c8bd9df504ccaf258c4120a5fc6a765d85a77ebc3994e970d2f0bf5f48dc81,"""10af72-5e788f4a3f27a""","Wed, 31 Aug 2022 12:51:29 GMT",https://www.ncei.noaa.gov/data/nclimgrid-daily/access/averages/1971/ncdd-197101-version.txt,raw/nclimgrid_daily/version/1971/ncdd-197101-version.txt,d91b4efda33bc27a775853322692bcbfa253bee3d6858dbd1324df31d230b117,processed/nclimgrid_daily/county_tavg/1971/county_tavg_197101.csv,96317,"nclimgrid-daily_v1-0-0_snap2026-07-30, start: 1951-01, end: 2026-06, status: scaled}",/Users/andrewpark/Desktop/Code/WeatherDerivativePricing,2026-09-02T15:42:54+00:00,Mon May  8 04:06:28 2017,True
tavg,1971-02,scaled,https://www.ncei.noaa.gov/data/nclimgrid-daily/access/averages/1971/tavg-197102-cty-scaled.csv,raw/nclimgrid_daily/averages/1971/tavg-197102-cty-scaled.csv,2026-07-30T03:35:59+00:00,1093490,f3508e383a3633a49bec98d5bc38629f9f49d281735843e88673fe4400927f41,"""10af72-5e788f61d443a""","Wed, 31 Aug 2022 12:51:54 GMT",https://www.ncei.noaa.gov/data/nclimgrid-daily/access/averages/1971/ncdd-197102-version.txt,raw/nclimgrid_daily/version/1971/ncdd-197102-version.txt,255c84b6a03f2c1d7d97c5f7b98c865d037f58c0c6e7217ba325904a36b35aa4,processed/nclimgrid_daily/county_tavg/1971/county_tavg_197102.csv,86996,"nclimgrid-daily_v1-0-0_snap2026-07-30, start: 1951-01, end: 2026-06, status: scaled}",/Users/andrewpark/Desktop/Code/WeatherDerivativePricing,2026-09-02T15:42:54+00:00,Mon May  8 04:07:03 2017,True
tavg,1971-03,scaled,https://www.ncei.noaa.gov/data/nclimgrid-daily/access/averages/1971/tavg-197103-cty-scaled.csv,raw/nclimgrid_daily/averages/1971/tavg-197103-cty-scaled.csv,2026-07-30T03:36:00+00:00,1093490,cf25c4f29961d28ece60423bafc5e88c8e5038d259999b42f9b4ef33f7cffd7e,"""10af72-5e788f78db871""","Wed, 31 Aug 2022 12:52:18 GMT",https://www.ncei.noaa.gov/data/nclimgrid-daily/access/averages/1971/ncdd-197103-version.txt,raw/nclimgrid_daily/version/1971/ncdd-197103-version.txt,db9964297513b84ce462cc61dbf258b48317513f27b11aa1c3ae9a7b3ad45dd6,processed/nclimgrid_daily/county_tavg/1971/county_tavg_197103.csv,96317,"nclimgrid-daily_v1-0-0_snap2026-07-30, start: 1951-01, end: 2026-06, status: scaled}",/Users/andrewpark/Desktop/Code/WeatherDerivativePricing,2026-09-02T15:42:54+00:00,Mon May  8 04:07:40 2017,True
tavg,1971-04,scaled,https://www.ncei.noaa.gov/data/nclimgrid-daily/access/averages/1971/tavg-197104-cty-scaled.csv,raw/nclimgrid_daily/averages/1971/tavg-197104-cty-scaled.csv,2026-07-30T03:36:00+00:00,1093490,dbeb48b40fb528fa46ffba824aa5f8268fac4dd1a9a9cad971e4e7279380721b,"""10af72-5e788f91104e0""","Wed, 31 Aug 2022 12:52:43 GMT",https://www.ncei.noaa.gov/data/nclimgrid-daily/access/averages/1971/ncdd-197104-version.txt,raw/nclimgrid_daily/version/1971/ncdd-197104-version.txt,610b27c211aba41ff7f62be3c46d454fbc6ea5e746fea069de6fc3d548edc737,processed/nclimgrid_daily/county_tavg/1971/county_tavg_197104.csv,93210,"nclimgrid-daily_v1-0-0_snap2026-07-30, start: 1951-01, end: 2026-06, status: scaled}",/Users/andrewpark/Desktop/Code/WeatherDerivativePricing,2026-09-02T15:42:54+00:00,Mon May  8 04:08:17 2017,True
tavg,1971-05,scaled,https://www.ncei.noaa.gov/data/nclimgrid-daily/access/averages/1971/tavg-197105-cty-scaled.csv,raw/nclimgrid_daily/averages/1971/tavg-197105-cty-scaled.csv,2026-07-30T03:36:01+00:00,1093490,12b91a8a1967dc6c703a7f3f606ab28f2528041094b8fdfde061df7534eb1fce,"""10af72-5e788fa8380a0""","Wed, 31 Aug 2022 12:53:08 GMT",https://www.ncei.noaa.gov/data/nclimgrid-daily/access/averages/1971/ncdd-197105-version.txt,raw/nclimgrid_daily/version/1971/ncdd-197105-version.txt,d9aa5b90c53c718084b61e85fdc4495cbe6ddd0d20925f82cbe426f60fb57154,processed/nclimgrid_daily/county_tavg/1971/county_tavg_197105.csv,96317,"nclimgrid-daily_v1-0-0_snap2026-07-30, start: 1951-01, end: 2026-06, status: scaled}",/Users/andrewpark/Desktop/Code/WeatherDerivativePricing,2026-09-02T15:42:54+00:00,Mon May  8 04:08:56 2017,True
tavg,1971-06,scaled,https://www.ncei.noaa.gov/data/nclimgrid-daily/access/averages/1971/tavg-197106-cty-scaled.csv,raw/nclimgrid_daily/averages/1971/tavg-197106-cty-scaled.csv,2026-07-30T03:36:02+00:00,1093490,cf3a72280ba90827e9e0d3e7cdd45e5f592ff9804b0a5fa5d7ec939715ff9503,"""10af72-5e788fc1966c7""","Wed, 31 Aug 2022 12:53:34 GMT",https://www.ncei.noaa.gov/data/nclimgrid-daily/access/averages/1971/ncdd-197106-version.txt,raw/nclimgrid_daily/version/1971/ncdd-197106-version.txt,c01e24dfca2cd5091e8294f1d080999051de2138c3082b94b6021f51c06a5ac5,processed/nclimgrid_daily/county_tavg/1971/county_tavg_197106.csv,93210,"nclimgrid-daily_v1-0-0_snap2026-07-30, start: 1951-01, end: 2026-06, status: scaled}",/Users/andrewpark/Desktop/Code/WeatherDerivativePricing,2026-09-02T15:42:54+00:00,Mon May  8 04:09:34 2017,True
tavg,1971-07,scaled,https://www.ncei.noaa.gov/data/nclimgrid-daily/access/averages/1971/tavg-197107-cty-scaled.csv,raw/nclimgrid_daily/averages/1971/tavg-197107-cty-scaled.csv,2026-07-30T03:36:02+00:00,1093490,d83896523dec91e0d227ddde362b9b0609b2d2affd723757996f60c7f66324d5,"""10af72-5e788fd73b31e""","Wed, 31 Aug 2022 12:53:57 GMT",https://www.ncei.noaa.gov/data/nclimgrid-daily/access/averages/1971/ncdd-197107-version.txt,raw/nclimgrid_daily/version/1971/ncdd-197107-version.txt,fe03c13bad2f47806d7b2ba0abe06ab8087434e9ceee3b3d0fd67d64e4c2ac1d,processed/nclimgrid_daily/county_tavg/1971/county_tavg_197107.csv,96317,"nclimgrid-daily_v1-0-0_snap2026-07-30, start: 1951-01, end: 2026-06, status: scaled}",/Users/andrewpark/Desktop/Code/WeatherDerivativePricing,2026-09-02T15:42:54+00:00,Mon May  8 04:10:13 2017,True
tavg,1971-08,scaled,https://www.ncei.noaa.gov/data/nclimgrid-daily/access/averages/1971/tavg-197108-cty-scaled.csv,raw/nclimgrid_daily/averages/1971/tavg-197108-cty-scaled.csv,2026-07-30T03:36:09+00:00,1093490,cbe641495a2e09ba7b66d4b55ceadcbd0a5466d707b36e3e818e6ac8e86f60fe,"""10af72-5e788fec4f6f6""","Wed, 31 Aug 2022 12:54:19 GMT",https://www.ncei.noaa.gov/data/nclimgrid-daily/access/averages/1971/ncdd-197108-version.txt,raw/nclimgrid_daily/version/1971/ncdd-197108-version.txt,f8b46c3547e0c7cc233331c0d78b373a79b65058a87585ca7d7be994ad652acd,processed/nclimgrid_daily/county_tavg/1971/county_tavg_197108.csv,96317,"nclimgrid-daily_v1-0-0_snap2026-07-30, start: 1951-01, end: 2026-06, status: scaled}",/Users/andrewpark/Desktop/Code/WeatherDerivativePricing,2026-09-02T15:42:54+00:00,Mon May  8 04:10:51 2017,True
tavg,1971-09,scaled,https://www.ncei.noaa.gov/data/nclimgrid-daily/access/averages/1971/tavg-197109-cty-scaled.csv,raw/nclimgrid_daily/averages/1971/tavg-197109-cty-scaled.csv,2026-07-30T03:36:10+00:00,1093490,698d5cc332a29aa1f7d89d13f138386834f417130f8d9832d7337be04ba1fa22,"""10af72-5e789002f6fed""","Wed, 31 Aug 2022 12:54:43 GMT",https://www.ncei.noaa.gov/data/nclimgrid-daily/access/averages/1971/ncdd-197109-version.txt,raw/nclimgrid_daily/version/1971/ncdd-197109-version.txt,c78e0fd410ded2d3b6ad5e982e67bc15711ceae878a5365c546390a6a279002f,processed/nclimgrid_daily/county_tavg/1971/county_tavg_197109.csv,93210,"nclimgrid-daily_v1-0-0_snap2026-07-30, start: 1951-01, end: 2026-06, status: scaled}",/Users/andrewpark/Desktop/Code/WeatherDerivativePricing,2026-09-02T15:42:54+00:00,Mon May  8 04:11:25 2017,True
tavg,1971-10,scaled,https://www.ncei.noaa.gov/data/nclimgrid-daily/access/averages/1971/tavg-197110-cty-scaled.csv,raw/nclimgrid_daily/averages/1971/tavg-197110-cty-scaled.csv,2026-07-30T03:36:10+00:00,1093490,b0d2369da10127357a39bd0c3f1865f6fdeb6b982808162b8b86613f2c13e7e8,"""10af72-5e789018ea22c""","Wed, 31 Aug 2022 12:55:06 GMT",https://www.ncei.noaa.gov/data/nclimgrid-daily/access/averages/1971/ncdd-197110-version.txt,raw/nclimgrid_daily/version/1971/ncdd-197110-version.txt,53b2a4380e98fab0d4ac22478180d22f6fd88c85e243c7c0da1e7a94ad11d5f9,processed/nclimgrid_daily/county_tavg/1971/county_tavg_197110.csv,96317,"nclimgrid-daily_v1-0-0_snap2026-07-30, start: 1951-01, end: 2026-06, status: scaled}",/Users/andrewpark/Desktop/Code/WeatherDerivativePricing,2026-09-02T15:42:54+00:00,Mon May  8 04:12:02 2017,True
tavg,1971-11,scaled,https://www.ncei.noaa.gov/data/nclimgrid-daily/access/averages/1971/tavg-197111-cty-scaled.csv,raw/nclimgrid_daily/averages/1971/tavg-197111-cty-scaled.csv,2026-07-30T03:36:11+00:00,1093490,2b95c86b076355baf4515e5341918f73b22993add2a57886d6ee33314a96da22,"""10af72-5e78903033ce4""","Wed, 31 Aug 2022 12:55:30 GMT",https://www.ncei.noaa.gov/data/nclimgrid-daily/access/averages/1971/ncdd-197111-version.txt,raw/nclimgrid_daily/version/1971/ncdd-197111-version.txt,171ea0ba3fe0d6c3ccefc15bd84e128f1cb6c9419d4827b5d57c271ef28e7d95,processed/nclimgrid_daily/county_tavg/1971/county_tavg_197111.csv,93210,"nclimgrid-daily_v1-0-0_snap2026-07-30, start: 1951-01, end: 2026-06, status: scaled}",/Users/andrewpark/Desktop/Code/WeatherDerivativePricing,2026-09-02T15:42:54+00:00,Mon May  8 04:12:37 2017,True
tavg,1971-12,scaled,https://www.ncei.noaa.gov/data/nclimgrid-daily/access/averages/1971/tavg-197112-cty-scaled.csv,raw/nclimgrid_daily/averages/1971/tavg-197112-cty-scaled.csv,2026-07-30T03:36:12+00:00,1093490,a721fb5a9abeec3a86a4d902aabf42288fdffbf9d4ccb4ee3e441fd87cb1c3a8,"""10af72-5e789044a6e9b""","Wed, 31 Aug 2022 12:55:52 GMT",https://www.ncei.noaa.gov/data/nclimgrid-daily/access/averages/1971/ncdd-197112-version.txt,raw/nclimgrid_daily/version/1971/ncdd-197112-version.txt,0955e6d9ecf5abbc93d17ee9936ed1668f8713850834cd0348ce8da7e0382f34,processed/nclimgrid_daily/county_tavg/1971/county_tavg_197112.csv,96317,"nclimgrid-daily_v1-0-0_snap2026-07-30, start: 1951-01, end: 2026-06, status: scaled}",/Users/andrewpark/Desktop/Code/WeatherDerivativePricing,2026-09-02T15:42:54+00:00,Mon May  8 04:13:13 2017,True
tavg,1972-01,scaled,https://www.ncei.noaa.gov/data/nclimgrid-daily/access/averages/1972/tavg-197201-cty-scaled.csv,raw/nclimgrid_daily/averages/1972/tavg-197201-cty-scaled.csv,2026-07-30T03:36:12+00:00,1093490,9edfdfff76b3d2d74c396a40bcec9e2afdae27f3ae7edb7bd02bc9702eecaa47,"""10af72-5e78905bdec2b""","Wed, 31 Aug 2022 12:56:16 GMT",https://www.ncei.noaa.gov/data/nclimgrid-daily/access/averages/1972/ncdd-197201-version.txt,raw/nclimgrid_daily/version/1972/ncdd-197201-version.txt,29d228874155e9eac110f7b6d0b212985f0dfca24a938857db9b4d1224313449,processed/nclimgrid_daily/county_tavg/1972/county_tavg_197201.csv,96317,"nclimgrid-daily_v1-0-0_snap2026-07-30, start: 1951-01, end: 2026-06, status: scaled}",/Users/andrewpark/Desktop/Code/WeatherDerivativePricing,2026-09-02T15:42:54+00:00,Mon May  8 14:51:08 2017,True
tavg,1972-02,scaled,https://www.ncei.noaa.gov/data/nclimgrid-daily/access/averages/1972/tavg-197202-cty-scaled.csv,raw/nclimgrid_daily/averages/1972/tavg-197202-cty-scaled.csv,2026-07-30T03:36:13+00:00,1093490,b1676439efca8af7359ad323abb83c15006f18f3ca48e721ae3be4238c9acdb9,"""10af72-5e789074b1fc2""","Wed, 31 Aug 2022 12:56:42 GMT",https://www.ncei.noaa.gov/data/nclimgrid-daily/access/averages/1972/ncdd-197202-version.txt,raw/nclimgrid_daily/version/1972/ncdd-197202-version.txt,e9eceb239ddc0ba01bb2d497ea970bedaf53ffd12a837ff4f191ef511fafbae6,processed/nclimgrid_daily/county_tavg/1972/county_tavg_197202.csv,90103,"nclimgrid-daily_v1-0-0_snap2026-07-30, start: 1951-01, end: 2026-06, status: scaled}",/Users/andrewpark/Desktop/Code/WeatherDerivativePricing,2026-09-02T15:42:54+00:00,Mon May  8 14:51:40 2017,True
tavg,1972-03,scaled,https://www.ncei.noaa.gov/data/nclimgrid-daily/access/averages/1972/tavg-197203-cty-scaled.csv,raw/nclimgrid_daily/averages/1972/tavg-197203-cty-scaled.csv,2026-07-30T03:36:14+00:00,1093490,672a07921abbd31b19ec33cbda7c7b5fce94fb86d68830aef48239a7b5fcf8e9,"""10af72-5e78908a9b1d9""","Wed, 31 Aug 2022 12:57:05 GMT",https://www.ncei.noaa.gov/data/nclimgrid-daily/access/averages/1972/ncdd-197203-version.txt,raw/nclimgrid_daily/version/1972/ncdd-197203-version.txt,f7ccfa65e714fe6c10ca227d063313f6bb854b5313159dea2aec6b7d608fcd7d,processed/nclimgrid_daily/county_tavg/1972/county_tavg_197203.csv,96317,"nclimgrid-daily_v1-0-0_snap2026-07-30, start: 1951-01, end: 2026-06, status: scaled}",/Users/andrewpark/Desktop/Code/WeatherDerivativePricing,2026-09-02T15:42:54+00:00,Mon May  8 14:52:16 2017,True
tavg,1972-04,scaled,https://www.ncei.noaa.gov/data/nclimgrid-daily/access/averages/1972/tavg-197204-cty-scaled.csv,raw/nclimgrid_daily/averages/1972/tavg-197204-cty-scaled.csv,2026-07-30T03:36:14+00:00,1093490,ca4cbc71bbc1127b647dfbe13cc60f34d05f556add723867077488ee27d291bb,"""10af72-5e78909e85429""","Wed, 31 Aug 2022 12:57:26 GMT",https://www.ncei.noaa.gov/data/nclimgrid-daily/access/averages/1972/ncdd-197204-version.txt,raw/nclimgrid_daily/version/1972/ncdd-197204-version.txt,54b253ff792371a92bf8d7124ba10f395fd077943d8b9b70362504e4909431bc,processed/nclimgrid_daily/county_tavg/1972/county_tavg_197204.csv,93210,"nclimgrid-daily_v1-0-0_snap2026-07-30, start: 1951-01, end: 2026-06, status: scaled}",/Users/andrewpark/Desktop/Code/WeatherDerivativePricing,2026-09-02T15:42:54+00:00,Mon May  8 14:52:51 2017,True
tavg,1972-05,scaled,https://www.ncei.noaa.gov/data/nclimgrid-daily/access/averages/1972/tavg-197205-cty-scaled.csv,raw/nclimgrid_daily/averages/1972/tavg-197205-cty-scaled.csv,2026-07-30T03:36:15+00:00,1093490,319aefc5e56f90c148adc669e7e5b1f5e8c0d5523c75f7b201aedb41a453b918,"""10af72-5e7890b2b8e40""","Wed, 31 Aug 2022 12:57:47 GMT",https://www.ncei.noaa.gov/data/nclimgrid-daily/access/averages/1972/ncdd-197205-version.txt,raw/nclimgrid_daily/version/1972/ncdd-197205-version.txt,2d94f053bc653fb0f4e770ffd944176e353f478737181b2da9c524a43e413cde,processed/nclimgrid_daily/county_tavg/1972/county_tavg_197205.csv,96317,"nclimgrid-daily_v1-0-0_snap2026-07-30, start: 1951-01, end: 2026-06, status: scaled}",/Users/andrewpark/Desktop/Code/WeatherDerivativePricing,2026-09-02T15:42:54+00:00,Mon May  8 14:53:25 2017,True
tavg,1972-06,scaled,https://www.ncei.noaa.gov/data/nclimgrid-daily/access/averages/1972/tavg-197206-cty-scaled.csv,raw/nclimgrid_daily/averages/1972/tavg-197206-cty-scaled.csv,2026-07-30T03:36:16+00:00,1093490,af4f07d8d68fe5504b982de4ac959f3f243480bb867e08325b7a58d5db154065,"""10af72-5e7890c87ce97""","Wed, 31 Aug 2022 12:58:10 GMT",https://www.ncei.noaa.gov/data/nclimgrid-daily/access/averages/1972/ncdd-197206-version.txt,raw/nclimgrid_daily/version/1972/ncdd-197206-version.txt,624b841487a88655764095b9afbfdba3e07eac4ed961ea1fc09b41200e2947da,processed/nclimgrid_daily/county_tavg/1972/county_tavg_197206.csv,93210,"nclimgrid-daily_v1-0-0_snap2026-07-30, start: 1951-01, end: 2026-06, status: scaled}",/Users/andrewpark/Desktop/Code/WeatherDerivativePricing,2026-09-02T15:42:54+00:00,Mon May  8 14:54:00 2017,True
tavg,1972-07,scaled,https://www.ncei.noaa.gov/data/nclimgrid-daily/access/averages/1972/tavg-197207-cty-scaled.csv,raw/nclimgrid_daily/averages/1972/tavg-197207-cty-scaled.csv,2026-07-30T03:36:16+00:00,1093490,14bd46c05151751c25f5823ac5d552238d4be7203777ab804c85e39643ffc51b,"""10af72-5e7890de439e7""","Wed, 31 Aug 2022 12:58:33 GMT",https://www.ncei.noaa.gov/data/nclimgrid-daily/access/averages/1972/ncdd-197207-version.txt,raw/nclimgrid_daily/version/1972/ncdd-197207-version.txt,c97e33dda44fe1d9dc10f79037f84c54278fda2165ecb3af6c0b1f7da348889f,processed/nclimgrid_daily/county_tavg/1972/county_tavg_197207.csv,96317,"nclimgrid-daily_v1-0-0_snap2026-07-30, start: 1951-01, end: 2026-06, status: scaled}",/Users/andrewpark/Desktop/Code/WeatherDerivativePricing,2026-09-02T15:42:54+00:00,Mon May  8 14:54:36 2017,True
tavg,1972-08,scaled,https://www.ncei.noaa.gov/data/nclimgrid-daily/access/averages/1972/tavg-197208-cty-scaled.csv,raw/nclimgrid_daily/averages/1972/tavg-197208-cty-scaled.csv,2026-07-30T03:36:17+00:00,1093490,84107ba9eb0cc0bd32cfb3779c5b6a690e376e02ab9be3f4b9e93210bdb98b8f,"""10af72-5e7890f4df75e""","Wed, 31 Aug 2022 12:58:56 GMT",https://www.ncei.noaa.gov/data/nclimgrid-daily/access/averages/1972/ncdd-197208-version.txt,raw/nclimgrid_daily/version/1972/ncdd-197208-version.txt,a6a48842d9488fd83d280db8e7ec6a85232705a2c8508997bdfc2855430fe77f,processed/nclimgrid_daily/county_tavg/1972/county_tavg_197208.csv,96317,"nclimgrid-daily_v1-0-0_snap2026-07-30, start: 1951-01, end: 2026-06, status: scaled}",/Users/andrewpark/Desktop/Code/WeatherDerivativePricing,2026-09-02T15:42:54+00:00,Mon May  8 14:55:16 2017,True
tavg,1972-09,scaled,https://www.ncei.noaa.gov/data/nclimgrid-daily/access/averages/1972/tavg-197209-cty-scaled.csv,raw/nclimgrid_daily/averages/1972/tavg-197209-cty-scaled.csv,2026-07-30T03:36:17+00:00,1093490,b8c153b1139467abf339530f0e9d16973c48ae880f3f67101db6a3dd42fe3247,"""10af72-5e789109c31de""","Wed, 31 Aug 2022 12:59:18 GMT",https://www.ncei.noaa.gov/data/nclimgrid-daily/access/averages/1972/ncdd-197209-version.txt,raw/nclimgrid_daily/version/1972/ncdd-197209-version.txt,324837ac6e6d1979a49c60d169640569868e520e18ddc38bdc63088ae40ab408,processed/nclimgrid_daily/county_tavg/1972/county_tavg_197209.csv,93210,"nclimgrid-daily_v1-0-0_snap2026-07-30, start: 1951-01, end: 2026-06, status: scaled}",/Users/andrewpark/Desktop/Code/WeatherDerivativePricing,2026-09-02T15:42:54+00:00,Mon May  8 14:55:51 2017,True
tavg,1972-10,scaled,https://www.ncei.noaa.gov/data/nclimgrid-daily/access/averages/1972/tavg-197210-cty-scaled.csv,raw/nclimgrid_daily/averages/1972/tavg-197210-cty-scaled.csv,2026-07-30T03:36:18+00:00,1093490,e7a8ee0c4de058d5778441b470d3fc176c3a340518ccd6f1036e04748a1c5985,"""10af72-5e78912026515""","Wed, 31 Aug 2022 12:59:42 GMT",https://www.ncei.noaa.gov/data/nclimgrid-daily/access/averages/1972/ncdd-197210-version.txt,raw/nclimgrid_daily/version/1972/ncdd-197210-version.txt,bad4e18e6bccee30b6abd46bc69c19bb230913b5336e8313d25eff7f50d8ef23,processed/nclimgrid_daily/county_tavg/1972/county_tavg_197210.csv,96317,"nclimgrid-daily_v1-0-0_snap2026-07-30, start: 1951-01, end: 2026-06, status: scaled}",/Users/andrewpark/Desktop/Code/WeatherDerivativePricing,2026-09-02T15:42:54+00:00,Mon May  8 14:56:30 2017,True
tavg,1972-11,scaled,https://www.ncei.noaa.gov/data/nclimgrid-daily/access/averages/1972/tavg-197211-cty-scaled.csv,raw/nclimgrid_daily/averages/1972/tavg-197211-cty-scaled.csv,2026-07-30T03:36:19+00:00,1093490,f17eaa2ef1a05b9e78e83e011d1bd0207648bdcab7789a330b220e7c8dd5934e,"""10af72-5e789136dad14""","Wed, 31 Aug 2022 13:00:06 GMT",https://www.ncei.noaa.gov/data/nclimgrid-daily/access/averages/1972/ncdd-197211-version.txt,raw/nclimgrid_daily/version/1972/ncdd-197211-version.txt,a9a7abc6162d02a737b4eadf11cfedd7f4778bdab9dc8af3d4af53baa2317115,processed/nclimgrid_daily/county_tavg/1972/county_tavg_197211.csv,93210,"nclimgrid-daily_v1-0-0_snap2026-07-30, start: 1951-01, end: 2026-06, status: scaled}",/Users/andrewpark/Desktop/Code/WeatherDerivativePricing,2026-09-02T15:42:54+00:00,Mon May  8 14:57:06 2017,True
tavg,1972-12,scaled,https://www.ncei.noaa.gov/data/nclimgrid-daily/access/averages/1972/tavg-197212-cty-scaled.csv,raw/nclimgrid_daily/averages/1972/tavg-197212-cty-scaled.csv,2026-07-30T03:36:19+00:00,1093490,84d7c04963e0c880c1c02b625c9cf154c4a5e805b651d18503e2c137219a6e23,"""10af72-5e78914de7f0c""","Wed, 31 Aug 2022 13:00:30 GMT",https://www.ncei.noaa.gov/data/nclimgrid-daily/access/averages/1972/ncdd-197212-version.txt,raw/nclimgrid_daily/version/1972/ncdd-197212-version.txt,bd2d288e6d9a8bafec57c438849ce5f274d8c20caa8e1b4a1ad10eaa2a1183e5,processed/nclimgrid_daily/county_tavg/1972/county_tavg_197212.csv,96317,"nclimgrid-daily_v1-0-0_snap2026-07-30, start: 1951-01, end: 2026-06, status: scaled}",/Users/andrewpark/Desktop/Code/WeatherDerivativePricing,2026-09-02T15:42:54+00:00,Mon May  8 14:57:45 2017,True
tavg,1973-01,scaled,https://www.ncei.noaa.gov/data/nclimgrid-daily/access/averages/1973/tavg-197301-cty-scaled.csv,raw/nclimgrid_daily/averages/1973/tavg-197301-cty-scaled.csv,2026-07-30T03:36:20+00:00,1093490,dbc709e1656bfcc52ff99551fca0a3c0408dfe8a990b14d0464dc386f42705ec,"""10af72-5e78916245ceb""","Wed, 31 Aug 2022 13:00:51 GMT",https://www.ncei.noaa.gov/data/nclimgrid-daily/access/averages/1973/ncdd-197301-version.txt,raw/nclimgrid_daily/version/1973/ncdd-197301-version.txt,989e8056adf7cdc6ae03cf5ac327067e0cf3c8535223a2e6cb14e1df915f7ba4,processed/nclimgrid_daily/county_tavg/1973/county_tavg_197301.csv,96317,"nclimgrid-daily_v1-0-0_snap2026-07-30, start: 1951-01, end: 2026-06, status: scaled}",/Users/andrewpark/Desktop/Code/WeatherDerivativePricing,2026-09-02T15:42:54+00:00,Tue May  9 02:16:35 2017,True
tavg,1973-02,scaled,https://www.ncei.noaa.gov/data/nclimgrid-daily/access/averages/1973/tavg-197302-cty-scaled.csv,raw/nclimgrid_daily/averages/1973/tavg-197302-cty-scaled.csv,2026-07-30T03:36:21+00:00,1093490,7cdfcdca0c53a4175ecdf43b21d98cd229e84d915bf1b22113bb4a95f0840e58,"""10af72-5e789177d6122""","Wed, 31 Aug 2022 13:01:14 GMT",https://www.ncei.noaa.gov/data/nclimgrid-daily/access/averages/1973/ncdd-197302-version.txt,raw/nclimgrid_daily/version/1973/ncdd-197302-version.txt,ba1b471eff8163941104dbf0339dfb7cb0a602cbf7cab3b0149d5a3afa86051f,processed/nclimgrid_daily/county_tavg/1973/county_tavg_197302.csv,86996,"nclimgrid-daily_v1-0-0_snap2026-07-30, start: 1951-01, end: 2026-06, status: scaled}",/Users/andrewpark/Desktop/Code/WeatherDerivativePricing,2026-09-02T15:42:54+00:00,Tue May  9 02:17:04 2017,True
tavg,1973-03,scaled,https://www.ncei.noaa.gov/data/nclimgrid-daily/access/averages/1973/tavg-197303-cty-scaled.csv,raw/nclimgrid_daily/averages/1973/tavg-197303-cty-scaled.csv,2026-07-30T03:36:21+00:00,1093490,bebbb7e42d006c92b01bead29391d452e98078c3854e2bc31e50b122cbca522b,"""10af72-5e78918eba6c2""","Wed, 31 Aug 2022 13:01:38 GMT",https://www.ncei.noaa.gov/data/nclimgrid-daily/access/averages/1973/ncdd-197303-version.txt,raw/nclimgrid_daily/version/1973/ncdd-197303-version.txt,4e24360da2ce151a7edae17f16ba429207a5c69214ca8444cdb7120c61cca8f1,processed/nclimgrid_daily/county_tavg/1973/county_tavg_197303.csv,96317,"nclimgrid-daily_v1-0-0_snap2026-07-30, start: 1951-01, end: 2026-06, status: scaled}",/Users/andrewpark/Desktop/Code/WeatherDerivativePricing,2026-09-02T15:42:54+00:00,Tue May  9 02:17:39 2017,True
tavg,1973-04,scaled,https://www.ncei.noaa.gov/data/nclimgrid-daily/access/averages/1973/tavg-197304-cty-scaled.csv,raw/nclimgrid_daily/averages/1973/tavg-197304-cty-scaled.csv,2026-07-30T03:36:22+00:00,1093490,6b26c9bffb767412f61775f0f794076d52c464bbed1d7eabcf458de4739b6e8d,"""10af72-5e7891a4f9fa9""","Wed, 31 Aug 2022 13:02:01 GMT",https://www.ncei.noaa.gov/data/nclimgrid-daily/access/averages/1973/ncdd-197304-version.txt,raw/nclimgrid_daily/version/1973/ncdd-197304-version.txt,f66123ba371397b07b93776a03b6d1f43637594345fbd501c0e728ad7bbe6abe,processed/nclimgrid_daily/county_tavg/1973/county_tavg_197304.csv,93210,"nclimgrid-daily_v1-0-0_snap2026-07-30, start: 1951-01, end: 2026-06, status: scaled}",/Users/andrewpark/Desktop/Code/WeatherDerivativePricing,2026-09-02T15:42:54+00:00,Tue May  9 02:18:08 2017,True
tavg,1973-05,scaled,https://www.ncei.noaa.gov/data/nclimgrid-daily/access/averages/1973/tavg-197305-cty-scaled.csv,raw/nclimgrid_daily/averages/1973/tavg-197305-cty-scaled.csv,2026-07-30T03:36:22+00:00,1093490,fda642703babeaa4bbf2077e59d176f50b5f76c9ab6a8b9887056cead791bca3,"""10af72-5e7891bbda6c9""","Wed, 31 Aug 2022 13:02:25 GMT",https://www.ncei.noaa.gov/data/nclimgrid-daily/access/averages/1973/ncdd-197305-version.txt,raw/nclimgrid_daily/version/1973/ncdd-197305-version.txt,0ada80d54a0f1f02284372ee5dcf98a4d14cd9dc4d62e9fe2e18c201be1eec9e,processed/nclimgrid_daily/county_tavg/1973/county_tavg_197305.csv,96317,"nclimgrid-daily_v1-0-0_snap2026-07-30, start: 1951-01, end: 2026-06, status: scaled}",/Users/andrewpark/Desktop/Code/WeatherDerivativePricing,2026-09-02T15:42:54+00:00,Tue May  9 02:18:42 2017,True
tavg,1973-06,scaled,https://www.ncei.noaa.gov/data/nclimgrid-daily/access/averages/1973/tavg-197306-cty-scaled.csv,raw/nclimgrid_daily/averages/1973/tavg-197306-cty-scaled.csv,2026-07-30T03:36:23+00:00,1093490,16c8d855d4269c54f16bb10d9ea5bbe663b2069951d2f136d24d6841d28638f2,"""10af72-5e7891d293ce8""","Wed, 31 Aug 2022 13:02:49 GMT",https://www.ncei.noaa.gov/data/nclimgrid-daily/access/averages/1973/ncdd-197306-version.txt,raw/nclimgrid_daily/version/1973/ncdd-197306-version.txt,bf6865152a5565334ff2df77669645323dfb02eb2db72aaa14248425a440bae2,processed/nclimgrid_daily/county_tavg/1973/county_tavg_197306.csv,93210,"nclimgrid-daily_v1-0-0_snap2026-07-30, start: 1951-01, end: 2026-06, status: scaled}",/Users/andrewpark/Desktop/Code/WeatherDerivativePricing,2026-09-02T15:42:54+00:00,Tue May  9 02:19:18 2017,True
tavg,1973-07,scaled,https://www.ncei.noaa.gov/data/nclimgrid-daily/access/averages/1973/tavg-197307-cty-scaled.csv,raw/nclimgrid_daily/averages/1973/tavg-197307-cty-scaled.csv,2026-07-30T03:36:23+00:00,1093490,95d8cfe3c98e9a4f08e234510a53b0e23c7392f037228c5d6604a7fb24915599,"""10af72-5e7891eba73d7""","Wed, 31 Aug 2022 13:03:15 GMT",https://www.ncei.noaa.gov/data/nclimgrid-daily/access/averages/1973/ncdd-197307-version.txt,raw/nclimgrid_daily/version/1973/ncdd-197307-version.txt,73e3cd1da1970d52a97fca338e01b0df6050933650d613471ab84ed955d9f996,processed/nclimgrid_daily/county_tavg/1973/county_tavg_197307.csv,96317,"nclimgrid-daily_v1-0-0_snap2026-07-30, start: 1951-01, end: 2026-06, status: scaled}",/Users/andrewpark/Desktop/Code/WeatherDerivativePricing,2026-09-02T15:42:54+00:00,Tue May  9 02:19:53 2017,True
tavg,1973-08,scaled,https://www.ncei.noaa.gov/data/nclimgrid-daily/access/averages/1973/tavg-197308-cty-scaled.csv,raw/nclimgrid_daily/averages/1973/tavg-197308-cty-scaled.csv,2026-07-30T03:36:24+00:00,1093490,06790d0fe036f8194af41c55e457e435e3c2d29207018a0841640c3812e370d7,"""10af72-5e7892005379f""","Wed, 31 Aug 2022 13:03:37 GMT",https://www.ncei.noaa.gov/data/nclimgrid-daily/access/averages/1973/ncdd-197308-version.txt,raw/nclimgrid_daily/version/1973/ncdd-197308-version.txt,627cd6e22472f06a6b285527cb4b3a48bbc645679fdb8b855677286a2f1e8d6e,processed/nclimgrid_daily/county_tavg/1973/county_tavg_197308.csv,96317,"nclimgrid-daily_v1-0-0_snap2026-07-30, start: 1951-01, end: 2026-06, status: scaled}",/Users/andrewpark/Desktop/Code/WeatherDerivativePricing,2026-09-02T15:42:54+00:00,Tue May  9 02:20:29 2017,True
tavg,1973-09,scaled,https://www.ncei.noaa.gov/data/nclimgrid-daily/access/averages/1973/tavg-197309-cty-scaled.csv,raw/nclimgrid_daily/averages/1973/tavg-197309-cty-scaled.csv,2026-07-30T03:36:25+00:00,1093490,bc5dff0bad5692c3185bffc9271c93344d26c6459eb47276a00d49ffe3b4c8da,"""10af72-5e789216e83ce""","Wed, 31 Aug 2022 13:04:00 GMT",https://www.ncei.noaa.gov/data/nclimgrid-daily/access/averages/1973/ncdd-197309-version.txt,raw/nclimgrid_daily/version/1973/ncdd-197309-version.txt,a7e41f920b1c69c32e9b30386b9ff7bf43e8be563237806500d32cbf7b27247f,processed/nclimgrid_daily/county_tavg/1973/county_tavg_197309.csv,93210,"nclimgrid-daily_v1-0-0_snap2026-07-30, start: 1951-01, end: 2026-06, status: scaled}",/Users/andrewpark/Desktop/Code/WeatherDerivativePricing,2026-09-02T15:42:54+00:00,Tue May  9 02:21:04 2017,True
tavg,1973-10,scaled,https://www.ncei.noaa.gov/data/nclimgrid-daily/access/averages/1973/tavg-197310-cty-scaled.csv,raw/nclimgrid_daily/averages/1973/tavg-197310-cty-scaled.csv,2026-07-30T03:36:26+00:00,1093490,d18eebaa8d43c118e0a417f59dc25bb4d60c61de025d19efedb33a06bbd75782,"""10af72-5e78922f206ed""","Wed, 31 Aug 2022 13:04:26 GMT",https://www.ncei.noaa.gov/data/nclimgrid-daily/access/averages/1973/ncdd-197310-version.txt,raw/nclimgrid_daily/version/1973/ncdd-197310-version.txt,0d4718a25fcd769427a43fdcfb596615de359fbfb2d2edf33c203c904cd7bde8,processed/nclimgrid_daily/county_tavg/1973/county_tavg_197310.csv,96317,"nclimgrid-daily_v1-0-0_snap2026-07-30, start: 1951-01, end: 2026-06, status: scaled}",/Users/andrewpark/Desktop/Code/WeatherDerivativePricing,2026-09-02T15:42:54+00:00,Tue May  9 02:21:42 2017,True
tavg,1973-11,scaled,https://www.ncei.noaa.gov/data/nclimgrid-daily/access/averages/1973/tavg-197311-cty-scaled.csv,raw/nclimgrid_daily/averages/1973/tavg-197311-cty-scaled.csv,2026-07-30T03:36:27+00:00,1093490,6ce01acd6bfc624f2bf1d99c3661b59acab067989c971cf63604190b6c6c259d,"""10af72-5e789245052b5""","Wed, 31 Aug 2022 13:04:49 GMT",https://www.ncei.noaa.gov/data/nclimgrid-daily/access/averages/1973/ncdd-197311-version.txt,raw/nclimgrid_daily/version/1973/ncdd-197311-version.txt,17a6a87ee1b434ab1127187e6f47c93e77efe95049f89970c8c4d89b5bd280d9,processed/nclimgrid_daily/county_tavg/1973/county_tavg_197311.csv,93210,"nclimgrid-daily_v1-0-0_snap2026-07-30, start: 1951-01, end: 2026-06, status: scaled}",/Users/andrewpark/Desktop/Code/WeatherDerivativePricing,2026-09-02T15:42:54+00:00,Tue May  9 02:22:18 2017,True
tavg,1973-12,scaled,https://www.ncei.noaa.gov/data/nclimgrid-daily/access/averages/1973/tavg-197312-cty-scaled.csv,raw/nclimgrid_daily/averages/1973/tavg-197312-cty-scaled.csv,2026-07-30T03:36:27+00:00,1093490,5968d777725a6755842db14dc76eb398bc9b9e6d1f5ef435b59bc4d8d6a3f853,"""10af72-5e789259486cc""","Wed, 31 Aug 2022 13:05:10 GMT",https://www.ncei.noaa.gov/data/nclimgrid-daily/access/averages/1973/ncdd-197312-version.txt,raw/nclimgrid_daily/version/1973/ncdd-197312-version.txt,57fa70f3cbbcac699434e3026c8a8ad2bba336047906de23eed2b20813d31c70,processed/nclimgrid_daily/county_tavg/1973/county_tavg_197312.csv,96317,"nclimgrid-daily_v1-0-0_snap2026-07-30, start: 1951-01, end: 2026-06, status: scaled}",/Users/andrewpark/Desktop/Code/WeatherDerivativePricing,2026-09-02T15:42:54+00:00,Tue May  9 02:22:58 2017,True
tavg,1974-01,scaled,https://www.ncei.noaa.gov/data/nclimgrid-daily/access/averages/1974/tavg-197401-cty-scaled.csv,raw/nclimgrid_daily/averages/1974/tavg-197401-cty-scaled.csv,2026-07-30T03:36:28+00:00,1093490,5f028323b90e7340c0587d8651c194ee3d9f7e6cc5e9fe4b8c467ac1d808a50a,"""10af72-5e78926ee4e54""","Wed, 31 Aug 2022 13:05:33 GMT",https://www.ncei.noaa.gov/data/nclimgrid-daily/access/averages/1974/ncdd-197401-version.txt,raw/nclimgrid_daily/version/1974/ncdd-197401-version.txt,3a1cefa23100a6068a5927684e0d163f8091b440b324bb8be350a0e7166eefdc,processed/nclimgrid_daily/county_tavg/1974/county_tavg_197401.csv,96317,"nclimgrid-daily_v1-0-0_snap2026-07-30, start: 1951-01, end: 2026-06, status: scaled}",/Users/andrewpark/Desktop/Code/WeatherDerivativePricing,2026-09-02T15:42:54+00:00,Tue May  9 13:08:30 2017,True
tavg,1974-02,scaled,https://www.ncei.noaa.gov/data/nclimgrid-daily/access/averages/1974/tavg-197402-cty-scaled.csv,raw/nclimgrid_daily/averages/1974/tavg-197402-cty-scaled.csv,2026-07-30T03:36:29+00:00,1093490,6407a40b3ac7692b34f072ff8e12a67ffaf8557c3348ca2a44f8a0131246e39f,"""10af72-5e78928be9d9b""","Wed, 31 Aug 2022 13:06:03 GMT",https://www.ncei.noaa.gov/data/nclimgrid-daily/access/averages/1974/ncdd-197402-version.txt,raw/nclimgrid_daily/version/1974/ncdd-197402-version.txt,66bf796e527d74c624098f7e48a843954e2aa950da3882e402a8b6a0c24bf6d1,processed/nclimgrid_daily/county_tavg/1974/county_tavg_197402.csv,86996,"nclimgrid-daily_v1-0-0_snap2026-07-30, start: 1951-01, end: 2026-06, status: scaled}",/Users/andrewpark/Desktop/Code/WeatherDerivativePricing,2026-09-02T15:42:54+00:00,Tue May  9 13:08:59 2017,True
tavg,1974-03,scaled,https://www.ncei.noaa.gov/data/nclimgrid-daily/access/averages/1974/tavg-197403-cty-scaled.csv,raw/nclimgrid_daily/averages/1974/tavg-197403-cty-scaled.csv,2026-07-30T03:36:29+00:00,1093490,76eadfbf42fc612907c7867477348be33e08e6164b808daf1fed335c100005a6,"""10af72-5e7892a193042""","Wed, 31 Aug 2022 13:06:26 GMT",https://www.ncei.noaa.gov/data/nclimgrid-daily/access/averages/1974/ncdd-197403-version.txt,raw/nclimgrid_daily/version/1974/ncdd-197403-version.txt,28476e62533024c76218dc233a18373ee5df551c672f6b7fa8b6393781e12c68,processed/nclimgrid_daily/county_tavg/1974/county_tavg_197403.csv,96317,"nclimgrid-daily_v1-0-0_snap2026-07-30, start: 1951-01, end: 2026-06, status: scaled}",/Users/andrewpark/Desktop/Code/WeatherDerivativePricing,2026-09-02T15:42:54+00:00,Tue May  9 13:09:31 2017,True
tavg,1974-04,scaled,https://www.ncei.noaa.gov/data/nclimgrid-daily/access/averages/1974/tavg-197404-cty-scaled.csv,raw/nclimgrid_daily/averages/1974/tavg-197404-cty-scaled.csv,2026-07-30T03:36:30+00:00,1093490,0227a3defe1c399fbf256093c6e61ca23b066b96b1571d7a5d781d79281e8b64,"""10af72-5e7892b69b0c9""","Wed, 31 Aug 2022 13:06:48 GMT",https://www.ncei.noaa.gov/data/nclimgrid-daily/access/averages/1974/ncdd-197404-version.txt,raw/nclimgrid_daily/version/1974/ncdd-197404-version.txt,798fae9858d6d64ef8c22bfa2c576b1c965044016fb15fa617c8441b75a1a154,processed/nclimgrid_daily/county_tavg/1974/county_tavg_197404.csv,93210,"nclimgrid-daily_v1-0-0_snap2026-07-30, start: 1951-01, end: 2026-06, status: scaled}",/Users/andrewpark/Desktop/Code/WeatherDerivativePricing,2026-09-02T15:42:54+00:00,Tue May  9 13:10:02 2017,True
tavg,1974-05,scaled,https://www.ncei.noaa.gov/data/nclimgrid-daily/access/averages/1974/tavg-197405-cty-scaled.csv,raw/nclimgrid_daily/averages/1974/tavg-197405-cty-scaled.csv,2026-07-30T03:36:30+00:00,1093490,652e789722d93b066f3e0c76a6da057ed37b7ec53bd919a45b38f0598db647c7,"""10af72-5e7892cd77199""","Wed, 31 Aug 2022 13:07:12 GMT",https://www.ncei.noaa.gov/data/nclimgrid-daily/access/averages/1974/ncdd-197405-version.txt,raw/nclimgrid_daily/version/1974/ncdd-197405-version.txt,b7b97dcfb3b3b1deb097f2471b88a4fc30decde51da11a6a95d5eb9f8e0b741f,processed/nclimgrid_daily/county_tavg/1974/county_tavg_197405.csv,96317,"nclimgrid-daily_v1-0-0_snap2026-07-30, start: 1951-01, end: 2026-06, status: scaled}",/Users/andrewpark/Desktop/Code/WeatherDerivativePricing,2026-09-02T15:42:54+00:00,Tue May  9 13:10:35 2017,True
tavg,1974-06,scaled,https://www.ncei.noaa.gov/data/nclimgrid-daily/access/averages/1974/tavg-197406-cty-scaled.csv,raw/nclimgrid_daily/averages/1974/tavg-197406-cty-scaled.csv,2026-07-30T03:36:31+00:00,1093490,aed1dfcef156d717e0d1c88af1f35e42029578649a060f0996d83a282c7f5018,"""10af72-5e7892e444038""","Wed, 31 Aug 2022 13:07:36 GMT",https://www.ncei.noaa.gov/data/nclimgrid-daily/access/averages/1974/ncdd-197406-version.txt,raw/nclimgrid_daily/version/1974/ncdd-197406-version.txt,4d0f4e616b404040949896bf600eee794c82b6e4e44fc3b8dd4051a91f61bf3a,processed/nclimgrid_daily/county_tavg/1974/county_tavg_197406.csv,93210,"nclimgrid-daily_v1-0-0_snap2026-07-30, start: 1951-01, end: 2026-06, status: scaled}",/Users/andrewpark/Desktop/Code/WeatherDerivativePricing,2026-09-02T15:42:54+00:00,Tue May  9 13:11:06 2017,True
tavg,1974-07,scaled,https://www.ncei.noaa.gov/data/nclimgrid-daily/access/averages/1974/tavg-197407-cty-scaled.csv,raw/nclimgrid_daily/averages/1974/tavg-197407-cty-scaled.csv,2026-07-30T03:36:32+00:00,1093490,a4c1d5de0fbc73018a60f283a4355b6638c32657d61a027db17481f9e0473f39,"""10af72-5e7893001e23f""","Wed, 31 Aug 2022 13:08:05 GMT",https://www.ncei.noaa.gov/data/nclimgrid-daily/access/averages/1974/ncdd-197407-version.txt,raw/nclimgrid_daily/version/1974/ncdd-197407-version.txt,d1902fa05fe472a4d2c7b04e0118779e4905f02e7cb0edcab11d4f9e77576f4b,processed/nclimgrid_daily/county_tavg/1974/county_tavg_197407.csv,96317,"nclimgrid-daily_v1-0-0_snap2026-07-30, start: 1951-01, end: 2026-06, status: scaled}",/Users/andrewpark/Desktop/Code/WeatherDerivativePricing,2026-09-02T15:42:54+00:00,Tue May  9 13:11:40 2017,True
tavg,1974-08,scaled,https://www.ncei.noaa.gov/data/nclimgrid-daily/access/averages/1974/tavg-197408-cty-scaled.csv,raw/nclimgrid_daily/averages/1974/tavg-197408-cty-scaled.csv,2026-07-30T03:36:32+00:00,1093490,1a6242d187b57f5708d2df4cea92ca5c42a63a9da362a79c2ced08295d83cadd,"""10af72-5e78931456e5f""","Wed, 31 Aug 2022 13:08:26 GMT",https://www.ncei.noaa.gov/data/nclimgrid-daily/access/averages/1974/ncdd-197408-version.txt,raw/nclimgrid_daily/version/1974/ncdd-197408-version.txt,1a4b3067ab88313eadd929ddf0d338e68df6c83a87388152b36fec44e5539854,processed/nclimgrid_daily/county_tavg/1974/county_tavg_197408.csv,96317,"nclimgrid-daily_v1-0-0_snap2026-07-30, start: 1951-01, end: 2026-06, status: scaled}",/Users/andrewpark/Desktop/Code/WeatherDerivativePricing,2026-09-02T15:42:54+00:00,Tue May  9 13:12:15 2017,True
tavg,1974-09,scaled,https://www.ncei.noaa.gov/data/nclimgrid-daily/access/averages/1974/tavg-197409-cty-scaled.csv,raw/nclimgrid_daily/averages/1974/tavg-197409-cty-scaled.csv,2026-07-30T03:36:33+00:00,1093490,a8f919b767fd62021e0423be4643c7fb242d1294de58f89404c510358ca92319,"""10af72-5e78932a7290e""","Wed, 31 Aug 2022 13:08:49 GMT",https://www.ncei.noaa.gov/data/nclimgrid-daily/access/averages/1974/ncdd-197409-version.txt,raw/nclimgrid_daily/version/1974/ncdd-197409-version.txt,f10e5732f6a97b850ccbc3e7acbdbde5dcc8da0960ad63e6babd0add5086d137,processed/nclimgrid_daily/county_tavg/1974/county_tavg_197409.csv,93210,"nclimgrid-daily_v1-0-0_snap2026-07-30, start: 1951-01, end: 2026-06, status: scaled}",/Users/andrewpark/Desktop/Code/WeatherDerivativePricing,2026-09-02T15:42:54+00:00,Tue May  9 13:12:47 2017,True
tavg,1974-10,scaled,https://www.ncei.noaa.gov/data/nclimgrid-daily/access/averages/1974/tavg-197410-cty-scaled.csv,raw/nclimgrid_daily/averages/1974/tavg-197410-cty-scaled.csv,2026-07-30T03:36:33+00:00,1093490,39cf2872153b3809eedf57bddeb76386e91b67351d1a78f39f0295c644eefe0f,"""10af72-5e789342acf56""","Wed, 31 Aug 2022 13:09:15 GMT",https://www.ncei.noaa.gov/data/nclimgrid-daily/access/averages/1974/ncdd-197410-version.txt,raw/nclimgrid_daily/version/1974/ncdd-197410-version.txt,447e424989a65906399c5abf70f6ce4a69eb5115ad67b7154d77c0435172475f,processed/nclimgrid_daily/county_tavg/1974/county_tavg_197410.csv,96317,"nclimgrid-daily_v1-0-0_snap2026-07-30, start: 1951-01, end: 2026-06, status: scaled}",/Users/andrewpark/Desktop/Code/WeatherDerivativePricing,2026-09-02T15:42:54+00:00,Tue May  9 13:13:21 2017,True
tavg,1974-11,scaled,https://www.ncei.noaa.gov/data/nclimgrid-daily/access/averages/1974/tavg-197411-cty-scaled.csv,raw/nclimgrid_daily/averages/1974/tavg-197411-cty-scaled.csv,2026-07-30T03:36:34+00:00,1093490,18710ccd8f2ab04e0d08777c3c0c68906aaabaaec9ec2e18b713aefc5f6b5772,"""10af72-5e78935742005""","Wed, 31 Aug 2022 13:09:36 GMT",https://www.ncei.noaa.gov/data/nclimgrid-daily/access/averages/1974/ncdd-197411-version.txt,raw/nclimgrid_daily/version/1974/ncdd-197411-version.txt,e4568168b466185c70c3b2545939650e4cf62db0354c2ab100f8ab2f242cdb02,processed/nclimgrid_daily/county_tavg/1974/county_tavg_197411.csv,93210,"nclimgrid-daily_v1-0-0_snap2026-07-30, start: 1951-01, end: 2026-06, status: scaled}",/Users/andrewpark/Desktop/Code/WeatherDerivativePricing,2026-09-02T15:42:54+00:00,Tue May  9 13:13:54 2017,True
tavg,1974-12,scaled,https://www.ncei.noaa.gov/data/nclimgrid-daily/access/averages/1974/tavg-197412-cty-scaled.csv,raw/nclimgrid_daily/averages/1974/tavg-197412-cty-scaled.csv,2026-07-30T03:36:34+00:00,1093490,dfeb7db4c6ed8b46a6f0033495e94e07790e2d205f326b04b1356e99339514ac,"""10af72-5e78936d6730c""","Wed, 31 Aug 2022 13:10:00 GMT",https://www.ncei.noaa.gov/data/nclimgrid-daily/access/averages/1974/ncdd-197412-version.txt,raw/nclimgrid_daily/version/1974/ncdd-197412-version.txt,8e0c14886c5fda7c01e6161b39238b042390865ef1bb555dac2aa8b3e0d9df2c,processed/nclimgrid_daily/county_tavg/1974/county_tavg_197412.csv,96317,"nclimgrid-daily_v1-0-0_snap2026-07-30, start: 1951-01, end: 2026-06, status: scaled}",/Users/andrewpark/Desktop/Code/WeatherDerivativePricing,2026-09-02T15:42:54+00:00,Tue May  9 13:14:29 2017,True
tavg,1975-01,scaled,https://www.ncei.noaa.gov/data/nclimgrid-daily/access/averages/1975/tavg-197501-cty-scaled.csv,raw/nclimgrid_daily/averages/1975/tavg-197501-cty-scaled.csv,2026-07-30T03:36:35+00:00,1093490,631d080a450ab69009eda809e29cfae4816f1ad9db001f30b4827b7739e3125f,"""10af72-5e789386c072c""","Wed, 31 Aug 2022 13:10:26 GMT",https://www.ncei.noaa.gov/data/nclimgrid-daily/access/averages/1975/ncdd-197501-version.txt,raw/nclimgrid_daily/version/1975/ncdd-197501-version.txt,1da9f2c8f8a39cc62e140b951795b954a7e49aa3ed2c45507a76be551bfe21a3,processed/nclimgrid_daily/county_tavg/1975/county_tavg_197501.csv,96317,"nclimgrid-daily_v1-0-0_snap2026-07-30, start: 1951-01, end: 2026-06, status: scaled}",/Users/andrewpark/Desktop/Code/WeatherDerivativePricing,2026-09-02T15:42:54+00:00,Tue May  9 23:08:41 2017,True
tavg,1975-02,scaled,https://www.ncei.noaa.gov/data/nclimgrid-daily/access/averages/1975/tavg-197502-cty-scaled.csv,raw/nclimgrid_daily/averages/1975/tavg-197502-cty-scaled.csv,2026-07-30T03:36:36+00:00,1093490,d6afa4f56d4be3345b0e3e02498c0c0bff202d00578cd8dd164135bbbd4dfba4,"""10af72-5e78939e26703""","Wed, 31 Aug 2022 13:10:51 GMT",https://www.ncei.noaa.gov/data/nclimgrid-daily/access/averages/1975/ncdd-197502-version.txt,raw/nclimgrid_daily/version/1975/ncdd-197502-version.txt,6b38be6cc7b35885078128fc4e01ee38d221a84f3471e0a3854e23342d08725a,processed/nclimgrid_daily/county_tavg/1975/county_tavg_197502.csv,86996,"nclimgrid-daily_v1-0-0_snap2026-07-30, start: 1951-01, end: 2026-06, status: scaled}",/Users/andrewpark/Desktop/Code/WeatherDerivativePricing,2026-09-02T15:42:54+00:00,Tue May  9 23:09:07 2017,True
tavg,1975-03,scaled,https://www.ncei.noaa.gov/data/nclimgrid-daily/access/averages/1975/tavg-197503-cty-scaled.csv,raw/nclimgrid_daily/averages/1975/tavg-197503-cty-scaled.csv,2026-07-30T03:36:36+00:00,1093490,bec28a388003fd7f7be901eb33d78601c4ff7539b403e982598105f596d34d21,"""10af72-5e7893b807702""","Wed, 31 Aug 2022 13:11:18 GMT",https://www.ncei.noaa.gov/data/nclimgrid-daily/access/averages/1975/ncdd-197503-version.txt,raw/nclimgrid_daily/version/1975/ncdd-197503-version.txt,e107407f4f8a27af0a58e1102a929679e0b261a55a71f99d0de6d8693c3ac366,processed/nclimgrid_daily/county_tavg/1975/county_tavg_197503.csv,96317,"nclimgrid-daily_v1-0-0_snap2026-07-30, start: 1951-01, end: 2026-06, status: scaled}",/Users/andrewpark/Desktop/Code/WeatherDerivativePricing,2026-09-02T15:42:54+00:00,Tue May  9 23:09:37 2017,True
tavg,1975-04,scaled,https://www.ncei.noaa.gov/data/nclimgrid-daily/access/averages/1975/tavg-197504-cty-scaled.csv,raw/nclimgrid_daily/averages/1975/tavg-197504-cty-scaled.csv,2026-07-30T03:36:37+00:00,1093490,759e42988ecd6dbbc824b9df0d0c97e6da829d5e612884654813cd022564bc56,"""10af72-5e7893d086ada""","Wed, 31 Aug 2022 13:11:44 GMT",https://www.ncei.noaa.gov/data/nclimgrid-daily/access/averages/1975/ncdd-197504-version.txt,raw/nclimgrid_daily/version/1975/ncdd-197504-version.txt,d497250f3040ea00a87b43b54e90a8ff44f875264e07c9c4968d37d5a1965d20,processed/nclimgrid_daily/county_tavg/1975/county_tavg_197504.csv,93210,"nclimgrid-daily_v1-0-0_snap2026-07-30, start: 1951-01, end: 2026-06, status: scaled}",/Users/andrewpark/Desktop/Code/WeatherDerivativePricing,2026-09-02T15:42:54+00:00,Tue May  9 23:10:03 2017,True
tavg,1975-05,scaled,https://www.ncei.noaa.gov/data/nclimgrid-daily/access/averages/1975/tavg-197505-cty-scaled.csv,raw/nclimgrid_daily/averages/1975/tavg-197505-cty-scaled.csv,2026-07-30T03:36:38+00:00,1093490,451114385f9b53e44b99525a066deb62a7d82a1e703d4d6776702a770aa682ce,"""10af72-5e7893e78bbe9""","Wed, 31 Aug 2022 13:12:08 GMT",https://www.ncei.noaa.gov/data/nclimgrid-daily/access/averages/1975/ncdd-197505-version.txt,raw/nclimgrid_daily/version/1975/ncdd-197505-version.txt,7b76cf7fc291b544de6aa5dcbeaff5cf13b6dcb38fd986bd3025ad117204aa3d,processed/nclimgrid_daily/county_tavg/1975/county_tavg_197505.csv,96317,"nclimgrid-daily_v1-0-0_snap2026-07-30, start: 1951-01, end: 2026-06, status: scaled}",/Users/andrewpark/Desktop/Code/WeatherDerivativePricing,2026-09-02T15:42:54+00:00,Tue May  9 23:10:35 2017,True
tavg,1975-06,scaled,https://www.ncei.noaa.gov/data/nclimgrid-daily/access/averages/1975/tavg-197506-cty-scaled.csv,raw/nclimgrid_daily/averages/1975/tavg-197506-cty-scaled.csv,2026-07-30T03:36:38+00:00,1093490,60120f020e037c5d56478642774154129c4377bd23c56adedd98e24d5bf6710a,"""10af72-5e7893ff6b510""","Wed, 31 Aug 2022 13:12:33 GMT",https://www.ncei.noaa.gov/data/nclimgrid-daily/access/averages/1975/ncdd-197506-version.txt,raw/nclimgrid_daily/version/1975/ncdd-197506-version.txt,345d8404457488b6fab5fd83d88142b00ceb314b37f6e8179b1ee697a2fdd1db,processed/nclimgrid_daily/county_tavg/1975/county_tavg_197506.csv,93210,"nclimgrid-daily_v1-0-0_snap2026-07-30, start: 1951-01, end: 2026-06, status: scaled}",/Users/andrewpark/Desktop/Code/WeatherDerivativePricing,2026-09-02T15:42:54+00:00,Tue May  9 23:11:03 2017,True
tavg,1975-07,scaled,https://www.ncei.noaa.gov/data/nclimgrid-daily/access/averages/1975/tavg-197507-cty-scaled.csv,raw/nclimgrid_daily/averages/1975/tavg-197507-cty-scaled.csv,2026-07-30T03:36:39+00:00,1093490,54b319610098eaa19c23854005bb7858bd617b6b9125e75fd0dc1d81bc904d50,"""10af72-5e7894144c498""","Wed, 31 Aug 2022 13:12:55 GMT",https://www.ncei.noaa.gov/data/nclimgrid-daily/access/averages/1975/ncdd-197507-version.txt,raw/nclimgrid_daily/version/1975/ncdd-197507-version.txt,fcf8d168ac7a44f8374329c0a319f6a75ec2dd320fb56a6f6f5b5cbd4bdf46b7,processed/nclimgrid_daily/county_tavg/1975/county_tavg_197507.csv,96317,"nclimgrid-daily_v1-0-0_snap2026-07-30, start: 1951-01, end: 2026-06, status: scaled}",/Users/andrewpark/Desktop/Code/WeatherDerivativePricing,2026-09-02T15:42:54+00:00,Tue May  9 23:11:32 2017,True
tavg,1975-08,scaled,https://www.ncei.noaa.gov/data/nclimgrid-daily/access/averages/1975/tavg-197508-cty-scaled.csv,raw/nclimgrid_daily/averages/1975/tavg-197508-cty-scaled.csv,2026-07-30T03:36:41+00:00,1093490,7bb35d4834b5b6616a5fb1b3be15eb4c45cb6f43c2de7818cc4f171d7b2b0809,"""10af72-5e7894299c95f""","Wed, 31 Aug 2022 13:13:17 GMT",https://www.ncei.noaa.gov/data/nclimgrid-daily/access/averages/1975/ncdd-197508-version.txt,raw/nclimgrid_daily/version/1975/ncdd-197508-version.txt,28f6e928b0977301997d9fbc083565a925be6a65efcf452a0693347bfc71c853,processed/nclimgrid_daily/county_tavg/1975/county_tavg_197508.csv,96317,"nclimgrid-daily_v1-0-0_snap2026-07-30, start: 1951-01, end: 2026-06, status: scaled}",/Users/andrewpark/Desktop/Code/WeatherDerivativePricing,2026-09-02T15:42:54+00:00,Tue May  9 23:12:01 2017,True
tavg,1975-09,scaled,https://www.ncei.noaa.gov/data/nclimgrid-daily/access/averages/1975/tavg-197509-cty-scaled.csv,raw/nclimgrid_daily/averages/1975/tavg-197509-cty-scaled.csv,2026-07-30T03:36:42+00:00,1093490,dc19cf2c74db0a92d0c585dce2b46a915a5d2ce7010032ad19d36c073ff01675,"""10af72-5e789440b95b7""","Wed, 31 Aug 2022 13:13:41 GMT",https://www.ncei.noaa.gov/data/nclimgrid-daily/access/averages/1975/ncdd-197509-version.txt,raw/nclimgrid_daily/version/1975/ncdd-197509-version.txt,0c924965b9df96a3f2145e2ef73ee4378d05da05fa8b8aa089102d3b02f80ccd,processed/nclimgrid_daily/county_tavg/1975/county_tavg_197509.csv,93210,"nclimgrid-daily_v1-0-0_snap2026-07-30, start: 1951-01, end: 2026-06, status: scaled}",/Users/andrewpark/Desktop/Code/WeatherDerivativePricing,2026-09-02T15:42:54+00:00,Tue May  9 23:12:31 2017,True
tavg,1975-10,scaled,https://www.ncei.noaa.gov/data/nclimgrid-daily/access/averages/1975/tavg-197510-cty-scaled.csv,raw/nclimgrid_daily/averages/1975/tavg-197510-cty-scaled.csv,2026-07-30T03:36:43+00:00,1093490,2456dfc9a55fa8ae6fbb00392ec48cc76fa8ddc2202630bda922a9242bba8024,"""10af72-5e789457ffda7""","Wed, 31 Aug 2022 13:14:06 GMT",https://www.ncei.noaa.gov/data/nclimgrid-daily/access/averages/1975/ncdd-197510-version.txt,raw/nclimgrid_daily/version/1975/ncdd-197510-version.txt,7b606f1e5e14e651e305ec006a5d108b7fc248063a26fa7d76d6eea2e0a60c89,processed/nclimgrid_daily/county_tavg/1975/county_tavg_197510.csv,96317,"nclimgrid-daily_v1-0-0_snap2026-07-30, start: 1951-01, end: 2026-06, status: scaled}",/Users/andrewpark/Desktop/Code/WeatherDerivativePricing,2026-09-02T15:42:54+00:00,Tue May  9 23:13:02 2017,True
tavg,1975-11,scaled,https://www.ncei.noaa.gov/data/nclimgrid-daily/access/averages/1975/tavg-197511-cty-scaled.csv,raw/nclimgrid_daily/averages/1975/tavg-197511-cty-scaled.csv,2026-07-30T03:36:43+00:00,1093490,05b12baca9cf4ec2df2c974995eddaba93fd0f1d47731edd4cb4531e8487874c,"""10af72-5e78946ffc7a6""","Wed, 31 Aug 2022 13:14:31 GMT",https://www.ncei.noaa.gov/data/nclimgrid-daily/access/averages/1975/ncdd-197511-version.txt,raw/nclimgrid_daily/version/1975/ncdd-197511-version.txt,d942cb24eb901555697f21173dcfd7b7c29f412ba84b1090804e7ede1bcc8050,processed/nclimgrid_daily/county_tavg/1975/county_tavg_197511.csv,93210,"nclimgrid-daily_v1-0-0_snap2026-07-30, start: 1951-01, end: 2026-06, status: scaled}",/Users/andrewpark/Desktop/Code/WeatherDerivativePricing,2026-09-02T15:42:54+00:00,Tue May  9 23:13:31 2017,True
tavg,1975-12,scaled,https://www.ncei.noaa.gov/data/nclimgrid-daily/access/averages/1975/tavg-197512-cty-scaled.csv,raw/nclimgrid_daily/averages/1975/tavg-197512-cty-scaled.csv,2026-07-30T03:36:44+00:00,1093490,b01021a9ff7b5b8a2815bd3b6bb7f8c32e156609c1c8ed500c50e9490ad55f5c,"""10af72-5e789486118dd""","Wed, 31 Aug 2022 13:14:54 GMT",https://www.ncei.noaa.gov/data/nclimgrid-daily/access/averages/1975/ncdd-197512-version.txt,raw/nclimgrid_daily/version/1975/ncdd-197512-version.txt,d9e2fb6f924546823592a20bc3e5593597938240715e04cb4aee2ee88a146d25,processed/nclimgrid_daily/county_tavg/1975/county_tavg_197512.csv,96317,"nclimgrid-daily_v1-0-0_snap2026-07-30, start: 1951-01, end: 2026-06, status: scaled}",/Users/andrewpark/Desktop/Code/WeatherDerivativePricing,2026-09-02T15:42:54+00:00,Tue May  9 23:14:03 2017,True
tavg,1976-01,scaled,https://www.ncei.noaa.gov/data/nclimgrid-daily/access/averages/1976/tavg-197601-cty-scaled.csv,raw/nclimgrid_daily/averages/1976/tavg-197601-cty-scaled.csv,2026-07-30T03:36:45+00:00,1093490,f7985c6236c41603032f62a872969a1d8364f7cbfaa59110921eb67aff10f14d,"""10af72-5e78949b17e0d""","Wed, 31 Aug 2022 13:15:16 GMT",https://www.ncei.noaa.gov/data/nclimgrid-daily/access/averages/1976/ncdd-197601-version.txt,raw/nclimgrid_daily/version/1976/ncdd-197601-version.txt,bf5c13bc5271663eebe3d4cfc130f1ed1278f4bf95c46b74fa468cade635de6a,processed/nclimgrid_daily/county_tavg/1976/county_tavg_197601.csv,96317,"nclimgrid-daily_v1-0-0_snap2026-07-30, start: 1951-01, end: 2026-06, status: scaled}",/Users/andrewpark/Desktop/Code/WeatherDerivativePricing,2026-09-02T15:42:54+00:00,Wed May 10 08:54:04 2017,True
tavg,1976-02,scaled,https://www.ncei.noaa.gov/data/nclimgrid-daily/access/averages/1976/tavg-197602-cty-scaled.csv,raw/nclimgrid_daily/averages/1976/tavg-197602-cty-scaled.csv,2026-07-30T03:36:45+00:00,1093490,db6d552a3cf9746ed638fc31e9317f6e63e13dbc90162d7432100df5b3e6db3b,"""10af72-5e7894b0acc7c""","Wed, 31 Aug 2022 13:15:39 GMT",https://www.ncei.noaa.gov/data/nclimgrid-daily/access/averages/1976/ncdd-197602-version.txt,raw/nclimgrid_daily/version/1976/ncdd-197602-version.txt,592c68c87ec9b13aef5e255df3648de742ddc2e083f1368120335c6b9fbd6379,processed/nclimgrid_daily/county_tavg/1976/county_tavg_197602.csv,90103,"nclimgrid-daily_v1-0-0_snap2026-07-30, start: 1951-01, end: 2026-06, status: scaled}",/Users/andrewpark/Desktop/Code/WeatherDerivativePricing,2026-09-02T15:42:54+00:00,Wed May 10 08:54:33 2017,True
tavg,1976-03,scaled,https://www.ncei.noaa.gov/data/nclimgrid-daily/access/averages/1976/tavg-197603-cty-scaled.csv,raw/nclimgrid_daily/averages/1976/tavg-197603-cty-scaled.csv,2026-07-30T03:36:46+00:00,1093490,b7c66a177004eaba7c2b21cd61ff0275759286593a023a9c0bfbf723ec216774,"""10af72-5e7894c67764c""","Wed, 31 Aug 2022 13:16:01 GMT",https://www.ncei.noaa.gov/data/nclimgrid-daily/access/averages/1976/ncdd-197603-version.txt,raw/nclimgrid_daily/version/1976/ncdd-197603-version.txt,8b8d168a24535148dd57f050cbe73426304b946d5555acd27e00a77c95e6f00f,processed/nclimgrid_daily/county_tavg/1976/county_tavg_197603.csv,96317,"nclimgrid-daily_v1-0-0_snap2026-07-30, start: 1951-01, end: 2026-06, status: scaled}",/Users/andrewpark/Desktop/Code/WeatherDerivativePricing,2026-09-02T15:42:54+00:00,Wed May 10 08:55:04 2017,True
tavg,1976-04,scaled,https://www.ncei.noaa.gov/data/nclimgrid-daily/access/averages/1976/tavg-197604-cty-scaled.csv,raw/nclimgrid_daily/averages/1976/tavg-197604-cty-scaled.csv,2026-07-30T03:36:46+00:00,1093490,4321e17aa2c1c128154b03ee5aa078e52a7da51cdcd7cffcb48a9c51d83bb890,"""10af72-5e7894dae6983""","Wed, 31 Aug 2022 13:16:23 GMT",https://www.ncei.noaa.gov/data/nclimgrid-daily/access/averages/1976/ncdd-197604-version.txt,raw/nclimgrid_daily/version/1976/ncdd-197604-version.txt,8e0b94024261d8aac89cd708148745ff38a9936372a0c4b9a68d9f60021a047a,processed/nclimgrid_daily/county_tavg/1976/county_tavg_197604.csv,93210,"nclimgrid-daily_v1-0-0_snap2026-07-30, start: 1951-01, end: 2026-06, status: scaled}",/Users/andrewpark/Desktop/Code/WeatherDerivativePricing,2026-09-02T15:42:54+00:00,Wed May 10 08:55:35 2017,True
tavg,1976-05,scaled,https://www.ncei.noaa.gov/data/nclimgrid-daily/access/averages/1976/tavg-197605-cty-scaled.csv,raw/nclimgrid_daily/averages/1976/tavg-197605-cty-scaled.csv,2026-07-30T03:36:47+00:00,1093490,47668ccf9b48e65d6b7d31935fb0474844947584f0a1581e99fb2677e212103d,"""10af72-5e7894ef0d492""","Wed, 31 Aug 2022 13:16:44 GMT",https://www.ncei.noaa.gov/data/nclimgrid-daily/access/averages/1976/ncdd-197605-version.txt,raw/nclimgrid_daily/version/1976/ncdd-197605-version.txt,a1bcd7f758018312bf22c8c9a160053f984157c411792eb79e592cf94fb05ed8,processed/nclimgrid_daily/county_tavg/1976/county_tavg_197605.csv,96317,"nclimgrid-daily_v1-0-0_snap2026-07-30, start: 1951-01, end: 2026-06, status: scaled}",/Users/andrewpark/Desktop/Code/WeatherDerivativePricing,2026-09-02T15:42:54+00:00,Wed May 10 08:56:09 2017,True
tavg,1976-06,scaled,https://www.ncei.noaa.gov/data/nclimgrid-daily/access/averages/1976/tavg-197606-cty-scaled.csv,raw/nclimgrid_daily/averages/1976/tavg-197606-cty-scaled.csv,2026-07-30T03:36:48+00:00,1093490,683410673c1db7331be0333223d311f7d30822d2788f32d119be86b6dea3d839,"""10af72-5e789506e29aa""","Wed, 31 Aug 2022 13:17:09 GMT",https://www.ncei.noaa.gov/data/nclimgrid-daily/access/averages/1976/ncdd-197606-version.txt,raw/nclimgrid_daily/version/1976/ncdd-197606-version.txt,aa10595ee394aee4f1da04857694a669b3b2726a53ae29e6be8596c9815308e1,processed/nclimgrid_daily/county_tavg/1976/county_tavg_197606.csv,93210,"nclimgrid-daily_v1-0-0_snap2026-07-30, start: 1951-01, end: 2026-06, status: scaled}",/Users/andrewpark/Desktop/Code/WeatherDerivativePricing,2026-09-02T15:42:54+00:00,Wed May 10 08:56:40 2017,True
tavg,1976-07,scaled,https://www.ncei.noaa.gov/data/nclimgrid-daily/access/averages/1976/tavg-197607-cty-scaled.csv,raw/nclimgrid_daily/averages/1976/tavg-197607-cty-scaled.csv,2026-07-30T03:36:49+00:00,1093490,ca946cbe0d35f96f2b91059c72e37a027684ca1d7e19d6698cac61af59b6d837,"""10af72-5e789520c60b9""","Wed, 31 Aug 2022 13:17:36 GMT",https://www.ncei.noaa.gov/data/nclimgrid-daily/access/averages/1976/ncdd-197607-version.txt,raw/nclimgrid_daily/version/1976/ncdd-197607-version.txt,fc95b34592ff79f6429ed02e46030e11a2cf76b7255f1eb8fa274a13a964388b,processed/nclimgrid_daily/county_tavg/1976/county_tavg_197607.csv,96317,"nclimgrid-daily_v1-0-0_snap2026-07-30, start: 1951-01, end: 2026-06, status: scaled}",/Users/andrewpark/Desktop/Code/WeatherDerivativePricing,2026-09-02T15:42:54+00:00,Wed May 10 08:57:14 2017,True
tavg,1976-08,scaled,https://www.ncei.noaa.gov/data/nclimgrid-daily/access/averages/1976/tavg-197608-cty-scaled.csv,raw/nclimgrid_daily/averages/1976/tavg-197608-cty-scaled.csv,2026-07-30T03:36:49+00:00,1093490,89f4e199aa5595e843df2a5bed2f9858f4748dfee1232beb5357722b76f22497,"""10af72-5e7895370ee10""","Wed, 31 Aug 2022 13:17:59 GMT",https://www.ncei.noaa.gov/data/nclimgrid-daily/access/averages/1976/ncdd-197608-version.txt,raw/nclimgrid_daily/version/1976/ncdd-197608-version.txt,421ccda7ed3cd673235286a70f9815e00d268232da94c2b32278b163b3415bd1,processed/nclimgrid_daily/county_tavg/1976/county_tavg_197608.csv,96317,"nclimgrid-daily_v1-0-0_snap2026-07-30, start: 1951-01, end: 2026-06, status: scaled}",/Users/andrewpark/Desktop/Code/WeatherDerivativePricing,2026-09-02T15:42:54+00:00,Wed May 10 08:57:48 2017,True
tavg,1976-09,scaled,https://www.ncei.noaa.gov/data/nclimgrid-daily/access/averages/1976/tavg-197609-cty-scaled.csv,raw/nclimgrid_daily/averages/1976/tavg-197609-cty-scaled.csv,2026-07-30T03:36:50+00:00,1093490,2b4232e4db7f973c6d3c8675c4c7a1c319950c867a23b804363b6d775025ffb3,"""10af72-5e78954c6a2a0""","Wed, 31 Aug 2022 13:18:22 GMT",https://www.ncei.noaa.gov/data/nclimgrid-daily/access/averages/1976/ncdd-197609-version.txt,raw/nclimgrid_daily/version/1976/ncdd-197609-version.txt,72065c5cbdbfbffb7b3062850685e1c1441a9f0a131a5eb27c474cbb8af6427c,processed/nclimgrid_daily/county_tavg/1976/county_tavg_197609.csv,93210,"nclimgrid-daily_v1-0-0_snap2026-07-30, start: 1951-01, end: 2026-06, status: scaled}",/Users/andrewpark/Desktop/Code/WeatherDerivativePricing,2026-09-02T15:42:54+00:00,Wed May 10 08:58:20 2017,True
tavg,1976-10,scaled,https://www.ncei.noaa.gov/data/nclimgrid-daily/access/averages/1976/tavg-197610-cty-scaled.csv,raw/nclimgrid_daily/averages/1976/tavg-197610-cty-scaled.csv,2026-07-30T03:36:50+00:00,1093490,a4c6697f39b60d5c138aa41852c12033aee11a769df8043fa65e4b3d7e497ea4,"""10af72-5e7895653af27""","Wed, 31 Aug 2022 13:18:48 GMT",https://www.ncei.noaa.gov/data/nclimgrid-daily/access/averages/1976/ncdd-197610-version.txt,raw/nclimgrid_daily/version/1976/ncdd-197610-version.txt,e725bdc06270b33a5cf43ebf366c324cfbe7998ba1b48e5b8d7b722f2a436114,processed/nclimgrid_daily/county_tavg/1976/county_tavg_197610.csv,96317,"nclimgrid-daily_v1-0-0_snap2026-07-30, start: 1951-01, end: 2026-06, status: scaled}",/Users/andrewpark/Desktop/Code/WeatherDerivativePricing,2026-09-02T15:42:54+00:00,Thu Jul 13 15:46:16 2017,True
tavg,1976-11,scaled,https://www.ncei.noaa.gov/data/nclimgrid-daily/access/averages/1976/tavg-197611-cty-scaled.csv,raw/nclimgrid_daily/averages/1976/tavg-197611-cty-scaled.csv,2026-07-30T03:36:51+00:00,1093490,56995faa227be987a021bde9a7a7aa6b37ae0b083f7a089b5a3f236d87c4be3c,"""10af72-5e78957c22b76""","Wed, 31 Aug 2022 13:19:12 GMT",https://www.ncei.noaa.gov/data/nclimgrid-daily/access/averages/1976/ncdd-197611-version.txt,raw/nclimgrid_daily/version/1976/ncdd-197611-version.txt,4435d9d12c6f4cafd3253f916e51807f57b37d4892796c50b3d23868945a8af3,processed/nclimgrid_daily/county_tavg/1976/county_tavg_197611.csv,93210,"nclimgrid-daily_v1-0-0_snap2026-07-30, start: 1951-01, end: 2026-06, status: scaled}",/Users/andrewpark/Desktop/Code/WeatherDerivativePricing,2026-09-02T15:42:54+00:00,Wed May 10 08:59:25 2017,True
tavg,1976-12,scaled,https://www.ncei.noaa.gov/data/nclimgrid-daily/access/averages/1976/tavg-197612-cty-scaled.csv,raw/nclimgrid_daily/averages/1976/tavg-197612-cty-scaled.csv,2026-07-30T03:36:52+00:00,1093490,aa1a70c13179d7df9ef2364866c6fff621bc650bde75f2b9113f3f82a38c71f5,"""10af72-5e789595016a6""","Wed, 31 Aug 2022 13:19:38 GMT",https://www.ncei.noaa.gov/data/nclimgrid-daily/access/averages/1976/ncdd-197612-version.txt,raw/nclimgrid_daily/version/1976/ncdd-197612-version.txt,27a1b08cab5a863067ce8b17691708c0cd7f955aca5241144aa761fe24a3fa2d,processed/nclimgrid_daily/county_tavg/1976/county_tavg_197612.csv,96317,"nclimgrid-daily_v1-0-0_snap2026-07-30, start: 1951-01, end: 2026-06, status: scaled}",/Users/andrewpark/Desktop/Code/WeatherDerivativePricing,2026-09-02T15:42:54+00:00,Wed May 10 08:59:55 2017,True
tavg,1977-01,scaled,https://www.ncei.noaa.gov/data/nclimgrid-daily/access/averages/1977/tavg-197701-cty-scaled.csv,raw/nclimgrid_daily/averages/1977/tavg-197701-cty-scaled.csv,2026-07-30T03:36:52+00:00,1093490,0d71bd93d096c48939fb72fb61f51b90ebeb3db476014eb7b94a247cd1b365be,"""10af72-5e7895aded0dd""","Wed, 31 Aug 2022 13:20:04 GMT",https://www.ncei.noaa.gov/data/nclimgrid-daily/access/averages/1977/ncdd-197701-version.txt,raw/nclimgrid_daily/version/1977/ncdd-197701-version.txt,01d6e57aa4c37ced01fa8cf1f9e2ae1b78ef21bc647c52ca6724aaa56031b1f1,processed/nclimgrid_daily/county_tavg/1977/county_tavg_197701.csv,96317,"nclimgrid-daily_v1-0-0_snap2026-07-30, start: 1951-01, end: 2026-06, status: scaled}",/Users/andrewpark/Desktop/Code/WeatherDerivativePricing,2026-09-02T15:42:54+00:00,Wed May 10 18:32:41 2017,True
tavg,1977-02,scaled,https://www.ncei.noaa.gov/data/nclimgrid-daily/access/averages/1977/tavg-197702-cty-scaled.csv,raw/nclimgrid_daily/averages/1977/tavg-197702-cty-scaled.csv,2026-07-30T03:36:53+00:00,1093490,daa5582e672c1283957c64724cd08ad9b95956aec5dfaeec7a6aded772fc28f8,"""10af72-5e7895c8d05ac""","Wed, 31 Aug 2022 13:20:32 GMT",https://www.ncei.noaa.gov/data/nclimgrid-daily/access/averages/1977/ncdd-197702-version.txt,raw/nclimgrid_daily/version/1977/ncdd-197702-version.txt,3d6ff2f939d08dfc15a0fc8e933eabd8e414716d15e54ba4eeacdc1766d61aa2,processed/nclimgrid_daily/county_tavg/1977/county_tavg_197702.csv,86996,"nclimgrid-daily_v1-0-0_snap2026-07-30, start: 1951-01, end: 2026-06, status: scaled}",/Users/andrewpark/Desktop/Code/WeatherDerivativePricing,2026-09-02T15:42:54+00:00,Wed May 10 18:33:08 2017,True
tavg,1977-03,scaled,https://www.ncei.noaa.gov/data/nclimgrid-daily/access/averages/1977/tavg-197703-cty-scaled.csv,raw/nclimgrid_daily/averages/1977/tavg-197703-cty-scaled.csv,2026-07-30T03:36:54+00:00,1093490,1ba3680e26b67ed2ac0a8f64574ee51b45c8ac727921097824725b831fc7e720,"""10af72-5e7895e1616ac""","Wed, 31 Aug 2022 13:20:58 GMT",https://www.ncei.noaa.gov/data/nclimgrid-daily/access/averages/1977/ncdd-197703-version.txt,raw/nclimgrid_daily/version/1977/ncdd-197703-version.txt,df41503845d377d62bc1c29c13949e74eb155126553404db856aa3d337f6c92d,processed/nclimgrid_daily/county_tavg/1977/county_tavg_197703.csv,96317,"nclimgrid-daily_v1-0-0_snap2026-07-30, start: 1951-01, end: 2026-06, status: scaled}",/Users/andrewpark/Desktop/Code/WeatherDerivativePricing,2026-09-02T15:42:54+00:00,Wed May 10 18:33:37 2017,True
tavg,1977-04,scaled,https://www.ncei.noaa.gov/data/nclimgrid-daily/access/averages/1977/tavg-197704-cty-scaled.csv,raw/nclimgrid_daily/averages/1977/tavg-197704-cty-scaled.csv,2026-07-30T03:36:54+00:00,1093490,94f0261e471006fb65b33050d01a1541a44f443009a622f90f27601a04d4242f,"""10af72-5e7895f6e1cfb""","Wed, 31 Aug 2022 13:21:21 GMT",https://www.ncei.noaa.gov/data/nclimgrid-daily/access/averages/1977/ncdd-197704-version.txt,raw/nclimgrid_daily/version/1977/ncdd-197704-version.txt,c53325d45d2c4bb87679753e60d9d69b0ba2c09b971c5cb80f502bb25cafc9d7,processed/nclimgrid_daily/county_tavg/1977/county_tavg_197704.csv,93210,"nclimgrid-daily_v1-0-0_snap2026-07-30, start: 1951-01, end: 2026-06, status: scaled}",/Users/andrewpark/Desktop/Code/WeatherDerivativePricing,2026-09-02T15:42:54+00:00,Wed May 10 18:34:06 2017,True
tavg,1977-05,scaled,https://www.ncei.noaa.gov/data/nclimgrid-daily/access/averages/1977/tavg-197705-cty-scaled.csv,raw/nclimgrid_daily/averages/1977/tavg-197705-cty-scaled.csv,2026-07-30T03:36:55+00:00,1093490,726d11bbaf880eefb638085bfffe16ac38c8626bd3d3ac5568ae2f99c32111e6,"""10af72-5e78960d1ac6a""","Wed, 31 Aug 2022 13:21:44 GMT",https://www.ncei.noaa.gov/data/nclimgrid-daily/access/averages/1977/ncdd-197705-version.txt,raw/nclimgrid_daily/version/1977/ncdd-197705-version.txt,0f57eacd7e2ba7ae28d7b727dc3dd39476e129044633388273eb4296ce98a3fd,processed/nclimgrid_daily/county_tavg/1977/county_tavg_197705.csv,96317,"nclimgrid-daily_v1-0-0_snap2026-07-30, start: 1951-01, end: 2026-06, status: scaled}",/Users/andrewpark/Desktop/Code/WeatherDerivativePricing,2026-09-02T15:42:54+00:00,Wed May 10 18:34:37 2017,True
tavg,1977-06,scaled,https://www.ncei.noaa.gov/data/nclimgrid-daily/access/averages/1977/tavg-197706-cty-scaled.csv,raw/nclimgrid_daily/averages/1977/tavg-197706-cty-scaled.csv,2026-07-30T03:36:55+00:00,1093490,9c3074f7a6ef51e1d21bebd767b570c62eb458ccf155a7805f464c9ac6872ec9,"""10af72-5e789621eba22""","Wed, 31 Aug 2022 13:22:06 GMT",https://www.ncei.noaa.gov/data/nclimgrid-daily/access/averages/1977/ncdd-197706-version.txt,raw/nclimgrid_daily/version/1977/ncdd-197706-version.txt,aa68fa83c45f9c617b28414c45d7077dc9afa492bed9d54cb1a8e0141cb90e68,processed/nclimgrid_daily/county_tavg/1977/county_tavg_197706.csv,93210,"nclimgrid-daily_v1-0-0_snap2026-07-30, start: 1951-01, end: 2026-06, status: scaled}",/Users/andrewpark/Desktop/Code/WeatherDerivativePricing,2026-09-02T15:42:54+00:00,Wed May 10 18:35:07 2017,True
tavg,1977-07,scaled,https://www.ncei.noaa.gov/data/nclimgrid-daily/access/averages/1977/tavg-197707-cty-scaled.csv,raw/nclimgrid_daily/averages/1977/tavg-197707-cty-scaled.csv,2026-07-30T03:36:56+00:00,1093490,53e4d764accb41087e6df5d08b71391dbc9010f17223062499eb3d26d67ade8a,"""10af72-5e78963630d79""","Wed, 31 Aug 2022 13:22:27 GMT",https://www.ncei.noaa.gov/data/nclimgrid-daily/access/averages/1977/ncdd-197707-version.txt,raw/nclimgrid_daily/version/1977/ncdd-197707-version.txt,0bd3d897ea9890fcfe4a8139a46f6c48799e9fd3ebdf97ba0fbaca4f25fa4fe9,processed/nclimgrid_daily/county_tavg/1977/county_tavg_197707.csv,96317,"nclimgrid-daily_v1-0-0_snap2026-07-30, start: 1951-01, end: 2026-06, status: scaled}",/Users/andrewpark/Desktop/Code/WeatherDerivativePricing,2026-09-02T15:42:54+00:00,Wed May 10 18:35:38 2017,True
tavg,1977-08,scaled,https://www.ncei.noaa.gov/data/nclimgrid-daily/access/averages/1977/tavg-197708-cty-scaled.csv,raw/nclimgrid_daily/averages/1977/tavg-197708-cty-scaled.csv,2026-07-30T03:36:57+00:00,1093490,d6bccaa9832b87e4bb10aea93b9ac069ed67a1159a92ba4aa3097b169952187e,"""10af72-5e78964a712b1""","Wed, 31 Aug 2022 13:22:48 GMT",https://www.ncei.noaa.gov/data/nclimgrid-daily/access/averages/1977/ncdd-197708-version.txt,raw/nclimgrid_daily/version/1977/ncdd-197708-version.txt,09561fe6b4b0b1d3c517bcb3664d5bb5fa3b5fa4e81ebb4c0ec397446014a009,processed/nclimgrid_daily/county_tavg/1977/county_tavg_197708.csv,96317,"nclimgrid-daily_v1-0-0_snap2026-07-30, start: 1951-01, end: 2026-06, status: scaled}",/Users/andrewpark/Desktop/Code/WeatherDerivativePricing,2026-09-02T15:42:54+00:00,Wed May 10 18:36:07 2017,True
tavg,1977-09,scaled,https://www.ncei.noaa.gov/data/nclimgrid-daily/access/averages/1977/tavg-197709-cty-scaled.csv,raw/nclimgrid_daily/averages/1977/tavg-197709-cty-scaled.csv,2026-07-30T03:36:57+00:00,1093490,6fa018cf565885d99f6140657a5d9af863dfbdb1b91c46fc215bfb35baa4203e,"""10af72-5e78965f76c28""","Wed, 31 Aug 2022 13:23:10 GMT",https://www.ncei.noaa.gov/data/nclimgrid-daily/access/averages/1977/ncdd-197709-version.txt,raw/nclimgrid_daily/version/1977/ncdd-197709-version.txt,650221d98ea762d319cc3eb364ec9910fbad980c367af05f75bcd6027f589023,processed/nclimgrid_daily/county_tavg/1977/county_tavg_197709.csv,93210,"nclimgrid-daily_v1-0-0_snap2026-07-30, start: 1951-01, end: 2026-06, status: scaled}",/Users/andrewpark/Desktop/Code/WeatherDerivativePricing,2026-09-02T15:42:54+00:00,Wed May 10 18:36:36 2017,True
tavg,1977-10,scaled,https://www.ncei.noaa.gov/data/nclimgrid-daily/access/averages/1977/tavg-197710-cty-scaled.csv,raw/nclimgrid_daily/averages/1977/tavg-197710-cty-scaled.csv,2026-07-30T03:36:58+00:00,1093490,4cb8f77d87665be532dac58d4ea1b5d915594d8635a1ce5c8f3da0c8c915e04e,"""10af72-5e789673ea1c7""","Wed, 31 Aug 2022 13:23:32 GMT",https://www.ncei.noaa.gov/data/nclimgrid-daily/access/averages/1977/ncdd-197710-version.txt,raw/nclimgrid_daily/version/1977/ncdd-197710-version.txt,cb6beda19038edd0305f7e811deb6b36c78835150ccc63d3159ecde4c23af70a,processed/nclimgrid_daily/county_tavg/1977/county_tavg_197710.csv,96317,"nclimgrid-daily_v1-0-0_snap2026-07-30, start: 1951-01, end: 2026-06, status: scaled}",/Users/andrewpark/Desktop/Code/WeatherDerivativePricing,2026-09-02T15:42:54+00:00,Wed May 10 18:37:07 2017,True
tavg,1977-11,scaled,https://www.ncei.noaa.gov/data/nclimgrid-daily/access/averages/1977/tavg-197711-cty-scaled.csv,raw/nclimgrid_daily/averages/1977/tavg-197711-cty-scaled.csv,2026-07-30T03:36:58+00:00,1093490,0462e70fc7dcfc105431276026477ae7333869f76e395b4061f69ebc5ae525ad,"""10af72-5e789689af98f""","Wed, 31 Aug 2022 13:23:55 GMT",https://www.ncei.noaa.gov/data/nclimgrid-daily/access/averages/1977/ncdd-197711-version.txt,raw/nclimgrid_daily/version/1977/ncdd-197711-version.txt,0278d05cb96cf4db6f6ef3c0def8cfd5b0c57426ef2c81b197114df77865eb9f,processed/nclimgrid_daily/county_tavg/1977/county_tavg_197711.csv,93210,"nclimgrid-daily_v1-0-0_snap2026-07-30, start: 1951-01, end: 2026-06, status: scaled}",/Users/andrewpark/Desktop/Code/WeatherDerivativePricing,2026-09-02T15:42:54+00:00,Wed May 10 18:37:37 2017,True
tavg,1977-12,scaled,https://www.ncei.noaa.gov/data/nclimgrid-daily/access/averages/1977/tavg-197712-cty-scaled.csv,raw/nclimgrid_daily/averages/1977/tavg-197712-cty-scaled.csv,2026-07-30T03:36:59+00:00,1093490,5b18692055349fe8f4516019b619385176374e3b4be1950c567950f464418036,"""10af72-5e7896a09db6e""","Wed, 31 Aug 2022 13:24:19 GMT",https://www.ncei.noaa.gov/data/nclimgrid-daily/access/averages/1977/ncdd-197712-version.txt,raw/nclimgrid_daily/version/1977/ncdd-197712-version.txt,da8e9550064ac4b5c285a077f608d9802bd65ccc4da77ecdd62643e0139dc8d8,processed/nclimgrid_daily/county_tavg/1977/county_tavg_197712.csv,96317,"nclimgrid-daily_v1-0-0_snap2026-07-30, start: 1951-01, end: 2026-06, status: scaled}",/Users/andrewpark/Desktop/Code/WeatherDerivativePricing,2026-09-02T15:42:54+00:00,Wed May 10 18:38:08 2017,True
tavg,1978-01,scaled,https://www.ncei.noaa.gov/data/nclimgrid-daily/access/averages/1978/tavg-197801-cty-scaled.csv,raw/nclimgrid_daily/averages/1978/tavg-197801-cty-scaled.csv,2026-07-30T03:37:00+00:00,1093490,88da7221d5f5f2a7d2735a26290f4209186607bd5f7cda62de3365b91c95c151,"""10af72-5e7896b6fef66""","Wed, 31 Aug 2022 13:24:42 GMT",https://www.ncei.noaa.gov/data/nclimgrid-daily/access/averages/1978/ncdd-197801-version.txt,raw/nclimgrid_daily/version/1978/ncdd-197801-version.txt,c12a4eda7420b37b05e8d2b4b0b6633c651f0132ab477b76a737da1314262b48,processed/nclimgrid_daily/county_tavg/1978/county_tavg_197801.csv,96317,"nclimgrid-daily_v1-0-0_snap2026-07-30, start: 1951-01, end: 2026-06, status: scaled}",/Users/andrewpark/Desktop/Code/WeatherDerivativePricing,2026-09-02T15:42:54+00:00,Thu May 11 04:09:35 2017,True
tavg,1978-02,scaled,https://www.ncei.noaa.gov/data/nclimgrid-daily/access/averages/1978/tavg-197802-cty-scaled.csv,raw/nclimgrid_daily/averages/1978/tavg-197802-cty-scaled.csv,2026-07-30T03:37:00+00:00,1093490,50b6f51c4d4ea672e590a6e9ab0487687ce78ba48f699eb2af5645ea0e7b5f23,"""10af72-5e7896cbe1a45""","Wed, 31 Aug 2022 13:25:04 GMT",https://www.ncei.noaa.gov/data/nclimgrid-daily/access/averages/1978/ncdd-197802-version.txt,raw/nclimgrid_daily/version/1978/ncdd-197802-version.txt,a2a1b7dbfeae34d0548ee15ff48a513d0bb15873039eea21956591059bc5b6a1,processed/nclimgrid_daily/county_tavg/1978/county_tavg_197802.csv,86996,"nclimgrid-daily_v1-0-0_snap2026-07-30, start: 1951-01, end: 2026-06, status: scaled}",/Users/andrewpark/Desktop/Code/WeatherDerivativePricing,2026-09-02T15:42:54+00:00,Thu May 11 04:10:02 2017,True
tavg,1978-03,scaled,https://www.ncei.noaa.gov/data/nclimgrid-daily/access/averages/1978/tavg-197803-cty-scaled.csv,raw/nclimgrid_daily/averages/1978/tavg-197803-cty-scaled.csv,2026-07-30T03:37:01+00:00,1093490,c70a6ea7a042540149850760dff26301605c8e12460f16472fa8284ac58b2be2,"""10af72-5e7896e35741c""","Wed, 31 Aug 2022 13:25:29 GMT",https://www.ncei.noaa.gov/data/nclimgrid-daily/access/averages/1978/ncdd-197803-version.txt,raw/nclimgrid_daily/version/1978/ncdd-197803-version.txt,0c43f1df2104d228209beed4e5b765dc3f607c2b7ada134db75d7d8e5692f91f,processed/nclimgrid_daily/county_tavg/1978/county_tavg_197803.csv,96317,"nclimgrid-daily_v1-0-0_snap2026-07-30, start: 1951-01, end: 2026-06, status: scaled}",/Users/andrewpark/Desktop/Code/WeatherDerivativePricing,2026-09-02T15:42:54+00:00,Thu May 11 04:10:31 2017,True
tavg,1978-04,scaled,https://www.ncei.noaa.gov/data/nclimgrid-daily/access/averages/1978/tavg-197804-cty-scaled.csv,raw/nclimgrid_daily/averages/1978/tavg-197804-cty-scaled.csv,2026-07-30T03:37:02+00:00,1093490,a3314e3893a641810a28bc5968b07b593e1c7e7a74db1013e3e89d6714e47cbf,"""10af72-5e7896f89732c""","Wed, 31 Aug 2022 13:25:51 GMT",https://www.ncei.noaa.gov/data/nclimgrid-daily/access/averages/1978/ncdd-197804-version.txt,raw/nclimgrid_daily/version/1978/ncdd-197804-version.txt,2b9af921db51895726a5d73d5a4b49eca0bf7962ff9de87b86d7a7617ccf7d09,processed/nclimgrid_daily/county_tavg/1978/county_tavg_197804.csv,93210,"nclimgrid-daily_v1-0-0_snap2026-07-30, start: 1951-01, end: 2026-06, status: scaled}",/Users/andrewpark/Desktop/Code/WeatherDerivativePricing,2026-09-02T15:42:54+00:00,Thu May 11 04:11:00 2017,True
tavg,1978-05,scaled,https://www.ncei.noaa.gov/data/nclimgrid-daily/access/averages/1978/tavg-197805-cty-scaled.csv,raw/nclimgrid_daily/averages/1978/tavg-197805-cty-scaled.csv,2026-07-30T03:37:02+00:00,1093490,003856ef0de5e8c7af0ddd7d7425a9452a55d2cb0dd4e8cb95e85acaa0081980,"""10af72-5e78970df3b43""","Wed, 31 Aug 2022 13:26:13 GMT",https://www.ncei.noaa.gov/data/nclimgrid-daily/access/averages/1978/ncdd-197805-version.txt,raw/nclimgrid_daily/version/1978/ncdd-197805-version.txt,3056f572ca8ed33c425e7b1c26ccdc79afc80662af091c0ff18b1f5af7b1fa16,processed/nclimgrid_daily/county_tavg/1978/county_tavg_197805.csv,96317,"nclimgrid-daily_v1-0-0_snap2026-07-30, start: 1951-01, end: 2026-06, status: scaled}",/Users/andrewpark/Desktop/Code/WeatherDerivativePricing,2026-09-02T15:42:54+00:00,Thu May 11 04:11:33 2017,True
tavg,1978-06,scaled,https://www.ncei.noaa.gov/data/nclimgrid-daily/access/averages/1978/tavg-197806-cty-scaled.csv,raw/nclimgrid_daily/averages/1978/tavg-197806-cty-scaled.csv,2026-07-30T03:37:03+00:00,1093490,9e4d482d30c4a3fddc2e6399828800e0639c62e7cd7c7dc2d2e80683abedac4f,"""10af72-5e789723fe483""","Wed, 31 Aug 2022 13:26:36 GMT",https://www.ncei.noaa.gov/data/nclimgrid-daily/access/averages/1978/ncdd-197806-version.txt,raw/nclimgrid_daily/version/1978/ncdd-197806-version.txt,b498cda2223ab5b99f164e4ce44b880bad575908bea2b42fd9620fa80f993820,processed/nclimgrid_daily/county_tavg/1978/county_tavg_197806.csv,93210,"nclimgrid-daily_v1-0-0_snap2026-07-30, start: 1951-01, end: 2026-06, status: scaled}",/Users/andrewpark/Desktop/Code/WeatherDerivativePricing,2026-09-02T15:42:54+00:00,Thu May 11 04:12:06 2017,True
tavg,1978-07,scaled,https://www.ncei.noaa.gov/data/nclimgrid-daily/access/averages/1978/tavg-197807-cty-scaled.csv,raw/nclimgrid_daily/averages/1978/tavg-197807-cty-scaled.csv,2026-07-30T03:37:03+00:00,1093490,7fdbb2a9c418f864a897ee527a2b4e24dc445942e7071fc40dec318f8ac90897,"""10af72-5e78973b7cafa""","Wed, 31 Aug 2022 13:27:01 GMT",https://www.ncei.noaa.gov/data/nclimgrid-daily/access/averages/1978/ncdd-197807-version.txt,raw/nclimgrid_daily/version/1978/ncdd-197807-version.txt,9c93d3e564951ce88e37e493478a3766a7420127c0105a32cb17424e823e5359,processed/nclimgrid_daily/county_tavg/1978/county_tavg_197807.csv,96317,"nclimgrid-daily_v1-0-0_snap2026-07-30, start: 1951-01, end: 2026-06, status: scaled}",/Users/andrewpark/Desktop/Code/WeatherDerivativePricing,2026-09-02T15:42:54+00:00,Thu May 11 04:12:40 2017,True
tavg,1978-08,scaled,https://www.ncei.noaa.gov/data/nclimgrid-daily/access/averages/1978/tavg-197808-cty-scaled.csv,raw/nclimgrid_daily/averages/1978/tavg-197808-cty-scaled.csv,2026-07-30T03:37:04+00:00,1093490,4345a8db44cfbc0af4324a57dc5346e5fcac59fe19cbdfe50501dcf485f095d7,"""10af72-5e789750ed361""","Wed, 31 Aug 2022 13:27:23 GMT",https://www.ncei.noaa.gov/data/nclimgrid-daily/access/averages/1978/ncdd-197808-version.txt,raw/nclimgrid_daily/version/1978/ncdd-197808-version.txt,74c6670e2f83e6c6e50155d96749e98635457fdf75e700d1e15a330c94e7eb52,processed/nclimgrid_daily/county_tavg/1978/county_tavg_197808.csv,96317,"nclimgrid-daily_v1-0-0_snap2026-07-30, start: 1951-01, end: 2026-06, status: scaled}",/Users/andrewpark/Desktop/Code/WeatherDerivativePricing,2026-09-02T15:42:54+00:00,Thu May 11 04:13:15 2017,True
tavg,1978-09,scaled,https://www.ncei.noaa.gov/data/nclimgrid-daily/access/averages/1978/tavg-197809-cty-scaled.csv,raw/nclimgrid_daily/averages/1978/tavg-197809-cty-scaled.csv,2026-07-30T03:37:07+00:00,1093490,1ef1e0bdac6b5c21d67836c28448feea84c9d3db625965ff67aa570448a20b77,"""10af72-5e789769f0c69""","Wed, 31 Aug 2022 13:27:50 GMT",https://www.ncei.noaa.gov/data/nclimgrid-daily/access/averages/1978/ncdd-197809-version.txt,raw/nclimgrid_daily/version/1978/ncdd-197809-version.txt,b600edd1c804a6a97edfda1e9805b62990d798f45ac8c5b1317e83f1b9dc5fd5,processed/nclimgrid_daily/county_tavg/1978/county_tavg_197809.csv,93210,"nclimgrid-daily_v1-0-0_snap2026-07-30, start: 1951-01, end: 2026-06, status: scaled}",/Users/andrewpark/Desktop/Code/WeatherDerivativePricing,2026-09-02T15:42:54+00:00,Thu May 11 04:13:44 2017,True
tavg,1978-10,scaled,https://www.ncei.noaa.gov/data/nclimgrid-daily/access/averages/1978/tavg-197810-cty-scaled.csv,raw/nclimgrid_daily/averages/1978/tavg-197810-cty-scaled.csv,2026-07-30T03:37:07+00:00,1093490,2aab3e8fa475cd3dc9f93e322bc19a6fe92e97bc34362eb17e010e26581f5d26,"""10af72-5e78978180838""","Wed, 31 Aug 2022 13:28:14 GMT",https://www.ncei.noaa.gov/data/nclimgrid-daily/access/averages/1978/ncdd-197810-version.txt,raw/nclimgrid_daily/version/1978/ncdd-197810-version.txt,bf9000afce0815a8a7973f34418c37d69eb4469bdf2b1c2216e3cdd2c125793c,processed/nclimgrid_daily/county_tavg/1978/county_tavg_197810.csv,96317,"nclimgrid-daily_v1-0-0_snap2026-07-30, start: 1951-01, end: 2026-06, status: scaled}",/Users/andrewpark/Desktop/Code/WeatherDerivativePricing,2026-09-02T15:42:54+00:00,Thu May 11 04:14:13 2017,True
tavg,1978-11,scaled,https://www.ncei.noaa.gov/data/nclimgrid-daily/access/averages/1978/tavg-197811-cty-scaled.csv,raw/nclimgrid_daily/averages/1978/tavg-197811-cty-scaled.csv,2026-07-30T03:37:08+00:00,1093490,552cac9d8d69a8b490e430d44de4895131e1ff5a27f1c4ce5ee48753a7c970de,"""10af72-5e789795b4e07""","Wed, 31 Aug 2022 13:28:36 GMT",https://www.ncei.noaa.gov/data/nclimgrid-daily/access/averages/1978/ncdd-197811-version.txt,raw/nclimgrid_daily/version/1978/ncdd-197811-version.txt,130743097e3ca365f45f19fa4debb0ae12f77617d175a6eb061840f6e0225548,processed/nclimgrid_daily/county_tavg/1978/county_tavg_197811.csv,93210,"nclimgrid-daily_v1-0-0_snap2026-07-30, start: 1951-01, end: 2026-06, status: scaled}",/Users/andrewpark/Desktop/Code/WeatherDerivativePricing,2026-09-02T15:42:54+00:00,Thu May 11 04:14:41 2017,True
tavg,1978-12,scaled,https://www.ncei.noaa.gov/data/nclimgrid-daily/access/averages/1978/tavg-197812-cty-scaled.csv,raw/nclimgrid_daily/averages/1978/tavg-197812-cty-scaled.csv,2026-07-30T03:37:09+00:00,1093490,58e73ed208e038c668f6af8cff8179400c419e7afe3639c055af3c35a48440c6,"""10af72-5e7897a9cab8f""","Wed, 31 Aug 2022 13:28:57 GMT",https://www.ncei.noaa.gov/data/nclimgrid-daily/access/averages/1978/ncdd-197812-version.txt,raw/nclimgrid_daily/version/1978/ncdd-197812-version.txt,58f8bf1358d14f21b9a75d3236b7a16c92ec441b1cfe10ae86f3f29aef3e80ad,processed/nclimgrid_daily/county_tavg/1978/county_tavg_197812.csv,96317,"nclimgrid-daily_v1-0-0_snap2026-07-30, start: 1951-01, end: 2026-06, status: scaled}",/Users/andrewpark/Desktop/Code/WeatherDerivativePricing,2026-09-02T15:42:54+00:00,Thu May 11 04:15:11 2017,True
tavg,1979-01,scaled,https://www.ncei.noaa.gov/data/nclimgrid-daily/access/averages/1979/tavg-197901-cty-scaled.csv,raw/nclimgrid_daily/averages/1979/tavg-197901-cty-scaled.csv,2026-07-30T03:37:09+00:00,1093490,69b5fd5d9f4451db9768389c542508789f11e39e5badc14c53d4a4b21c76bf74,"""10af72-5e7897bddc2c6""","Wed, 31 Aug 2022 13:29:18 GMT",https://www.ncei.noaa.gov/data/nclimgrid-daily/access/averages/1979/ncdd-197901-version.txt,raw/nclimgrid_daily/version/1979/ncdd-197901-version.txt,097f4e4057d963d35121938ab8105729134d1c724e97a4883fbdd1a430157de3,processed/nclimgrid_daily/county_tavg/1979/county_tavg_197901.csv,96317,"nclimgrid-daily_v1-0-0_snap2026-07-30, start: 1951-01, end: 2026-06, status: scaled}",/Users/andrewpark/Desktop/Code/WeatherDerivativePricing,2026-09-02T15:42:54+00:00,Thu May 11 14:06:44 2017,True
tavg,1979-02,scaled,https://www.ncei.noaa.gov/data/nclimgrid-daily/access/averages/1979/tavg-197902-cty-scaled.csv,raw/nclimgrid_daily/averages/1979/tavg-197902-cty-scaled.csv,2026-07-30T03:37:10+00:00,1093490,a352e568d7f9402dc03f0937b53c60416ff6cc7d1018bce0fd97fc39c90383c7,"""10af72-5e7897d1cde2e""","Wed, 31 Aug 2022 13:29:39 GMT",https://www.ncei.noaa.gov/data/nclimgrid-daily/access/averages/1979/ncdd-197902-version.txt,raw/nclimgrid_daily/version/1979/ncdd-197902-version.txt,edb324e5ae06f1d81ef58a8f27fc91e542d9224159104d10f9b1623365ebcce4,processed/nclimgrid_daily/county_tavg/1979/county_tavg_197902.csv,86996,"nclimgrid-daily_v1-0-0_snap2026-07-30, start: 1951-01, end: 2026-06, status: scaled}",/Users/andrewpark/Desktop/Code/WeatherDerivativePricing,2026-09-02T15:42:54+00:00,Thu May 11 14:07:12 2017,True
tavg,1979-03,scaled,https://www.ncei.noaa.gov/data/nclimgrid-daily/access/averages/1979/tavg-197903-cty-scaled.csv,raw/nclimgrid_daily/averages/1979/tavg-197903-cty-scaled.csv,2026-07-30T03:37:11+00:00,1093490,97e1966867983a046104d3714756cedc0e5f1f626389971f7c982e58b45e694b,"""10af72-5e7897e515305""","Wed, 31 Aug 2022 13:29:59 GMT",https://www.ncei.noaa.gov/data/nclimgrid-daily/access/averages/1979/ncdd-197903-version.txt,raw/nclimgrid_daily/version/1979/ncdd-197903-version.txt,fdf50089f9118863dde92f66b4d72c4c78dc572a47061dc9c178d93cbae8b795,processed/nclimgrid_daily/county_tavg/1979/county_tavg_197903.csv,96317,"nclimgrid-daily_v1-0-0_snap2026-07-30, start: 1951-01, end: 2026-06, status: scaled}",/Users/andrewpark/Desktop/Code/WeatherDerivativePricing,2026-09-02T15:42:54+00:00,Thu May 11 14:07:45 2017,True
tavg,1979-04,scaled,https://www.ncei.noaa.gov/data/nclimgrid-daily/access/averages/1979/tavg-197904-cty-scaled.csv,raw/nclimgrid_daily/averages/1979/tavg-197904-cty-scaled.csv,2026-07-30T03:37:11+00:00,1093490,b3e89dd5dbe550f3d9f20c567d3a1c0e566b40c8fd7cd7d18373b4a0d1026340,"""10af72-5e7897fa653e4""","Wed, 31 Aug 2022 13:30:21 GMT",https://www.ncei.noaa.gov/data/nclimgrid-daily/access/averages/1979/ncdd-197904-version.txt,raw/nclimgrid_daily/version/1979/ncdd-197904-version.txt,ef45c0c7e2edf7a8740ac5f71866bb117371c13180105ca753a1f9cc011c0bfe,processed/nclimgrid_daily/county_tavg/1979/county_tavg_197904.csv,93210,"nclimgrid-daily_v1-0-0_snap2026-07-30, start: 1951-01, end: 2026-06, status: scaled}",/Users/andrewpark/Desktop/Code/WeatherDerivativePricing,2026-09-02T15:42:54+00:00,Thu May 11 14:08:17 2017,True
tavg,1979-05,scaled,https://www.ncei.noaa.gov/data/nclimgrid-daily/access/averages/1979/tavg-197905-cty-scaled.csv,raw/nclimgrid_daily/averages/1979/tavg-197905-cty-scaled.csv,2026-07-30T03:37:12+00:00,1093490,431062fddac77b45852cde4efae6da9936b8e808f25bc7f93b722c2ecbc711d0,"""10af72-5e78980e0c3fc""","Wed, 31 Aug 2022 13:30:42 GMT",https://www.ncei.noaa.gov/data/nclimgrid-daily/access/averages/1979/ncdd-197905-version.txt,raw/nclimgrid_daily/version/1979/ncdd-197905-version.txt,ecfb9fb7b85b7ebaa2fa460797897b46ec479fdf47305e3ed7c8c641c107df60,processed/nclimgrid_daily/county_tavg/1979/county_tavg_197905.csv,96317,"nclimgrid-daily_v1-0-0_snap2026-07-30, start: 1951-01, end: 2026-06, status: scaled}",/Users/andrewpark/Desktop/Code/WeatherDerivativePricing,2026-09-02T15:42:54+00:00,Thu May 11 14:08:53 2017,True
tavg,1979-06,scaled,https://www.ncei.noaa.gov/data/nclimgrid-daily/access/averages/1979/tavg-197906-cty-scaled.csv,raw/nclimgrid_daily/averages/1979/tavg-197906-cty-scaled.csv,2026-07-30T03:37:12+00:00,1093490,d9913818c52dae60b3ea3e068a3a6bef48e409d23bad2ff17a0cdcb0ea2f351d,"""10af72-5e7898246e3ab""","Wed, 31 Aug 2022 13:31:05 GMT",https://www.ncei.noaa.gov/data/nclimgrid-daily/access/averages/1979/ncdd-197906-version.txt,raw/nclimgrid_daily/version/1979/ncdd-197906-version.txt,f672b88b677b75a9dd98053e4b8bc821eb14f755060972f1a923b9ae606ef0bf,processed/nclimgrid_daily/county_tavg/1979/county_tavg_197906.csv,93210,"nclimgrid-daily_v1-0-0_snap2026-07-30, start: 1951-01, end: 2026-06, status: scaled}",/Users/andrewpark/Desktop/Code/WeatherDerivativePricing,2026-09-02T15:42:54+00:00,Thu May 11 14:09:25 2017,True
tavg,1979-07,scaled,https://www.ncei.noaa.gov/data/nclimgrid-daily/access/averages/1979/tavg-197907-cty-scaled.csv,raw/nclimgrid_daily/averages/1979/tavg-197907-cty-scaled.csv,2026-07-30T03:37:13+00:00,1093490,69de215d5e270c1f40cadf595c1f62a7fd3ac6aca964b145f3f601a412d7713f,"""10af72-5e789839360db""","Wed, 31 Aug 2022 13:31:27 GMT",https://www.ncei.noaa.gov/data/nclimgrid-daily/access/averages/1979/ncdd-197907-version.txt,raw/nclimgrid_daily/version/1979/ncdd-197907-version.txt,bf0e6124fb64956bf351064afd1cd5392b0ca5d6509c65dc763d83f3ed50d3c9,processed/nclimgrid_daily/county_tavg/1979/county_tavg_197907.csv,96317,"nclimgrid-daily_v1-0-0_snap2026-07-30, start: 1951-01, end: 2026-06, status: scaled}",/Users/andrewpark/Desktop/Code/WeatherDerivativePricing,2026-09-02T15:42:54+00:00,Thu May 11 14:09:59 2017,True
tavg,1979-08,scaled,https://www.ncei.noaa.gov/data/nclimgrid-daily/access/averages/1979/tavg-197908-cty-scaled.csv,raw/nclimgrid_daily/averages/1979/tavg-197908-cty-scaled.csv,2026-07-30T03:37:14+00:00,1093490,969fdc30816fb0d1cb1413feb295a68f35f88185e7004f908d0363237724166e,"""10af72-5e78984dec8b2""","Wed, 31 Aug 2022 13:31:49 GMT",https://www.ncei.noaa.gov/data/nclimgrid-daily/access/averages/1979/ncdd-197908-version.txt,raw/nclimgrid_daily/version/1979/ncdd-197908-version.txt,f866c2229ddc99cdecac72ae7dde71953446e1763335070de16a4054afc3c094,processed/nclimgrid_daily/county_tavg/1979/county_tavg_197908.csv,96317,"nclimgrid-daily_v1-0-0_snap2026-07-30, start: 1951-01, end: 2026-06, status: scaled}",/Users/andrewpark/Desktop/Code/WeatherDerivativePricing,2026-09-02T15:42:54+00:00,Thu May 11 14:10:34 2017,True
tavg,1979-09,scaled,https://www.ncei.noaa.gov/data/nclimgrid-daily/access/averages/1979/tavg-197909-cty-scaled.csv,raw/nclimgrid_daily/averages/1979/tavg-197909-cty-scaled.csv,2026-07-30T03:37:14+00:00,1093490,de4be8ce36b645df26aff2b53cebd9472b17782db58ff124d56742ed802eb621,"""10af72-5e78986326de9""","Wed, 31 Aug 2022 13:32:11 GMT",https://www.ncei.noaa.gov/data/nclimgrid-daily/access/averages/1979/ncdd-197909-version.txt,raw/nclimgrid_daily/version/1979/ncdd-197909-version.txt,17b1ca5ecae9113941aaf5f90e511b088e073983bf0cda35124359442739012a,processed/nclimgrid_daily/county_tavg/1979/county_tavg_197909.csv,93210,"nclimgrid-daily_v1-0-0_snap2026-07-30, start: 1951-01, end: 2026-06, status: scaled}",/Users/andrewpark/Desktop/Code/WeatherDerivativePricing,2026-09-02T15:42:54+00:00,Thu May 11 14:11:07 2017,True
tavg,1979-10,scaled,https://www.ncei.noaa.gov/data/nclimgrid-daily/access/averages/1979/tavg-197910-cty-scaled.csv,raw/nclimgrid_daily/averages/1979/tavg-197910-cty-scaled.csv,2026-07-30T03:37:15+00:00,1093490,12506cea8bdf4bb051813171a5b1c33ae6546c376bd48ad5f3c2ca0454be6a6c,"""10af72-5e7898782dae9""","Wed, 31 Aug 2022 13:32:33 GMT",https://www.ncei.noaa.gov/data/nclimgrid-daily/access/averages/1979/ncdd-197910-version.txt,raw/nclimgrid_daily/version/1979/ncdd-197910-version.txt,ac2749f0ed103cff789d6b7538767a3ff082bdcb01661bab39271c9d0aacf6fe,processed/nclimgrid_daily/county_tavg/1979/county_tavg_197910.csv,96317,"nclimgrid-daily_v1-0-0_snap2026-07-30, start: 1951-01, end: 2026-06, status: scaled}",/Users/andrewpark/Desktop/Code/WeatherDerivativePricing,2026-09-02T15:42:54+00:00,Thu May 11 14:11:42 2017,True
tavg,1979-11,scaled,https://www.ncei.noaa.gov/data/nclimgrid-daily/access/averages/1979/tavg-197911-cty-scaled.csv,raw/nclimgrid_daily/averages/1979/tavg-197911-cty-scaled.csv,2026-07-30T03:37:16+00:00,1093490,b47a685a0e0bce5dc6ff34d7a970c0d45a63a8795fd3497c64b84accbdc084a9,"""10af72-5e78988cf4878""","Wed, 31 Aug 2022 13:32:55 GMT",https://www.ncei.noaa.gov/data/nclimgrid-daily/access/averages/1979/ncdd-197911-version.txt,raw/nclimgrid_daily/version/1979/ncdd-197911-version.txt,78e61b40338c8080dcf0566ced076aca93ceb72c0601e32473a969f9312f436a,processed/nclimgrid_daily/county_tavg/1979/county_tavg_197911.csv,93210,"nclimgrid-daily_v1-0-0_snap2026-07-30, start: 1951-01, end: 2026-06, status: scaled}",/Users/andrewpark/Desktop/Code/WeatherDerivativePricing,2026-09-02T15:42:54+00:00,Thu May 11 14:12:16 2017,True
tavg,1979-12,scaled,https://www.ncei.noaa.gov/data/nclimgrid-daily/access/averages/1979/tavg-197912-cty-scaled.csv,raw/nclimgrid_daily/averages/1979/tavg-197912-cty-scaled.csv,2026-07-30T03:37:16+00:00,1093490,79c85d451cabf09aeb155e5e97a4f206099544b66285b97793d7fb546a85be5f,"""10af72-5e7898a578e58""","Wed, 31 Aug 2022 13:33:21 GMT",https://www.ncei.noaa.gov/data/nclimgrid-daily/access/averages/1979/ncdd-197912-version.txt,raw/nclimgrid_daily/version/1979/ncdd-197912-version.txt,e014cf023a1e4b6839720e799dfc48e2c8d892f4fde71ddcbd377509306a9e6c,processed/nclimgrid_daily/county_tavg/1979/county_tavg_197912.csv,96317,"nclimgrid-daily_v1-0-0_snap2026-07-30, start: 1951-01, end: 2026-06, status: scaled}",/Users/andrewpark/Desktop/Code/WeatherDerivativePricing,2026-09-02T15:42:54+00:00,Thu May 11 14:12:49 2017,True
tavg,1980-01,scaled,https://www.ncei.noaa.gov/data/nclimgrid-daily/access/averages/1980/tavg-198001-cty-scaled.csv,raw/nclimgrid_daily/averages/1980/tavg-198001-cty-scaled.csv,2026-07-30T03:37:17+00:00,1093490,e60d10986312d285b4b712596f2156e52fdf1fb94ecc03d9b9e29c5c0a8fc4c0,"""10af72-5e7898bc5dbc7""","Wed, 31 Aug 2022 13:33:45 GMT",https://www.ncei.noaa.gov/data/nclimgrid-daily/access/averages/1980/ncdd-198001-version.txt,raw/nclimgrid_daily/version/1980/ncdd-198001-version.txt,c26bcacd8eebcf8d122cfe8cc8680d90dc707a0593db18c2b4bc4670f538beb8,processed/nclimgrid_daily/county_tavg/1980/county_tavg_198001.csv,96317,"nclimgrid-daily_v1-0-0_snap2026-07-30, start: 1951-01, end: 2026-06, status: scaled}",/Users/andrewpark/Desktop/Code/WeatherDerivativePricing,2026-09-02T15:42:54+00:00,Fri May 12 00:47:27 2017,True
tavg,1980-02,scaled,https://www.ncei.noaa.gov/data/nclimgrid-daily/access/averages/1980/tavg-198002-cty-scaled.csv,raw/nclimgrid_daily/averages/1980/tavg-198002-cty-scaled.csv,2026-07-30T03:37:17+00:00,1093490,05489764518f5049e14effe114829a501e32f705ff974845b0bfd344f756891a,"""10af72-5e7898d2350b6""","Wed, 31 Aug 2022 13:34:07 GMT",https://www.ncei.noaa.gov/data/nclimgrid-daily/access/averages/1980/ncdd-198002-version.txt,raw/nclimgrid_daily/version/1980/ncdd-198002-version.txt,82a5bf48ff498bafdf96e9ca6265c3c38f519fb5c27205056df349b20f50423e,processed/nclimgrid_daily/county_tavg/1980/county_tavg_198002.csv,90103,"nclimgrid-daily_v1-0-0_snap2026-07-30, start: 1951-01, end: 2026-06, status: scaled}",/Users/andrewpark/Desktop/Code/WeatherDerivativePricing,2026-09-02T15:42:54+00:00,Fri May 12 00:47:56 2017,True
tavg,1980-03,scaled,https://www.ncei.noaa.gov/data/nclimgrid-daily/access/averages/1980/tavg-198003-cty-scaled.csv,raw/nclimgrid_daily/averages/1980/tavg-198003-cty-scaled.csv,2026-07-30T03:37:18+00:00,1093490,f0ce1dd720b231d97b56259fd192fe11eb4e5f32c44f970069416246fd322a80,"""10af72-5e7898e6e37a6""","Wed, 31 Aug 2022 13:34:29 GMT",https://www.ncei.noaa.gov/data/nclimgrid-daily/access/averages/1980/ncdd-198003-version.txt,raw/nclimgrid_daily/version/1980/ncdd-198003-version.txt,598fac4d42941cfaca69b7a407095cf25261a826ec3e3fca028b604c13ae897a,processed/nclimgrid_daily/county_tavg/1980/county_tavg_198003.csv,96317,"nclimgrid-daily_v1-0-0_snap2026-07-30, start: 1951-01, end: 2026-06, status: scaled}",/Users/andrewpark/Desktop/Code/WeatherDerivativePricing,2026-09-02T15:42:54+00:00,Fri May 12 00:48:28 2017,True
tavg,1980-04,scaled,https://www.ncei.noaa.gov/data/nclimgrid-daily/access/averages/1980/tavg-198004-cty-scaled.csv,raw/nclimgrid_daily/averages/1980/tavg-198004-cty-scaled.csv,2026-07-30T03:37:19+00:00,1093490,3103de8f927104edcc2fd6a90eeae1fe7d4c6310afe6b14e330a58829912c511,"""10af72-5e7898fcde6e5""","Wed, 31 Aug 2022 13:34:52 GMT",https://www.ncei.noaa.gov/data/nclimgrid-daily/access/averages/1980/ncdd-198004-version.txt,raw/nclimgrid_daily/version/1980/ncdd-198004-version.txt,1add36a6367c9a6bb90ebfb421724c5c1d629fd7c10301f9c8b244d3b09673de,processed/nclimgrid_daily/county_tavg/1980/county_tavg_198004.csv,93210,"nclimgrid-daily_v1-0-0_snap2026-07-30, start: 1951-01, end: 2026-06, status: scaled}",/Users/andrewpark/Desktop/Code/WeatherDerivativePricing,2026-09-02T15:42:54+00:00,Fri May 12 00:48:56 2017,True
tavg,1980-05,scaled,https://www.ncei.noaa.gov/data/nclimgrid-daily/access/averages/1980/tavg-198005-cty-scaled.csv,raw/nclimgrid_daily/averages/1980/tavg-198005-cty-scaled.csv,2026-07-30T03:37:19+00:00,1093490,47cd57bb5803feaa8db89148a325a74799a8429ee92bcb50dfcd0569cfd2041a,"""10af72-5e789910efa35""","Wed, 31 Aug 2022 13:35:13 GMT",https://www.ncei.noaa.gov/data/nclimgrid-daily/access/averages/1980/ncdd-198005-version.txt,raw/nclimgrid_daily/version/1980/ncdd-198005-version.txt,47954555506706109f6f48d037eef69adad097d28d16fd3156abd711d929fdda,processed/nclimgrid_daily/county_tavg/1980/county_tavg_198005.csv,96317,"nclimgrid-daily_v1-0-0_snap2026-07-30, start: 1951-01, end: 2026-06, status: scaled}",/Users/andrewpark/Desktop/Code/WeatherDerivativePricing,2026-09-02T15:42:54+00:00,Fri May 12 00:49:25 2017,True
tavg,1980-06,scaled,https://www.ncei.noaa.gov/data/nclimgrid-daily/access/averages/1980/tavg-198006-cty-scaled.csv,raw/nclimgrid_daily/averages/1980/tavg-198006-cty-scaled.csv,2026-07-30T03:37:20+00:00,1093490,c38a82dfb87297463ca4037028f99bd21aafc08bd24ad0ccd1213988fe09d04f,"""10af72-5e789925b3ccc""","Wed, 31 Aug 2022 13:35:35 GMT",https://www.ncei.noaa.gov/data/nclimgrid-daily/access/averages/1980/ncdd-198006-version.txt,raw/nclimgrid_daily/version/1980/ncdd-198006-version.txt,f3c33dace450cb107e640a3e74302178c768717d6f137fd19708f9144b83430e,processed/nclimgrid_daily/county_tavg/1980/county_tavg_198006.csv,93210,"nclimgrid-daily_v1-0-0_snap2026-07-30, start: 1951-01, end: 2026-06, status: scaled}",/Users/andrewpark/Desktop/Code/WeatherDerivativePricing,2026-09-02T15:42:54+00:00,Fri May 12 00:49:56 2017,True
tavg,1980-07,scaled,https://www.ncei.noaa.gov/data/nclimgrid-daily/access/averages/1980/tavg-198007-cty-scaled.csv,raw/nclimgrid_daily/averages/1980/tavg-198007-cty-scaled.csv,2026-07-30T03:37:20+00:00,1093490,9a04b3c6fa4a245a20a304052d3d63336447064bb0219e8aa2106818c7aa352e,"""10af72-5e78993a3fcf3""","Wed, 31 Aug 2022 13:35:57 GMT",https://www.ncei.noaa.gov/data/nclimgrid-daily/access/averages/1980/ncdd-198007-version.txt,raw/nclimgrid_daily/version/1980/ncdd-198007-version.txt,916cc55f6923b7aaf5370296aa2950bae0e7ec99d63e81555900422d93efd9c6,processed/nclimgrid_daily/county_tavg/1980/county_tavg_198007.csv,96317,"nclimgrid-daily_v1-0-0_snap2026-07-30, start: 1951-01, end: 2026-06, status: scaled}",/Users/andrewpark/Desktop/Code/WeatherDerivativePricing,2026-09-02T15:42:54+00:00,Fri May 12 00:50:27 2017,True
tavg,1980-08,scaled,https://www.ncei.noaa.gov/data/nclimgrid-daily/access/averages/1980/tavg-198008-cty-scaled.csv,raw/nclimgrid_daily/averages/1980/tavg-198008-cty-scaled.csv,2026-07-30T03:37:21+00:00,1093490,3bd3bae91949cf2784c112780022b5d2c5ab3d716e6183c1def6726f35ccc6ba,"""10af72-5e78994e67b8b""","Wed, 31 Aug 2022 13:36:18 GMT",https://www.ncei.noaa.gov/data/nclimgrid-daily/access/averages/1980/ncdd-198008-version.txt,raw/nclimgrid_daily/version/1980/ncdd-198008-version.txt,5ce4f82aed73b241a4a7c33e26ec9b66de15c3975f54c7269b077efa4f397fd0,processed/nclimgrid_daily/county_tavg/1980/county_tavg_198008.csv,96317,"nclimgrid-daily_v1-0-0_snap2026-07-30, start: 1951-01, end: 2026-06, status: scaled}",/Users/andrewpark/Desktop/Code/WeatherDerivativePricing,2026-09-02T15:42:54+00:00,Fri May 12 00:50:58 2017,True
tavg,1980-09,scaled,https://www.ncei.noaa.gov/data/nclimgrid-daily/access/averages/1980/tavg-198009-cty-scaled.csv,raw/nclimgrid_daily/averages/1980/tavg-198009-cty-scaled.csv,2026-07-30T03:37:22+00:00,1093490,2e10e10c0cf3c4ef85acfb0ea35fad8b662a960d67fc4b20eafcc45d4ae30733,"""10af72-5e7899630781a""","Wed, 31 Aug 2022 13:36:39 GMT",https://www.ncei.noaa.gov/data/nclimgrid-daily/access/averages/1980/ncdd-198009-version.txt,raw/nclimgrid_daily/version/1980/ncdd-198009-version.txt,bb3defac4632ea6eb51a2100fe0caa105efc5fba2d0b2832bbb86dd39af44423,processed/nclimgrid_daily/county_tavg/1980/county_tavg_198009.csv,93210,"nclimgrid-daily_v1-0-0_snap2026-07-30, start: 1951-01, end: 2026-06, status: scaled}",/Users/andrewpark/Desktop/Code/WeatherDerivativePricing,2026-09-02T15:42:54+00:00,Fri May 12 00:51:25 2017,True
tavg,1980-10,scaled,https://www.ncei.noaa.gov/data/nclimgrid-daily/access/averages/1980/tavg-198010-cty-scaled.csv,raw/nclimgrid_daily/averages/1980/tavg-198010-cty-scaled.csv,2026-07-30T03:37:22+00:00,1093490,832c60b6c1190ef3be941e1025890f4013663b812af6debc3dc81a8f99ec8081,"""10af72-5e7899794c6f2""","Wed, 31 Aug 2022 13:37:03 GMT",https://www.ncei.noaa.gov/data/nclimgrid-daily/access/averages/1980/ncdd-198010-version.txt,raw/nclimgrid_daily/version/1980/ncdd-198010-version.txt,77c9d090fc3c718242fa761537abfa89991a83bc4e8f3b25303005252d96f000,processed/nclimgrid_daily/county_tavg/1980/county_tavg_198010.csv,96317,"nclimgrid-daily_v1-0-0_snap2026-07-30, start: 1951-01, end: 2026-06, status: scaled}",/Users/andrewpark/Desktop/Code/WeatherDerivativePricing,2026-09-02T15:42:54+00:00,Fri May 12 00:51:53 2017,True
tavg,1980-11,scaled,https://www.ncei.noaa.gov/data/nclimgrid-daily/access/averages/1980/tavg-198011-cty-scaled.csv,raw/nclimgrid_daily/averages/1980/tavg-198011-cty-scaled.csv,2026-07-30T03:37:23+00:00,1093490,83b652b34b643c3d37842ffc399c297aafbb3f0d614d78061f48879c21acd0e3,"""10af72-5e78998f96fa1""","Wed, 31 Aug 2022 13:37:26 GMT",https://www.ncei.noaa.gov/data/nclimgrid-daily/access/averages/1980/ncdd-198011-version.txt,raw/nclimgrid_daily/version/1980/ncdd-198011-version.txt,b506cb05ca53fdcab30502b82d8b1009a075e5c249b6e6ad4157b5e5d8b67cd2,processed/nclimgrid_daily/county_tavg/1980/county_tavg_198011.csv,93210,"nclimgrid-daily_v1-0-0_snap2026-07-30, start: 1951-01, end: 2026-06, status: scaled}",/Users/andrewpark/Desktop/Code/WeatherDerivativePricing,2026-09-02T15:42:54+00:00,Fri May 12 00:52:21 2017,True
tavg,1980-12,scaled,https://www.ncei.noaa.gov/data/nclimgrid-daily/access/averages/1980/tavg-198012-cty-scaled.csv,raw/nclimgrid_daily/averages/1980/tavg-198012-cty-scaled.csv,2026-07-30T03:37:24+00:00,1093490,1061ffe13bfcf9c4ff95cd3eec76c572980778473681b708f583b14f0a038657,"""10af72-5e7899a4dd440""","Wed, 31 Aug 2022 13:37:48 GMT",https://www.ncei.noaa.gov/data/nclimgrid-daily/access/averages/1980/ncdd-198012-version.txt,raw/nclimgrid_daily/version/1980/ncdd-198012-version.txt,cbdd4d6652c667b31e6c6ee5e02cf5509cd2f8956da9dec6a940959e00ae3bcd,processed/nclimgrid_daily/county_tavg/1980/county_tavg_198012.csv,96317,"nclimgrid-daily_v1-0-0_snap2026-07-30, start: 1951-01, end: 2026-06, status: scaled}",/Users/andrewpark/Desktop/Code/WeatherDerivativePricing,2026-09-02T15:42:54+00:00,Fri May 12 00:52:51 2017,True
tavg,1981-01,scaled,https://www.ncei.noaa.gov/data/nclimgrid-daily/access/averages/1981/tavg-198101-cty-scaled.csv,raw/nclimgrid_daily/averages/1981/tavg-198101-cty-scaled.csv,2026-07-30T03:37:24+00:00,1093490,f129ee3e94389c91c816c8aa88b1c7dd40b07d180eb219bba2260e33a246352e,"""10af72-5e7899b9c8bc0""","Wed, 31 Aug 2022 13:38:10 GMT",https://www.ncei.noaa.gov/data/nclimgrid-daily/access/averages/1981/ncdd-198101-version.txt,raw/nclimgrid_daily/version/1981/ncdd-198101-version.txt,270cb3a313224a428ba71ce4b49911a2f4ab6356269ab629d3c75fea439e8e3b,processed/nclimgrid_daily/county_tavg/1981/county_tavg_198101.csv,96317,"nclimgrid-daily_v1-0-0_snap2026-07-30, start: 1951-01, end: 2026-06, status: scaled}",/Users/andrewpark/Desktop/Code/WeatherDerivativePricing,2026-09-02T15:42:54+00:00,Fri Mar 24 18:30:35 2017,True
tavg,1981-02,scaled,https://www.ncei.noaa.gov/data/nclimgrid-daily/access/averages/1981/tavg-198102-cty-scaled.csv,raw/nclimgrid_daily/averages/1981/tavg-198102-cty-scaled.csv,2026-07-30T03:37:25+00:00,1093490,9ade8c8546c3efa359d00cffbf4a701d6eebd1f8423f80a5283a1f9f62784158,"""10af72-5e7899cfda25f""","Wed, 31 Aug 2022 13:38:33 GMT",https://www.ncei.noaa.gov/data/nclimgrid-daily/access/averages/1981/ncdd-198102-version.txt,raw/nclimgrid_daily/version/1981/ncdd-198102-version.txt,2c33a0bc6eb179a16fea54075a25c75b5a902f457cc3df3fed70337e162426ab,processed/nclimgrid_daily/county_tavg/1981/county_tavg_198102.csv,86996,"nclimgrid-daily_v1-0-0_snap2026-07-30, start: 1951-01, end: 2026-06, status: scaled}",/Users/andrewpark/Desktop/Code/WeatherDerivativePricing,2026-09-02T15:42:54+00:00,Fri Mar 24 18:31:02 2017,True
tavg,1981-03,scaled,https://www.ncei.noaa.gov/data/nclimgrid-daily/access/averages/1981/tavg-198103-cty-scaled.csv,raw/nclimgrid_daily/averages/1981/tavg-198103-cty-scaled.csv,2026-07-30T03:37:25+00:00,1093490,0fca992d302eaea3801faf1d0f04209616eb6fb608e50ac4a3c945f9c10855c3,"""10af72-5e7899e62a4e7""","Wed, 31 Aug 2022 13:38:57 GMT",https://www.ncei.noaa.gov/data/nclimgrid-daily/access/averages/1981/ncdd-198103-version.txt,raw/nclimgrid_daily/version/1981/ncdd-198103-version.txt,7d718fe2e9af655c1b62d109195cd7ee9277d41dfa51381796721db104039d6f,processed/nclimgrid_daily/county_tavg/1981/county_tavg_198103.csv,96317,"nclimgrid-daily_v1-0-0_snap2026-07-30, start: 1951-01, end: 2026-06, status: scaled}",/Users/andrewpark/Desktop/Code/WeatherDerivativePricing,2026-09-02T15:42:54+00:00,Fri Mar 24 18:31:31 2017,True
tavg,1981-04,scaled,https://www.ncei.noaa.gov/data/nclimgrid-daily/access/averages/1981/tavg-198104-cty-scaled.csv,raw/nclimgrid_daily/averages/1981/tavg-198104-cty-scaled.csv,2026-07-30T03:37:26+00:00,1093490,7fd91f5fce6e81b24f71c4941e2b73bf2e36575b21a57d6662628c2227a2419b,"""10af72-5e7899fbbd02e""","Wed, 31 Aug 2022 13:39:19 GMT",https://www.ncei.noaa.gov/data/nclimgrid-daily/access/averages/1981/ncdd-198104-version.txt,raw/nclimgrid_daily/version/1981/ncdd-198104-version.txt,15a42825a453eaa4a88b41c901e565eeea9991099d79a3edc2aa8e17620a165a,processed/nclimgrid_daily/county_tavg/1981/county_tavg_198104.csv,93210,"nclimgrid-daily_v1-0-0_snap2026-07-30, start: 1951-01, end: 2026-06, status: scaled}",/Users/andrewpark/Desktop/Code/WeatherDerivativePricing,2026-09-02T15:42:54+00:00,Fri Mar 24 18:31:57 2017,True
tavg,1981-05,scaled,https://www.ncei.noaa.gov/data/nclimgrid-daily/access/averages/1981/tavg-198105-cty-scaled.csv,raw/nclimgrid_daily/averages/1981/tavg-198105-cty-scaled.csv,2026-07-30T03:37:27+00:00,1093490,e5919a5adc58254a3a8a61c8f11eef7564b0f05018df0cb8abb1a80acb65a6ca,"""10af72-5e789a104e25d""","Wed, 31 Aug 2022 13:39:41 GMT",https://www.ncei.noaa.gov/data/nclimgrid-daily/access/averages/1981/ncdd-198105-version.txt,raw/nclimgrid_daily/version/1981/ncdd-198105-version.txt,c3ba6e130657d9870227f65f9b973d1fde9ea2332a316b6c22787cf12c935a48,processed/nclimgrid_daily/county_tavg/1981/county_tavg_198105.csv,96317,"nclimgrid-daily_v1-0-0_snap2026-07-30, start: 1951-01, end: 2026-06, status: scaled}",/Users/andrewpark/Desktop/Code/WeatherDerivativePricing,2026-09-02T15:42:54+00:00,Fri Mar 24 18:32:25 2017,True
tavg,1981-06,scaled,https://www.ncei.noaa.gov/data/nclimgrid-daily/access/averages/1981/tavg-198106-cty-scaled.csv,raw/nclimgrid_daily/averages/1981/tavg-198106-cty-scaled.csv,2026-07-30T03:37:27+00:00,1093490,17f93dd078fa615ec6cca54f49f320b8b072851a320aef9154f82bf8fe1f1723,"""10af72-5e789a273c055""","Wed, 31 Aug 2022 13:40:05 GMT",https://www.ncei.noaa.gov/data/nclimgrid-daily/access/averages/1981/ncdd-198106-version.txt,raw/nclimgrid_daily/version/1981/ncdd-198106-version.txt,4e26580327775014e0e5c04ac6b861235ac42993a94b0f480599b4914631ab8e,processed/nclimgrid_daily/county_tavg/1981/county_tavg_198106.csv,93210,"nclimgrid-daily_v1-0-0_snap2026-07-30, start: 1951-01, end: 2026-06, status: scaled}",/Users/andrewpark/Desktop/Code/WeatherDerivativePricing,2026-09-02T15:42:54+00:00,Fri Mar 24 18:32:52 2017,True
tavg,1981-07,scaled,https://www.ncei.noaa.gov/data/nclimgrid-daily/access/averages/1981/tavg-198107-cty-scaled.csv,raw/nclimgrid_daily/averages/1981/tavg-198107-cty-scaled.csv,2026-07-30T03:37:28+00:00,1093490,6fa8fb1e69c5c79b63f2d22c316d2798ccb6fe5cc98dc028b1da3bf868632f28,"""10af72-5e789a429a1fc""","Wed, 31 Aug 2022 13:40:34 GMT",https://www.ncei.noaa.gov/data/nclimgrid-daily/access/averages/1981/ncdd-198107-version.txt,raw/nclimgrid_daily/version/1981/ncdd-198107-version.txt,c6ebd91586ce10374ebe5bbf1d052961a67bb8cf5f6479b59a45c201d81b6013,processed/nclimgrid_daily/county_tavg/1981/county_tavg_198107.csv,96317,"nclimgrid-daily_v1-0-0_snap2026-07-30, start: 1951-01, end: 2026-06, status: scaled}",/Users/andrewpark/Desktop/Code/WeatherDerivativePricing,2026-09-02T15:42:54+00:00,Fri Mar 24 18:33:18 2017,True
tavg,1981-08,scaled,https://www.ncei.noaa.gov/data/nclimgrid-daily/access/averages/1981/tavg-198108-cty-scaled.csv,raw/nclimgrid_daily/averages/1981/tavg-198108-cty-scaled.csv,2026-07-30T03:37:28+00:00,1093490,cde3afc01c899ea992fdcaa163b1439f9d7d2ae16e095e84eb67df9c73863c4d,"""10af72-5e789a5b3958b""","Wed, 31 Aug 2022 13:41:00 GMT",https://www.ncei.noaa.gov/data/nclimgrid-daily/access/averages/1981/ncdd-198108-version.txt,raw/nclimgrid_daily/version/1981/ncdd-198108-version.txt,5a94c4be042eff8c57c8d9a44de8c875bd794b9fe5370eece15ae83a404e36e9,processed/nclimgrid_daily/county_tavg/1981/county_tavg_198108.csv,96317,"nclimgrid-daily_v1-0-0_snap2026-07-30, start: 1951-01, end: 2026-06, status: scaled}",/Users/andrewpark/Desktop/Code/WeatherDerivativePricing,2026-09-02T15:42:54+00:00,Fri Mar 24 18:33:48 2017,True
tavg,1981-09,scaled,https://www.ncei.noaa.gov/data/nclimgrid-daily/access/averages/1981/tavg-198109-cty-scaled.csv,raw/nclimgrid_daily/averages/1981/tavg-198109-cty-scaled.csv,2026-07-30T03:37:29+00:00,1093490,682dd0280daca7681eb912db33ffc191f85e091fb174e7bce983e875a039265e,"""10af72-5e789a7287693""","Wed, 31 Aug 2022 13:41:24 GMT",https://www.ncei.noaa.gov/data/nclimgrid-daily/access/averages/1981/ncdd-198109-version.txt,raw/nclimgrid_daily/version/1981/ncdd-198109-version.txt,d45ea72884c0ca7886946231ce5c6332d65cb7dada24c3e60cf723cfe9cc3b66,processed/nclimgrid_daily/county_tavg/1981/county_tavg_198109.csv,93210,"nclimgrid-daily_v1-0-0_snap2026-07-30, start: 1951-01, end: 2026-06, status: scaled}",/Users/andrewpark/Desktop/Code/WeatherDerivativePricing,2026-09-02T15:42:54+00:00,Fri Mar 24 18:34:11 2017,True
tavg,1981-10,scaled,https://www.ncei.noaa.gov/data/nclimgrid-daily/access/averages/1981/tavg-198110-cty-scaled.csv,raw/nclimgrid_daily/averages/1981/tavg-198110-cty-scaled.csv,2026-07-30T03:37:30+00:00,1093490,779eff7746dab98ffcf3904102dd5fa85cf551683f61e3de57fa72319fc35b52,"""10af72-5e789a890ccaa""","Wed, 31 Aug 2022 13:41:48 GMT",https://www.ncei.noaa.gov/data/nclimgrid-daily/access/averages/1981/ncdd-198110-version.txt,raw/nclimgrid_daily/version/1981/ncdd-198110-version.txt,eb010a08131b38b47a2c4c59da1dbc230dbdd292eb3d3c4371a65f701d76a6d4,processed/nclimgrid_daily/county_tavg/1981/county_tavg_198110.csv,96317,"nclimgrid-daily_v1-0-0_snap2026-07-30, start: 1951-01, end: 2026-06, status: scaled}",/Users/andrewpark/Desktop/Code/WeatherDerivativePricing,2026-09-02T15:42:54+00:00,Fri Mar 24 18:34:35 2017,True
tavg,1981-11,scaled,https://www.ncei.noaa.gov/data/nclimgrid-daily/access/averages/1981/tavg-198111-cty-scaled.csv,raw/nclimgrid_daily/averages/1981/tavg-198111-cty-scaled.csv,2026-07-30T03:37:30+00:00,1093490,8aefb6c4609029db5f25610a2dfe9403dd9e09c265bb231a1548b52817e23607,"""10af72-5e789a9e2a8d9""","Wed, 31 Aug 2022 13:42:10 GMT",https://www.ncei.noaa.gov/data/nclimgrid-daily/access/averages/1981/ncdd-198111-version.txt,raw/nclimgrid_daily/version/1981/ncdd-198111-version.txt,2e8b92ce68081e062bdd99ef8ce3e07ad07819791fb534a1dc6d83018927445a,processed/nclimgrid_daily/county_tavg/1981/county_tavg_198111.csv,93210,"nclimgrid-daily_v1-0-0_snap2026-07-30, start: 1951-01, end: 2026-06, status: scaled}",/Users/andrewpark/Desktop/Code/WeatherDerivativePricing,2026-09-02T15:42:54+00:00,Fri Mar 24 18:34:58 2017,True
tavg,1981-12,scaled,https://www.ncei.noaa.gov/data/nclimgrid-daily/access/averages/1981/tavg-198112-cty-scaled.csv,raw/nclimgrid_daily/averages/1981/tavg-198112-cty-scaled.csv,2026-07-30T03:37:31+00:00,1093490,da23dcb8def6c087b6a74181f7888061e120a5f877acf946fd7b1b099f4a926f,"""10af72-5e789ab5952e9""","Wed, 31 Aug 2022 13:42:34 GMT",https://www.ncei.noaa.gov/data/nclimgrid-daily/access/averages/1981/ncdd-198112-version.txt,raw/nclimgrid_daily/version/1981/ncdd-198112-version.txt,d071370b7933664d4a4aa3b02dc403d4bf63de727e7ca7a92682c472f11f3530,processed/nclimgrid_daily/county_tavg/1981/county_tavg_198112.csv,96317,"nclimgrid-daily_v1-0-0_snap2026-07-30, start: 1951-01, end: 2026-06, status: scaled}",/Users/andrewpark/Desktop/Code/WeatherDerivativePricing,2026-09-02T15:42:54+00:00,Fri Mar 24 18:35:22 2017,True
tavg,1982-01,scaled,https://www.ncei.noaa.gov/data/nclimgrid-daily/access/averages/1982/tavg-198201-cty-scaled.csv,raw/nclimgrid_daily/averages/1982/tavg-198201-cty-scaled.csv,2026-07-30T03:37:31+00:00,1093490,d09bb9173a2fdb35a551dae35f622b862b39097c650252f78b674d184b535ece,"""10af72-5e789ad76b890""","Wed, 31 Aug 2022 13:43:10 GMT",https://www.ncei.noaa.gov/data/nclimgrid-daily/access/averages/1982/ncdd-198201-version.txt,raw/nclimgrid_daily/version/1982/ncdd-198201-version.txt,e82d214f66a9452157d1acfa749982b70b6593e8d817f0ca658a8bc5017d4c08,processed/nclimgrid_daily/county_tavg/1982/county_tavg_198201.csv,96317,"nclimgrid-daily_v1-0-0_snap2026-07-30, start: 1951-01, end: 2026-06, status: scaled}",/Users/andrewpark/Desktop/Code/WeatherDerivativePricing,2026-09-02T15:42:54+00:00,Fri Mar 24 18:36:16 2017,True
tavg,1982-02,scaled,https://www.ncei.noaa.gov/data/nclimgrid-daily/access/averages/1982/tavg-198202-cty-scaled.csv,raw/nclimgrid_daily/averages/1982/tavg-198202-cty-scaled.csv,2026-07-30T03:37:32+00:00,1093490,d7d3ae50b7cc0de97c3c060b9edb280302bde7efabfaa35c114cee3c16b6b317,"""10af72-5e789af2e3c2f""","Wed, 31 Aug 2022 13:43:39 GMT",https://www.ncei.noaa.gov/data/nclimgrid-daily/access/averages/1982/ncdd-198202-version.txt,raw/nclimgrid_daily/version/1982/ncdd-198202-version.txt,78d06a53db0af6ff80f91153eff4462d93d23b5b28d28ecf72fc955acbdbed20,processed/nclimgrid_daily/county_tavg/1982/county_tavg_198202.csv,86996,"nclimgrid-daily_v1-0-0_snap2026-07-30, start: 1951-01, end: 2026-06, status: scaled}",/Users/andrewpark/Desktop/Code/WeatherDerivativePricing,2026-09-02T15:42:54+00:00,Fri Mar 24 18:36:44 2017,True
tavg,1982-03,scaled,https://www.ncei.noaa.gov/data/nclimgrid-daily/access/averages/1982/tavg-198203-cty-scaled.csv,raw/nclimgrid_daily/averages/1982/tavg-198203-cty-scaled.csv,2026-07-30T03:37:34+00:00,1093490,b76d931f2797da4880923143eb6a3a4bd20566aef56680003f224bc40c106052,"""10af72-5e789b0fbfb36""","Wed, 31 Aug 2022 13:44:09 GMT",https://www.ncei.noaa.gov/data/nclimgrid-daily/access/averages/1982/ncdd-198203-version.txt,raw/nclimgrid_daily/version/1982/ncdd-198203-version.txt,bd46a1e4c336cbe0b33e2336e5812837bbe190bd0a633efe64fb81ec77beeec9,processed/nclimgrid_daily/county_tavg/1982/county_tavg_198203.csv,96317,"nclimgrid-daily_v1-0-0_snap2026-07-30, start: 1951-01, end: 2026-06, status: scaled}",/Users/andrewpark/Desktop/Code/WeatherDerivativePricing,2026-09-02T15:42:54+00:00,Fri Mar 24 18:37:13 2017,True
tavg,1982-04,scaled,https://www.ncei.noaa.gov/data/nclimgrid-daily/access/averages/1982/tavg-198204-cty-scaled.csv,raw/nclimgrid_daily/averages/1982/tavg-198204-cty-scaled.csv,2026-07-30T03:37:34+00:00,1093490,11b7194e9f1e394dbab48b50586e9a94feb32d4c6cea2a82a4eed0c0417f00a7,"""10af72-5e789b26de66e""","Wed, 31 Aug 2022 13:44:33 GMT",https://www.ncei.noaa.gov/data/nclimgrid-daily/access/averages/1982/ncdd-198204-version.txt,raw/nclimgrid_daily/version/1982/ncdd-198204-version.txt,4d35955d0bb287444b315d46b0ef95384d00fe1d68c8c7464fc5365bb9908a9e,processed/nclimgrid_daily/county_tavg/1982/county_tavg_198204.csv,93210,"nclimgrid-daily_v1-0-0_snap2026-07-30, start: 1951-01, end: 2026-06, status: scaled}",/Users/andrewpark/Desktop/Code/WeatherDerivativePricing,2026-09-02T15:42:54+00:00,Fri Mar 24 18:37:40 2017,True
tavg,1982-05,scaled,https://www.ncei.noaa.gov/data/nclimgrid-daily/access/averages/1982/tavg-198205-cty-scaled.csv,raw/nclimgrid_daily/averages/1982/tavg-198205-cty-scaled.csv,2026-07-30T03:37:35+00:00,1093490,760e8d92f77c2cd48252e7c66100feef9bb7bae0ea6d9b4f38b0977b2a624389,"""10af72-5e789b3e4cefd""","Wed, 31 Aug 2022 13:44:58 GMT",https://www.ncei.noaa.gov/data/nclimgrid-daily/access/averages/1982/ncdd-198205-version.txt,raw/nclimgrid_daily/version/1982/ncdd-198205-version.txt,5c62a64984ac07f1d67496491cab688f4607c7c6edc176457afb04d3b6a0e21e,processed/nclimgrid_daily/county_tavg/1982/county_tavg_198205.csv,96317,"nclimgrid-daily_v1-0-0_snap2026-07-30, start: 1951-01, end: 2026-06, status: scaled}",/Users/andrewpark/Desktop/Code/WeatherDerivativePricing,2026-09-02T15:42:54+00:00,Fri Mar 24 18:38:10 2017,True
tavg,1982-06,scaled,https://www.ncei.noaa.gov/data/nclimgrid-daily/access/averages/1982/tavg-198206-cty-scaled.csv,raw/nclimgrid_daily/averages/1982/tavg-198206-cty-scaled.csv,2026-07-30T03:37:35+00:00,1093490,4b64665cdf2f5fb75665ea2e65a6f635f68c232778e09af9be84c5c17066a8da,"""10af72-5e789b5801424""","Wed, 31 Aug 2022 13:45:25 GMT",https://www.ncei.noaa.gov/data/nclimgrid-daily/access/averages/1982/ncdd-198206-version.txt,raw/nclimgrid_daily/version/1982/ncdd-198206-version.txt,02b34e9bf53f92f32d2766ec4e5a1680255b5cc6197df7e43bd49172477e7ffa,processed/nclimgrid_daily/county_tavg/1982/county_tavg_198206.csv,93210,"nclimgrid-daily_v1-0-0_snap2026-07-30, start: 1951-01, end: 2026-06, status: scaled}",/Users/andrewpark/Desktop/Code/WeatherDerivativePricing,2026-09-02T15:42:54+00:00,Fri Mar 24 18:38:39 2017,True
tavg,1982-07,scaled,https://www.ncei.noaa.gov/data/nclimgrid-daily/access/averages/1982/tavg-198207-cty-scaled.csv,raw/nclimgrid_daily/averages/1982/tavg-198207-cty-scaled.csv,2026-07-30T03:37:36+00:00,1093490,c9199c815453b91fcab41fc47023fbfe88840cf2b53d158489a1527da2fb0a62,"""10af72-5e789b6de6ba3""","Wed, 31 Aug 2022 13:45:48 GMT",https://www.ncei.noaa.gov/data/nclimgrid-daily/access/averages/1982/ncdd-198207-version.txt,raw/nclimgrid_daily/version/1982/ncdd-198207-version.txt,793acf889c4979e8ff31e8827b7eda2ec6263da739dd4f7219e708414077a60a,processed/nclimgrid_daily/county_tavg/1982/county_tavg_198207.csv,96317,"nclimgrid-daily_v1-0-0_snap2026-07-30, start: 1951-01, end: 2026-06, status: scaled}",/Users/andrewpark/Desktop/Code/WeatherDerivativePricing,2026-09-02T15:42:54+00:00,Fri Mar 24 18:39:08 2017,True
tavg,1982-08,scaled,https://www.ncei.noaa.gov/data/nclimgrid-daily/access/averages/1982/tavg-198208-cty-scaled.csv,raw/nclimgrid_daily/averages/1982/tavg-198208-cty-scaled.csv,2026-07-30T03:37:36+00:00,1093490,43d50b10917f307dfd90823e9bfe1aa5270fc93d663353098baee41e4ec7df26,"""10af72-5e789b8289afb""","Wed, 31 Aug 2022 13:46:09 GMT",https://www.ncei.noaa.gov/data/nclimgrid-daily/access/averages/1982/ncdd-198208-version.txt,raw/nclimgrid_daily/version/1982/ncdd-198208-version.txt,8810c78458f24e703d3277a252dd6e3baaf6cda0679a3a634d623f2d9031e651,processed/nclimgrid_daily/county_tavg/1982/county_tavg_198208.csv,96317,"nclimgrid-daily_v1-0-0_snap2026-07-30, start: 1951-01, end: 2026-06, status: scaled}",/Users/andrewpark/Desktop/Code/WeatherDerivativePricing,2026-09-02T15:42:54+00:00,Fri Mar 24 18:39:36 2017,True
tavg,1982-09,scaled,https://www.ncei.noaa.gov/data/nclimgrid-daily/access/averages/1982/tavg-198209-cty-scaled.csv,raw/nclimgrid_daily/averages/1982/tavg-198209-cty-scaled.csv,2026-07-30T03:37:37+00:00,1093490,b37dbb9c9c2f5c398408778e5b302a40e6594a0f7693a0d8793dda946d16f114,"""10af72-5e789b9710d02""","Wed, 31 Aug 2022 13:46:31 GMT",https://www.ncei.noaa.gov/data/nclimgrid-daily/access/averages/1982/ncdd-198209-version.txt,raw/nclimgrid_daily/version/1982/ncdd-198209-version.txt,a9403f0f0eb2c4236d9a479a109ddd2102a8fb44b4f4f3c45c6f2e7d5a688f5c,processed/nclimgrid_daily/county_tavg/1982/county_tavg_198209.csv,93210,"nclimgrid-daily_v1-0-0_snap2026-07-30, start: 1951-01, end: 2026-06, status: scaled}",/Users/andrewpark/Desktop/Code/WeatherDerivativePricing,2026-09-02T15:42:54+00:00,Fri Mar 24 18:40:04 2017,True
tavg,1982-10,scaled,https://www.ncei.noaa.gov/data/nclimgrid-daily/access/averages/1982/tavg-198210-cty-scaled.csv,raw/nclimgrid_daily/averages/1982/tavg-198210-cty-scaled.csv,2026-07-30T03:37:38+00:00,1093490,360347dc55fce4dbb14323cef7c209a2b5e6672e2987011b3beff4c9479625ac,"""10af72-5e789bab83eba""","Wed, 31 Aug 2022 13:46:52 GMT",https://www.ncei.noaa.gov/data/nclimgrid-daily/access/averages/1982/ncdd-198210-version.txt,raw/nclimgrid_daily/version/1982/ncdd-198210-version.txt,1405f95c933c12d70781cafb960c5a26053ef111c878755b2478a09fcfdabeb5,processed/nclimgrid_daily/county_tavg/1982/county_tavg_198210.csv,96317,"nclimgrid-daily_v1-0-0_snap2026-07-30, start: 1951-01, end: 2026-06, status: scaled}",/Users/andrewpark/Desktop/Code/WeatherDerivativePricing,2026-09-02T15:42:54+00:00,Fri Mar 24 18:40:34 2017,True
tavg,1982-11,scaled,https://www.ncei.noaa.gov/data/nclimgrid-daily/access/averages/1982/tavg-198211-cty-scaled.csv,raw/nclimgrid_daily/averages/1982/tavg-198211-cty-scaled.csv,2026-07-30T03:37:38+00:00,1093490,61b1c7a07f95f846da4dd38fbb66ab9bf594b2f9b10446393579f813214635e5,"""10af72-5e789bc076781""","Wed, 31 Aug 2022 13:47:14 GMT",https://www.ncei.noaa.gov/data/nclimgrid-daily/access/averages/1982/ncdd-198211-version.txt,raw/nclimgrid_daily/version/1982/ncdd-198211-version.txt,a206adf33f18825eb0b9d625db9381417880eff3195ed72ada93506b635de490,processed/nclimgrid_daily/county_tavg/1982/county_tavg_198211.csv,93210,"nclimgrid-daily_v1-0-0_snap2026-07-30, start: 1951-01, end: 2026-06, status: scaled}",/Users/andrewpark/Desktop/Code/WeatherDerivativePricing,2026-09-02T15:42:54+00:00,Fri Mar 24 18:41:03 2017,True
tavg,1982-12,scaled,https://www.ncei.noaa.gov/data/nclimgrid-daily/access/averages/1982/tavg-198212-cty-scaled.csv,raw/nclimgrid_daily/averages/1982/tavg-198212-cty-scaled.csv,2026-07-30T03:37:39+00:00,1093490,d0930a0a3c59f94a3e150809f1f73ebb832a5f0684e1b13b129094106d9509f5,"""10af72-5e789bd4cc091""","Wed, 31 Aug 2022 13:47:36 GMT",https://www.ncei.noaa.gov/data/nclimgrid-daily/access/averages/1982/ncdd-198212-version.txt,raw/nclimgrid_daily/version/1982/ncdd-198212-version.txt,167d15216ae06e5406897638b311fc54580cccc6cd9314f1b6dcaeaf33ea2998,processed/nclimgrid_daily/county_tavg/1982/county_tavg_198212.csv,96317,"nclimgrid-daily_v1-0-0_snap2026-07-30, start: 1951-01, end: 2026-06, status: scaled}",/Users/andrewpark/Desktop/Code/WeatherDerivativePricing,2026-09-02T15:42:54+00:00,Fri Mar 24 18:41:31 2017,True
tavg,1983-01,scaled,https://www.ncei.noaa.gov/data/nclimgrid-daily/access/averages/1983/tavg-198301-cty-scaled.csv,raw/nclimgrid_daily/averages/1983/tavg-198301-cty-scaled.csv,2026-07-30T03:37:40+00:00,1093490,fbe9a4c9bd2f6f48e01de32762fd7c230c7b7f0427cee3a50fbcd6a235d106c4,"""10af72-5e789be8d9560""","Wed, 31 Aug 2022 13:47:57 GMT",https://www.ncei.noaa.gov/data/nclimgrid-daily/access/averages/1983/ncdd-198301-version.txt,raw/nclimgrid_daily/version/1983/ncdd-198301-version.txt,d902da0ac9937854314e31e1ebacfebff4acd46e1dbf394366b871f86edf2665,processed/nclimgrid_daily/county_tavg/1983/county_tavg_198301.csv,96317,"nclimgrid-daily_v1-0-0_snap2026-07-30, start: 1951-01, end: 2026-06, status: scaled}",/Users/andrewpark/Desktop/Code/WeatherDerivativePricing,2026-09-02T15:42:54+00:00,Fri Mar 24 18:42:33 2017,True
tavg,1983-02,scaled,https://www.ncei.noaa.gov/data/nclimgrid-daily/access/averages/1983/tavg-198302-cty-scaled.csv,raw/nclimgrid_daily/averages/1983/tavg-198302-cty-scaled.csv,2026-07-30T03:37:40+00:00,1093490,5a196078a7c5eb6bc97a93d7aa40b0b6e55bfd2a9fa4fefc7e061333f56de90b,"""10af72-5e789bfdf36f7""","Wed, 31 Aug 2022 13:48:19 GMT",https://www.ncei.noaa.gov/data/nclimgrid-daily/access/averages/1983/ncdd-198302-version.txt,raw/nclimgrid_daily/version/1983/ncdd-198302-version.txt,1012b8c779bed98b3d93b0f87506eb2fab3b2b3fe0dbf32dd7b31a65cbbd2858,processed/nclimgrid_daily/county_tavg/1983/county_tavg_198302.csv,86996,"nclimgrid-daily_v1-0-0_snap2026-07-30, start: 1951-01, end: 2026-06, status: scaled}",/Users/andrewpark/Desktop/Code/WeatherDerivativePricing,2026-09-02T15:42:54+00:00,Fri Mar 24 18:42:59 2017,True
tavg,1983-03,scaled,https://www.ncei.noaa.gov/data/nclimgrid-daily/access/averages/1983/tavg-198303-cty-scaled.csv,raw/nclimgrid_daily/averages/1983/tavg-198303-cty-scaled.csv,2026-07-30T03:37:41+00:00,1093490,fd174a8b523a96d97d0b5bf7110a65b04181336be749e67fb5db096bf6078841,"""10af72-5e789c12ee877""","Wed, 31 Aug 2022 13:48:41 GMT",https://www.ncei.noaa.gov/data/nclimgrid-daily/access/averages/1983/ncdd-198303-version.txt,raw/nclimgrid_daily/version/1983/ncdd-198303-version.txt,45e857d0129004929e996d04cd4f9d042a5845100e5545b908728ac312fd3343,processed/nclimgrid_daily/county_tavg/1983/county_tavg_198303.csv,96317,"nclimgrid-daily_v1-0-0_snap2026-07-30, start: 1951-01, end: 2026-06, status: scaled}",/Users/andrewpark/Desktop/Code/WeatherDerivativePricing,2026-09-02T15:42:54+00:00,Fri Mar 24 18:43:28 2017,True
tavg,1983-04,scaled,https://www.ncei.noaa.gov/data/nclimgrid-daily/access/averages/1983/tavg-198304-cty-scaled.csv,raw/nclimgrid_daily/averages/1983/tavg-198304-cty-scaled.csv,2026-07-30T03:37:42+00:00,1093490,413b9083d83fce0f93ec4cdbed45771be50fc6e87b1ee65987e9df3919bf57f7,"""10af72-5e789c278c1de""","Wed, 31 Aug 2022 13:49:02 GMT",https://www.ncei.noaa.gov/data/nclimgrid-daily/access/averages/1983/ncdd-198304-version.txt,raw/nclimgrid_daily/version/1983/ncdd-198304-version.txt,f7388c606e697aef437ee6add47c628adedb74224593aebdb1c7511de49ea3ec,processed/nclimgrid_daily/county_tavg/1983/county_tavg_198304.csv,93210,"nclimgrid-daily_v1-0-0_snap2026-07-30, start: 1951-01, end: 2026-06, status: scaled}",/Users/andrewpark/Desktop/Code/WeatherDerivativePricing,2026-09-02T15:42:54+00:00,Fri Mar 24 18:43:55 2017,True
tavg,1983-05,scaled,https://www.ncei.noaa.gov/data/nclimgrid-daily/access/averages/1983/tavg-198305-cty-scaled.csv,raw/nclimgrid_daily/averages/1983/tavg-198305-cty-scaled.csv,2026-07-30T03:37:42+00:00,1093490,532245bdc99a08f091089ab7e8745e4dbf02efd6275ba1abd5e1e84c9aa46d6b,"""10af72-5e789c3d321be""","Wed, 31 Aug 2022 13:49:25 GMT",https://www.ncei.noaa.gov/data/nclimgrid-daily/access/averages/1983/ncdd-198305-version.txt,raw/nclimgrid_daily/version/1983/ncdd-198305-version.txt,6854897283313579331ae4d06b33b628a1961c6e93def1ca9bf6683d43cb9fdd,processed/nclimgrid_daily/county_tavg/1983/county_tavg_198305.csv,96317,"nclimgrid-daily_v1-0-0_snap2026-07-30, start: 1951-01, end: 2026-06, status: scaled}",/Users/andrewpark/Desktop/Code/WeatherDerivativePricing,2026-09-02T15:42:54+00:00,Fri Mar 24 18:44:25 2017,True
tavg,1983-06,scaled,https://www.ncei.noaa.gov/data/nclimgrid-daily/access/averages/1983/tavg-198306-cty-scaled.csv,raw/nclimgrid_daily/averages/1983/tavg-198306-cty-scaled.csv,2026-07-30T03:37:43+00:00,1093490,6ff9e90fdc25cd86539d54f9dcf5e2df2ee1b350618a2e2585874bcf10e004c0,"""10af72-5e789c5329a4d""","Wed, 31 Aug 2022 13:49:48 GMT",https://www.ncei.noaa.gov/data/nclimgrid-daily/access/averages/1983/ncdd-198306-version.txt,raw/nclimgrid_daily/version/1983/ncdd-198306-version.txt,678afa12358b80cf6387fad558af48e8eb8af641945a0010a168795c694b1abc,processed/nclimgrid_daily/county_tavg/1983/county_tavg_198306.csv,93210,"nclimgrid-daily_v1-0-0_snap2026-07-30, start: 1951-01, end: 2026-06, status: scaled}",/Users/andrewpark/Desktop/Code/WeatherDerivativePricing,2026-09-02T15:42:54+00:00,Fri Mar 24 18:44:53 2017,True
tavg,1983-07,scaled,https://www.ncei.noaa.gov/data/nclimgrid-daily/access/averages/1983/tavg-198307-cty-scaled.csv,raw/nclimgrid_daily/averages/1983/tavg-198307-cty-scaled.csv,2026-07-30T03:37:44+00:00,1093490,0af35c630ec7998dcce1f3fb8c0823b58569c9a6cd48e6459cf93b6ab5e6bc96,"""10af72-5e789c67d4e74""","Wed, 31 Aug 2022 13:50:10 GMT",https://www.ncei.noaa.gov/data/nclimgrid-daily/access/averages/1983/ncdd-198307-version.txt,raw/nclimgrid_daily/version/1983/ncdd-198307-version.txt,bd43d27384b07241c8bca587030c3c52d4faf43497ee00b800ee743ad29eb68b,processed/nclimgrid_daily/county_tavg/1983/county_tavg_198307.csv,96317,"nclimgrid-daily_v1-0-0_snap2026-07-30, start: 1951-01, end: 2026-06, status: scaled}",/Users/andrewpark/Desktop/Code/WeatherDerivativePricing,2026-09-02T15:42:54+00:00,Fri Mar 24 18:45:23 2017,True
tavg,1983-08,scaled,https://www.ncei.noaa.gov/data/nclimgrid-daily/access/averages/1983/tavg-198308-cty-scaled.csv,raw/nclimgrid_daily/averages/1983/tavg-198308-cty-scaled.csv,2026-07-30T03:37:44+00:00,1093490,c95412e6eeb2aee299f4ebf76f0a3992dca195d23986234b3888c509dbfa7fb4,"""10af72-5e789c7d2dfdc""","Wed, 31 Aug 2022 13:50:32 GMT",https://www.ncei.noaa.gov/data/nclimgrid-daily/access/averages/1983/ncdd-198308-version.txt,raw/nclimgrid_daily/version/1983/ncdd-198308-version.txt,bf0f49d84a11ec748b2528f810b6e73303f58089a095b890b70ca7a15fc216b6,processed/nclimgrid_daily/county_tavg/1983/county_tavg_198308.csv,96317,"nclimgrid-daily_v1-0-0_snap2026-07-30, start: 1951-01, end: 2026-06, status: scaled}",/Users/andrewpark/Desktop/Code/WeatherDerivativePricing,2026-09-02T15:42:54+00:00,Fri Mar 24 18:45:55 2017,True
tavg,1983-09,scaled,https://www.ncei.noaa.gov/data/nclimgrid-daily/access/averages/1983/tavg-198309-cty-scaled.csv,raw/nclimgrid_daily/averages/1983/tavg-198309-cty-scaled.csv,2026-07-30T03:37:45+00:00,1093490,03f3487393c15557862c11ecbe6b6742b47defc2b25b05a72098b31cd8a651d2,"""10af72-5e789c927b1db""","Wed, 31 Aug 2022 13:50:54 GMT",https://www.ncei.noaa.gov/data/nclimgrid-daily/access/averages/1983/ncdd-198309-version.txt,raw/nclimgrid_daily/version/1983/ncdd-198309-version.txt,b1f1e58b7d53e444c5554b406f797e5fb97a8989dca0ca572dc80ad9012c3211,processed/nclimgrid_daily/county_tavg/1983/county_tavg_198309.csv,93210,"nclimgrid-daily_v1-0-0_snap2026-07-30, start: 1951-01, end: 2026-06, status: scaled}",/Users/andrewpark/Desktop/Code/WeatherDerivativePricing,2026-09-02T15:42:54+00:00,Fri Mar 24 18:46:27 2017,True
tavg,1983-10,scaled,https://www.ncei.noaa.gov/data/nclimgrid-daily/access/averages/1983/tavg-198310-cty-scaled.csv,raw/nclimgrid_daily/averages/1983/tavg-198310-cty-scaled.csv,2026-07-30T03:37:45+00:00,1093490,67795942f3c8c288140070028d939673c6e54f2c099136f1ac81629a67d618bc,"""10af72-5e789ca745233""","Wed, 31 Aug 2022 13:51:16 GMT",https://www.ncei.noaa.gov/data/nclimgrid-daily/access/averages/1983/ncdd-198310-version.txt,raw/nclimgrid_daily/version/1983/ncdd-198310-version.txt,68a8b2216e055c48061287bff1fdfe8b6cb12ad1916b037ab13fc8f2eeb82025,processed/nclimgrid_daily/county_tavg/1983/county_tavg_198310.csv,96317,"nclimgrid-daily_v1-0-0_snap2026-07-30, start: 1951-01, end: 2026-06, status: scaled}",/Users/andrewpark/Desktop/Code/WeatherDerivativePricing,2026-09-02T15:42:54+00:00,Fri Mar 24 18:46:57 2017,True
tavg,1983-11,scaled,https://www.ncei.noaa.gov/data/nclimgrid-daily/access/averages/1983/tavg-198311-cty-scaled.csv,raw/nclimgrid_daily/averages/1983/tavg-198311-cty-scaled.csv,2026-07-30T03:37:46+00:00,1093490,054b6fe26082bd32df0ae142e05a78b81a43daa69211407da2a0ad4bb3dcef6c,"""10af72-5e789cbca1e32""","Wed, 31 Aug 2022 13:51:39 GMT",https://www.ncei.noaa.gov/data/nclimgrid-daily/access/averages/1983/ncdd-198311-version.txt,raw/nclimgrid_daily/version/1983/ncdd-198311-version.txt,2cfb01eee8e189adcbaa60c16c772834b4cbf5e448acd5dffd5acf6d4a54ec19,processed/nclimgrid_daily/county_tavg/1983/county_tavg_198311.csv,93210,"nclimgrid-daily_v1-0-0_snap2026-07-30, start: 1951-01, end: 2026-06, status: scaled}",/Users/andrewpark/Desktop/Code/WeatherDerivativePricing,2026-09-02T15:42:54+00:00,Fri Mar 24 18:47:25 2017,True
tavg,1983-12,scaled,https://www.ncei.noaa.gov/data/nclimgrid-daily/access/averages/1983/tavg-198312-cty-scaled.csv,raw/nclimgrid_daily/averages/1983/tavg-198312-cty-scaled.csv,2026-07-30T03:37:47+00:00,1093490,cca51a5f94609d04c7ce771611e4070c8c501bd9e6e13463b67c7614872b41fe,"""10af72-5e789cd0cd761""","Wed, 31 Aug 2022 13:52:00 GMT",https://www.ncei.noaa.gov/data/nclimgrid-daily/access/averages/1983/ncdd-198312-version.txt,raw/nclimgrid_daily/version/1983/ncdd-198312-version.txt,4960fa22a3692b98196eb259c505226ae394b4cdca67a92d546e89c5ff0bf10e,processed/nclimgrid_daily/county_tavg/1983/county_tavg_198312.csv,96317,"nclimgrid-daily_v1-0-0_snap2026-07-30, start: 1951-01, end: 2026-06, status: scaled}",/Users/andrewpark/Desktop/Code/WeatherDerivativePricing,2026-09-02T15:42:54+00:00,Fri Mar 24 18:47:56 2017,True
tavg,1984-01,scaled,https://www.ncei.noaa.gov/data/nclimgrid-daily/access/averages/1984/tavg-198401-cty-scaled.csv,raw/nclimgrid_daily/averages/1984/tavg-198401-cty-scaled.csv,2026-07-30T03:37:47+00:00,1093490,6784799ce6cf5619fb549cfceca6da7202db0cf3f2b39d8b0329823cc9b38277,"""10af72-5e789ce609021""","Wed, 31 Aug 2022 13:52:22 GMT",https://www.ncei.noaa.gov/data/nclimgrid-daily/access/averages/1984/ncdd-198401-version.txt,raw/nclimgrid_daily/version/1984/ncdd-198401-version.txt,925fb1edb099ff272791ecd55733d0dbd8ea6ce64f1357542462744a2fe59f97,processed/nclimgrid_daily/county_tavg/1984/county_tavg_198401.csv,96317,"nclimgrid-daily_v1-0-0_snap2026-07-30, start: 1951-01, end: 2026-06, status: scaled}",/Users/andrewpark/Desktop/Code/WeatherDerivativePricing,2026-09-02T15:42:54+00:00,Fri Mar 24 18:49:00 2017,True
tavg,1984-02,scaled,https://www.ncei.noaa.gov/data/nclimgrid-daily/access/averages/1984/tavg-198402-cty-scaled.csv,raw/nclimgrid_daily/averages/1984/tavg-198402-cty-scaled.csv,2026-07-30T03:37:48+00:00,1093490,a74488543f2e3653d49e904867232782fbe0835a8d2a08791ecfaa3a92a5070e,"""10af72-5e789cfadb930""","Wed, 31 Aug 2022 13:52:44 GMT",https://www.ncei.noaa.gov/data/nclimgrid-daily/access/averages/1984/ncdd-198402-version.txt,raw/nclimgrid_daily/version/1984/ncdd-198402-version.txt,b40139e0ad5f4f4357012b614fbf498fe8d87bb7bf3ad61435b336e58bc36e88,processed/nclimgrid_daily/county_tavg/1984/county_tavg_198402.csv,90103,"nclimgrid-daily_v1-0-0_snap2026-07-30, start: 1951-01, end: 2026-06, status: scaled}",/Users/andrewpark/Desktop/Code/WeatherDerivativePricing,2026-09-02T15:42:54+00:00,Fri Mar 24 18:49:27 2017,True
tavg,1984-03,scaled,https://www.ncei.noaa.gov/data/nclimgrid-daily/access/averages/1984/tavg-198403-cty-scaled.csv,raw/nclimgrid_daily/averages/1984/tavg-198403-cty-scaled.csv,2026-07-30T03:37:48+00:00,1093490,f35c84025b0661334ba3aa0cea185cdc2debdd38689905faaba068abd2e49919,"""10af72-5e789d0f2fad0""","Wed, 31 Aug 2022 13:53:05 GMT",https://www.ncei.noaa.gov/data/nclimgrid-daily/access/averages/1984/ncdd-198403-version.txt,raw/nclimgrid_daily/version/1984/ncdd-198403-version.txt,d641ef4a9503dc1ea755827add992db18c69b46caca330866947114cb947a443,processed/nclimgrid_daily/county_tavg/1984/county_tavg_198403.csv,96317,"nclimgrid-daily_v1-0-0_snap2026-07-30, start: 1951-01, end: 2026-06, status: scaled}",/Users/andrewpark/Desktop/Code/WeatherDerivativePricing,2026-09-02T15:42:54+00:00,Fri Mar 24 18:49:57 2017,True
tavg,1984-04,scaled,https://www.ncei.noaa.gov/data/nclimgrid-daily/access/averages/1984/tavg-198404-cty-scaled.csv,raw/nclimgrid_daily/averages/1984/tavg-198404-cty-scaled.csv,2026-07-30T03:37:49+00:00,1093490,4af4ff1829a7b6fcbbd1f59021c529382504bc63b5058138617d619ea7309843,"""10af72-5e789d240e347""","Wed, 31 Aug 2022 13:53:27 GMT",https://www.ncei.noaa.gov/data/nclimgrid-daily/access/averages/1984/ncdd-198404-version.txt,raw/nclimgrid_daily/version/1984/ncdd-198404-version.txt,c04872a00d24b79ddbb098f10ffb9418fa034a4f0c99ccb7bdc6868233bb4f7a,processed/nclimgrid_daily/county_tavg/1984/county_tavg_198404.csv,93210,"nclimgrid-daily_v1-0-0_snap2026-07-30, start: 1951-01, end: 2026-06, status: scaled}",/Users/andrewpark/Desktop/Code/WeatherDerivativePricing,2026-09-02T15:42:54+00:00,Fri Mar 24 18:50:26 2017,True
tavg,1984-05,scaled,https://www.ncei.noaa.gov/data/nclimgrid-daily/access/averages/1984/tavg-198405-cty-scaled.csv,raw/nclimgrid_daily/averages/1984/tavg-198405-cty-scaled.csv,2026-07-30T03:37:50+00:00,1093490,6d8ae1cc7415ee58a8e3879fac3f160351401d3fc1c84da0e72c83b19a01b329,"""10af72-5e789d37e686f""","Wed, 31 Aug 2022 13:53:48 GMT",https://www.ncei.noaa.gov/data/nclimgrid-daily/access/averages/1984/ncdd-198405-version.txt,raw/nclimgrid_daily/version/1984/ncdd-198405-version.txt,5d8c4670ac63bbab536c976cb26e792c3f88d896b564b7e68512d427ba40ba41,processed/nclimgrid_daily/county_tavg/1984/county_tavg_198405.csv,96317,"nclimgrid-daily_v1-0-0_snap2026-07-30, start: 1951-01, end: 2026-06, status: scaled}",/Users/andrewpark/Desktop/Code/WeatherDerivativePricing,2026-09-02T15:42:54+00:00,Fri Mar 24 18:50:58 2017,True
tavg,1984-06,scaled,https://www.ncei.noaa.gov/data/nclimgrid-daily/access/averages/1984/tavg-198406-cty-scaled.csv,raw/nclimgrid_daily/averages/1984/tavg-198406-cty-scaled.csv,2026-07-30T03:37:50+00:00,1093490,0a0ecad9650dd8ae2a4bc75e1b01d1de7f812f6d1b2315ccc7939809f2938cb0,"""10af72-5e789d4c20fe6""","Wed, 31 Aug 2022 13:54:09 GMT",https://www.ncei.noaa.gov/data/nclimgrid-daily/access/averages/1984/ncdd-198406-version.txt,raw/nclimgrid_daily/version/1984/ncdd-198406-version.txt,69e1bbd9f603b7f0c28a3519c155ff5b23766689e52b1ed6d6d60371a648f0c3,processed/nclimgrid_daily/county_tavg/1984/county_tavg_198406.csv,93210,"nclimgrid-daily_v1-0-0_snap2026-07-30, start: 1951-01, end: 2026-06, status: scaled}",/Users/andrewpark/Desktop/Code/WeatherDerivativePricing,2026-09-02T15:42:54+00:00,Fri Mar 24 18:51:30 2017,True
tavg,1984-07,scaled,https://www.ncei.noaa.gov/data/nclimgrid-daily/access/averages/1984/tavg-198407-cty-scaled.csv,raw/nclimgrid_daily/averages/1984/tavg-198407-cty-scaled.csv,2026-07-30T03:37:51+00:00,1093490,863d1619dba094f2fd78215eea29f7baf03b8cbcf4090428ed21d5527c7187a3,"""10af72-5e789d60c27cd""","Wed, 31 Aug 2022 13:54:31 GMT",https://www.ncei.noaa.gov/data/nclimgrid-daily/access/averages/1984/ncdd-198407-version.txt,raw/nclimgrid_daily/version/1984/ncdd-198407-version.txt,a01440f94051ce38755a157639811e3a904744aea6ce83cbdfa5af78bf019ac9,processed/nclimgrid_daily/county_tavg/1984/county_tavg_198407.csv,96317,"nclimgrid-daily_v1-0-0_snap2026-07-30, start: 1951-01, end: 2026-06, status: scaled}",/Users/andrewpark/Desktop/Code/WeatherDerivativePricing,2026-09-02T15:42:54+00:00,Fri Mar 24 18:52:02 2017,True
tavg,1984-08,scaled,https://www.ncei.noaa.gov/data/nclimgrid-daily/access/averages/1984/tavg-198408-cty-scaled.csv,raw/nclimgrid_daily/averages/1984/tavg-198408-cty-scaled.csv,2026-07-30T03:37:51+00:00,1093490,59af8773bf252af5eede412dd8c5458dea25221fc94dc37549dc7fbc3af8e916,"""10af72-5e789d74bc035""","Wed, 31 Aug 2022 13:54:52 GMT",https://www.ncei.noaa.gov/data/nclimgrid-daily/access/averages/1984/ncdd-198408-version.txt,raw/nclimgrid_daily/version/1984/ncdd-198408-version.txt,b257a377c0b5a755cead18ef5f893dc8488e8304b65cda2f0c1126c4596e47e6,processed/nclimgrid_daily/county_tavg/1984/county_tavg_198408.csv,96317,"nclimgrid-daily_v1-0-0_snap2026-07-30, start: 1951-01, end: 2026-06, status: scaled}",/Users/andrewpark/Desktop/Code/WeatherDerivativePricing,2026-09-02T15:42:54+00:00,Fri Mar 24 18:52:33 2017,True
tavg,1984-09,scaled,https://www.ncei.noaa.gov/data/nclimgrid-daily/access/averages/1984/tavg-198409-cty-scaled.csv,raw/nclimgrid_daily/averages/1984/tavg-198409-cty-scaled.csv,2026-07-30T03:37:52+00:00,1093490,2ab93e6d4f80814cc9a09f9c50cbdbba1cc5aa4135285af607be8fee85ecb781,"""10af72-5e789d8a78774""","Wed, 31 Aug 2022 13:55:14 GMT",https://www.ncei.noaa.gov/data/nclimgrid-daily/access/averages/1984/ncdd-198409-version.txt,raw/nclimgrid_daily/version/1984/ncdd-198409-version.txt,8dad92e2e70976dd0aaacbd77fad81b47aa1b226ecf00b49ec351a5d3e3d32ad,processed/nclimgrid_daily/county_tavg/1984/county_tavg_198409.csv,93210,"nclimgrid-daily_v1-0-0_snap2026-07-30, start: 1951-01, end: 2026-06, status: scaled}",/Users/andrewpark/Desktop/Code/WeatherDerivativePricing,2026-09-02T15:42:54+00:00,Fri Mar 24 18:53:04 2017,True
tavg,1984-10,scaled,https://www.ncei.noaa.gov/data/nclimgrid-daily/access/averages/1984/tavg-198410-cty-scaled.csv,raw/nclimgrid_daily/averages/1984/tavg-198410-cty-scaled.csv,2026-07-30T03:37:53+00:00,1093490,4666c8e2d1ec7a2208024fb7322e7fcece3c9ac710439380d6f5613dab5b2482,"""10af72-5e789d9ee0964""","Wed, 31 Aug 2022 13:55:36 GMT",https://www.ncei.noaa.gov/data/nclimgrid-daily/access/averages/1984/ncdd-198410-version.txt,raw/nclimgrid_daily/version/1984/ncdd-198410-version.txt,fa3c8f5e9c144173e0e4c21fe8e1d3f66423b1e918ff82034758180304066e06,processed/nclimgrid_daily/county_tavg/1984/county_tavg_198410.csv,96317,"nclimgrid-daily_v1-0-0_snap2026-07-30, start: 1951-01, end: 2026-06, status: scaled}",/Users/andrewpark/Desktop/Code/WeatherDerivativePricing,2026-09-02T15:42:54+00:00,Fri Mar 24 18:53:34 2017,True
tavg,1984-11,scaled,https://www.ncei.noaa.gov/data/nclimgrid-daily/access/averages/1984/tavg-198411-cty-scaled.csv,raw/nclimgrid_daily/averages/1984/tavg-198411-cty-scaled.csv,2026-07-30T03:37:53+00:00,1093490,6f8cf9ae118687fb0efa2c35aee569b94e2fd1bb5cfe96d82b0c22799cf6cf11,"""10af72-5e789db3d7c63""","Wed, 31 Aug 2022 13:55:58 GMT",https://www.ncei.noaa.gov/data/nclimgrid-daily/access/averages/1984/ncdd-198411-version.txt,raw/nclimgrid_daily/version/1984/ncdd-198411-version.txt,44a3f09c54680d48344931b14d0b84e8e7d447f9c03c86f1aed74765f88e0e61,processed/nclimgrid_daily/county_tavg/1984/county_tavg_198411.csv,93210,"nclimgrid-daily_v1-0-0_snap2026-07-30, start: 1951-01, end: 2026-06, status: scaled}",/Users/andrewpark/Desktop/Code/WeatherDerivativePricing,2026-09-02T15:42:54+00:00,Fri Mar 24 18:54:05 2017,True
tavg,1984-12,scaled,https://www.ncei.noaa.gov/data/nclimgrid-daily/access/averages/1984/tavg-198412-cty-scaled.csv,raw/nclimgrid_daily/averages/1984/tavg-198412-cty-scaled.csv,2026-07-30T03:37:54+00:00,1093490,240b9d026100619902a97998ab24c8bccdc42e7ea955cde17db919ab060b7c8e,"""10af72-5e789dc88d49a""","Wed, 31 Aug 2022 13:56:20 GMT",https://www.ncei.noaa.gov/data/nclimgrid-daily/access/averages/1984/ncdd-198412-version.txt,raw/nclimgrid_daily/version/1984/ncdd-198412-version.txt,ec946d7d4f865ae899e365f8ea5c1bb2dbff085112bd894dd3eb927c1e144a6e,processed/nclimgrid_daily/county_tavg/1984/county_tavg_198412.csv,96317,"nclimgrid-daily_v1-0-0_snap2026-07-30, start: 1951-01, end: 2026-06, status: scaled}",/Users/andrewpark/Desktop/Code/WeatherDerivativePricing,2026-09-02T15:42:54+00:00,Fri Mar 24 18:54:35 2017,True
tavg,1985-01,scaled,https://www.ncei.noaa.gov/data/nclimgrid-daily/access/averages/1985/tavg-198501-cty-scaled.csv,raw/nclimgrid_daily/averages/1985/tavg-198501-cty-scaled.csv,2026-07-30T03:37:54+00:00,1093490,df290e26057ad9aead41ffc48eb85e4183cf9aeeed75a203d5bdf0aeb53da8f3,"""10af72-5e789dde6498a""","Wed, 31 Aug 2022 13:56:42 GMT",https://www.ncei.noaa.gov/data/nclimgrid-daily/access/averages/1985/ncdd-198501-version.txt,raw/nclimgrid_daily/version/1985/ncdd-198501-version.txt,837a110dc7e1292d5f64ae55ed4d6a8ba020787a8b8b7b0982cd74148a03d10f,processed/nclimgrid_daily/county_tavg/1985/county_tavg_198501.csv,96317,"nclimgrid-daily_v1-0-0_snap2026-07-30, start: 1951-01, end: 2026-06, status: scaled}",/Users/andrewpark/Desktop/Code/WeatherDerivativePricing,2026-09-02T15:42:54+00:00,Fri Mar 24 18:55:39 2017,True
tavg,1985-02,scaled,https://www.ncei.noaa.gov/data/nclimgrid-daily/access/averages/1985/tavg-198502-cty-scaled.csv,raw/nclimgrid_daily/averages/1985/tavg-198502-cty-scaled.csv,2026-07-30T03:37:55+00:00,1093490,e490f374dc225400f9f0e01189773bd8d7a05081fc421f74352b07813efa0121,"""10af72-5e789df394ab1""","Wed, 31 Aug 2022 13:57:05 GMT",https://www.ncei.noaa.gov/data/nclimgrid-daily/access/averages/1985/ncdd-198502-version.txt,raw/nclimgrid_daily/version/1985/ncdd-198502-version.txt,8ab3b6ff3c1e035ebc52546365016a06463c0637cb2f61801aba2af7243d4073,processed/nclimgrid_daily/county_tavg/1985/county_tavg_198502.csv,86996,"nclimgrid-daily_v1-0-0_snap2026-07-30, start: 1951-01, end: 2026-06, status: scaled}",/Users/andrewpark/Desktop/Code/WeatherDerivativePricing,2026-09-02T15:42:54+00:00,Fri Mar 24 18:56:12 2017,True
tavg,1985-03,scaled,https://www.ncei.noaa.gov/data/nclimgrid-daily/access/averages/1985/tavg-198503-cty-scaled.csv,raw/nclimgrid_daily/averages/1985/tavg-198503-cty-scaled.csv,2026-07-30T03:37:56+00:00,1093490,b653b1cc7a45e6e8355ead4e05dfa461e88eda85604a2c6b7431a596bea8a52b,"""10af72-5e789e0a64c19""","Wed, 31 Aug 2022 13:57:29 GMT",https://www.ncei.noaa.gov/data/nclimgrid-daily/access/averages/1985/ncdd-198503-version.txt,raw/nclimgrid_daily/version/1985/ncdd-198503-version.txt,9ac3b268f6531cbcfe684ad047e96c83e0dda7351bddd31d8b237520e417ae47,processed/nclimgrid_daily/county_tavg/1985/county_tavg_198503.csv,96317,"nclimgrid-daily_v1-0-0_snap2026-07-30, start: 1951-01, end: 2026-06, status: scaled}",/Users/andrewpark/Desktop/Code/WeatherDerivativePricing,2026-09-02T15:42:54+00:00,Mon Oct 23 16:06:12 2017,True
tavg,1985-04,scaled,https://www.ncei.noaa.gov/data/nclimgrid-daily/access/averages/1985/tavg-198504-cty-scaled.csv,raw/nclimgrid_daily/averages/1985/tavg-198504-cty-scaled.csv,2026-07-30T03:37:56+00:00,1093490,a5e1527009986ae1fbb23127ae4bfe35fe845217f271d1fc11094e8800affd39,"""10af72-5e789e1f5e628""","Wed, 31 Aug 2022 13:57:51 GMT",https://www.ncei.noaa.gov/data/nclimgrid-daily/access/averages/1985/ncdd-198504-version.txt,raw/nclimgrid_daily/version/1985/ncdd-198504-version.txt,9751f29b6fe5b2a5ebdfe545bf75ba5ffb27b575603dd7d7d1548092a1a5fbd6,processed/nclimgrid_daily/county_tavg/1985/county_tavg_198504.csv,93210,"nclimgrid-daily_v1-0-0_snap2026-07-30, start: 1951-01, end: 2026-06, status: scaled}",/Users/andrewpark/Desktop/Code/WeatherDerivativePricing,2026-09-02T15:42:54+00:00,Fri Mar 24 18:57:17 2017,True
tavg,1985-05,scaled,https://www.ncei.noaa.gov/data/nclimgrid-daily/access/averages/1985/tavg-198505-cty-scaled.csv,raw/nclimgrid_daily/averages/1985/tavg-198505-cty-scaled.csv,2026-07-30T03:37:57+00:00,1093490,3521dc4112561bed9473afd3b5890d0f25dcb176ea518c4ee525ac172bbe010f,"""10af72-5e789e34a855f""","Wed, 31 Aug 2022 13:58:13 GMT",https://www.ncei.noaa.gov/data/nclimgrid-daily/access/averages/1985/ncdd-198505-version.txt,raw/nclimgrid_daily/version/1985/ncdd-198505-version.txt,5b7aabd9db0d9022735e37d525ff77b283a3bdf909005eee926a1308dc7fa4cf,processed/nclimgrid_daily/county_tavg/1985/county_tavg_198505.csv,96317,"nclimgrid-daily_v1-0-0_snap2026-07-30, start: 1951-01, end: 2026-06, status: scaled}",/Users/andrewpark/Desktop/Code/WeatherDerivativePricing,2026-09-02T15:42:54+00:00,Fri Mar 24 18:57:51 2017,True
tavg,1985-06,scaled,https://www.ncei.noaa.gov/data/nclimgrid-daily/access/averages/1985/tavg-198506-cty-scaled.csv,raw/nclimgrid_daily/averages/1985/tavg-198506-cty-scaled.csv,2026-07-30T03:37:57+00:00,1093490,3ca37a84e871a640c726d1a4d11a81dafc60bd03c78920ed1fab688780b54a64,"""10af72-5e789e49bffe7""","Wed, 31 Aug 2022 13:58:35 GMT",https://www.ncei.noaa.gov/data/nclimgrid-daily/access/averages/1985/ncdd-198506-version.txt,raw/nclimgrid_daily/version/1985/ncdd-198506-version.txt,bcfbaa5a3d6f0412a530d6ee79b45e778b9402679fc3a5613a270765c0169bbe,processed/nclimgrid_daily/county_tavg/1985/county_tavg_198506.csv,93210,"nclimgrid-daily_v1-0-0_snap2026-07-30, start: 1951-01, end: 2026-06, status: scaled}",/Users/andrewpark/Desktop/Code/WeatherDerivativePricing,2026-09-02T15:42:54+00:00,Fri Mar 24 18:58:27 2017,True
tavg,1985-07,scaled,https://www.ncei.noaa.gov/data/nclimgrid-daily/access/averages/1985/tavg-198507-cty-scaled.csv,raw/nclimgrid_daily/averages/1985/tavg-198507-cty-scaled.csv,2026-07-30T03:37:58+00:00,1093490,43a4ce12ae522bb2555afc6702e65da9d7db2d557e74bfce6178961657c30bbd,"""10af72-5e789e5e77b46""","Wed, 31 Aug 2022 13:58:57 GMT",https://www.ncei.noaa.gov/data/nclimgrid-daily/access/averages/1985/ncdd-198507-version.txt,raw/nclimgrid_daily/version/1985/ncdd-198507-version.txt,0202987d48a9243425b5ca7160fd7cdddb8244d8e955d3f499646358a34e7d1e,processed/nclimgrid_daily/county_tavg/1985/county_tavg_198507.csv,96317,"nclimgrid-daily_v1-0-0_snap2026-07-30, start: 1951-01, end: 2026-06, status: scaled}",/Users/andrewpark/Desktop/Code/WeatherDerivativePricing,2026-09-02T15:42:54+00:00,Fri Mar 24 18:59:01 2017,True
tavg,1985-08,scaled,https://www.ncei.noaa.gov/data/nclimgrid-daily/access/averages/1985/tavg-198508-cty-scaled.csv,raw/nclimgrid_daily/averages/1985/tavg-198508-cty-scaled.csv,2026-07-30T03:37:59+00:00,1093490,ac2c350e529cc7bb019e7ce803ae3f16e643839ab46be9103eac821b1c3af1d0,"""10af72-5e789e72d7c4e""","Wed, 31 Aug 2022 13:59:18 GMT",https://www.ncei.noaa.gov/data/nclimgrid-daily/access/averages/1985/ncdd-198508-version.txt,raw/nclimgrid_daily/version/1985/ncdd-198508-version.txt,7297776b3940cb6847adc271541de45449c129375b7166125c96fd8bb45e5511,processed/nclimgrid_daily/county_tavg/1985/county_tavg_198508.csv,96317,"nclimgrid-daily_v1-0-0_snap2026-07-30, start: 1951-01, end: 2026-06, status: scaled}",/Users/andrewpark/Desktop/Code/WeatherDerivativePricing,2026-09-02T15:42:54+00:00,Fri Mar 24 18:59:36 2017,True
tavg,1985-09,scaled,https://www.ncei.noaa.gov/data/nclimgrid-daily/access/averages/1985/tavg-198509-cty-scaled.csv,raw/nclimgrid_daily/averages/1985/tavg-198509-cty-scaled.csv,2026-07-30T03:37:59+00:00,1093490,f4d194d4528574b0d419a32d3e1e87ae020e485fdae4d113a5194330f13dc135,"""10af72-5e789e87dcdf5""","Wed, 31 Aug 2022 13:59:40 GMT",https://www.ncei.noaa.gov/data/nclimgrid-daily/access/averages/1985/ncdd-198509-version.txt,raw/nclimgrid_daily/version/1985/ncdd-198509-version.txt,15a7e591808cd255aa470cb311337fd6f463346f11f0d47cc243065a25a6577e,processed/nclimgrid_daily/county_tavg/1985/county_tavg_198509.csv,93210,"nclimgrid-daily_v1-0-0_snap2026-07-30, start: 1951-01, end: 2026-06, status: scaled}",/Users/andrewpark/Desktop/Code/WeatherDerivativePricing,2026-09-02T15:42:54+00:00,Fri Mar 24 19:00:10 2017,True
tavg,1985-10,scaled,https://www.ncei.noaa.gov/data/nclimgrid-daily/access/averages/1985/tavg-198510-cty-scaled.csv,raw/nclimgrid_daily/averages/1985/tavg-198510-cty-scaled.csv,2026-07-30T03:38:00+00:00,1093490,966b77d2bb03db7ec3a16e0f8b631032c117eb74accd9be2275fadc979acb413,"""10af72-5e789e9cf3cc4""","Wed, 31 Aug 2022 14:00:02 GMT",https://www.ncei.noaa.gov/data/nclimgrid-daily/access/averages/1985/ncdd-198510-version.txt,raw/nclimgrid_daily/version/1985/ncdd-198510-version.txt,00dc1c7ef5a0e8d9b5012fd7a300c995aafa77e80314b7b0ba93a5152d649481,processed/nclimgrid_daily/county_tavg/1985/county_tavg_198510.csv,96317,"nclimgrid-daily_v1-0-0_snap2026-07-30, start: 1951-01, end: 2026-06, status: scaled}",/Users/andrewpark/Desktop/Code/WeatherDerivativePricing,2026-09-02T15:42:54+00:00,Fri Mar 24 19:00:43 2017,True
tavg,1985-11,scaled,https://www.ncei.noaa.gov/data/nclimgrid-daily/access/averages/1985/tavg-198511-cty-scaled.csv,raw/nclimgrid_daily/averages/1985/tavg-198511-cty-scaled.csv,2026-07-30T03:38:01+00:00,1093490,3f441410c8bdaae965f14b9a8150adbe2e9d46fae7453c51cc58f9e26ad63b92,"""10af72-5e789eb322ff4""","Wed, 31 Aug 2022 14:00:26 GMT",https://www.ncei.noaa.gov/data/nclimgrid-daily/access/averages/1985/ncdd-198511-version.txt,raw/nclimgrid_daily/version/1985/ncdd-198511-version.txt,75fd82335f6e0d6546694baa97c316a452cc4c67603cff6408d25447d5ce987e,processed/nclimgrid_daily/county_tavg/1985/county_tavg_198511.csv,93210,"nclimgrid-daily_v1-0-0_snap2026-07-30, start: 1951-01, end: 2026-06, status: scaled}",/Users/andrewpark/Desktop/Code/WeatherDerivativePricing,2026-09-02T15:42:54+00:00,Fri Mar 24 19:01:17 2017,True
tavg,1985-12,scaled,https://www.ncei.noaa.gov/data/nclimgrid-daily/access/averages/1985/tavg-198512-cty-scaled.csv,raw/nclimgrid_daily/averages/1985/tavg-198512-cty-scaled.csv,2026-07-30T03:38:01+00:00,1093490,08e0f1aa36f9e9cde1142157a5dea9f74923f0325ce30825328c738634721621,"""10af72-5e789ec97d68b""","Wed, 31 Aug 2022 14:00:49 GMT",https://www.ncei.noaa.gov/data/nclimgrid-daily/access/averages/1985/ncdd-198512-version.txt,raw/nclimgrid_daily/version/1985/ncdd-198512-version.txt,3832704d0e19417ef67d09a023ed3cd51578a1f85329a1fdc37fff1ebd006c93,processed/nclimgrid_daily/county_tavg/1985/county_tavg_198512.csv,96317,"nclimgrid-daily_v1-0-0_snap2026-07-30, start: 1951-01, end: 2026-06, status: scaled}",/Users/andrewpark/Desktop/Code/WeatherDerivativePricing,2026-09-02T15:42:54+00:00,Fri Mar 24 19:01:54 2017,True
tavg,1986-01,scaled,https://www.ncei.noaa.gov/data/nclimgrid-daily/access/averages/1986/tavg-198601-cty-scaled.csv,raw/nclimgrid_daily/averages/1986/tavg-198601-cty-scaled.csv,2026-07-30T03:38:02+00:00,1093490,eebd8839b130c8a6c6abc083dcb7551efc041f187b08946c07f16bba6ee9afe8,"""10af72-5e789eddc6093""","Wed, 31 Aug 2022 14:01:10 GMT",https://www.ncei.noaa.gov/data/nclimgrid-daily/access/averages/1986/ncdd-198601-version.txt,raw/nclimgrid_daily/version/1986/ncdd-198601-version.txt,3d536c46c1014d804a4c50bd0726df83f5592fdef9cc464204506f7cd1f86ae8,processed/nclimgrid_daily/county_tavg/1986/county_tavg_198601.csv,96317,"nclimgrid-daily_v1-0-0_snap2026-07-30, start: 1951-01, end: 2026-06, status: scaled}",/Users/andrewpark/Desktop/Code/WeatherDerivativePricing,2026-09-02T15:42:54+00:00,Mon Mar 27 09:10:34 2017,True
tavg,1986-02,scaled,https://www.ncei.noaa.gov/data/nclimgrid-daily/access/averages/1986/tavg-198602-cty-scaled.csv,raw/nclimgrid_daily/averages/1986/tavg-198602-cty-scaled.csv,2026-07-30T03:38:02+00:00,1093490,d5061419e2b872b1bc6cbd005804eb5105914bdeba399e00dd473293f42b226a,"""10af72-5e789ef3ec722""","Wed, 31 Aug 2022 14:01:33 GMT",https://www.ncei.noaa.gov/data/nclimgrid-daily/access/averages/1986/ncdd-198602-version.txt,raw/nclimgrid_daily/version/1986/ncdd-198602-version.txt,b7c2c6ddb1ed3483ed371fd1a1848e387544ed1c6ae735a354494ded454015b0,processed/nclimgrid_daily/county_tavg/1986/county_tavg_198602.csv,86996,"nclimgrid-daily_v1-0-0_snap2026-07-30, start: 1951-01, end: 2026-06, status: scaled}",/Users/andrewpark/Desktop/Code/WeatherDerivativePricing,2026-09-02T15:42:54+00:00,Mon Mar 27 09:11:07 2017,True
tavg,1986-03,scaled,https://www.ncei.noaa.gov/data/nclimgrid-daily/access/averages/1986/tavg-198603-cty-scaled.csv,raw/nclimgrid_daily/averages/1986/tavg-198603-cty-scaled.csv,2026-07-30T03:38:03+00:00,1093490,3d17404daacc6aafd87524b63c2a92536b15a1d028d11df22db865e51d471db7,"""10af72-5e789f0b2cd69""","Wed, 31 Aug 2022 14:01:58 GMT",https://www.ncei.noaa.gov/data/nclimgrid-daily/access/averages/1986/ncdd-198603-version.txt,raw/nclimgrid_daily/version/1986/ncdd-198603-version.txt,ec36832358f3f04228395d9281ddd35b2dc81e053b20753fe8fcfdd439e747d8,processed/nclimgrid_daily/county_tavg/1986/county_tavg_198603.csv,96317,"nclimgrid-daily_v1-0-0_snap2026-07-30, start: 1951-01, end: 2026-06, status: scaled}",/Users/andrewpark/Desktop/Code/WeatherDerivativePricing,2026-09-02T15:42:54+00:00,Mon Mar 27 09:11:45 2017,True
tavg,1986-04,scaled,https://www.ncei.noaa.gov/data/nclimgrid-daily/access/averages/1986/tavg-198604-cty-scaled.csv,raw/nclimgrid_daily/averages/1986/tavg-198604-cty-scaled.csv,2026-07-30T03:38:04+00:00,1093490,178d389a4dddae90b066999e76b76717a2eb5261a29846395301fc7c4b823adf,"""10af72-5e789f2085ae9""","Wed, 31 Aug 2022 14:02:20 GMT",https://www.ncei.noaa.gov/data/nclimgrid-daily/access/averages/1986/ncdd-198604-version.txt,raw/nclimgrid_daily/version/1986/ncdd-198604-version.txt,5a99ed725c7a41bd68e7f71af12997ab5fe901b394f983d2725e51efe8669378,processed/nclimgrid_daily/county_tavg/1986/county_tavg_198604.csv,93210,"nclimgrid-daily_v1-0-0_snap2026-07-30, start: 1951-01, end: 2026-06, status: scaled}",/Users/andrewpark/Desktop/Code/WeatherDerivativePricing,2026-09-02T15:42:54+00:00,Mon Mar 27 09:12:21 2017,True
tavg,1986-05,scaled,https://www.ncei.noaa.gov/data/nclimgrid-daily/access/averages/1986/tavg-198605-cty-scaled.csv,raw/nclimgrid_daily/averages/1986/tavg-198605-cty-scaled.csv,2026-07-30T03:38:04+00:00,1093490,ea2f9128149635d932625e5c8f4fb591f3caeee242bb18d47a2b20ce7060b5ce,"""10af72-5e789f36c6b40""","Wed, 31 Aug 2022 14:02:44 GMT",https://www.ncei.noaa.gov/data/nclimgrid-daily/access/averages/1986/ncdd-198605-version.txt,raw/nclimgrid_daily/version/1986/ncdd-198605-version.txt,d54c07147a900ca8fba80f5ba8d035b95d33e3430de614c781a13e5a2a14d9bd,processed/nclimgrid_daily/county_tavg/1986/county_tavg_198605.csv,96317,"nclimgrid-daily_v1-0-0_snap2026-07-30, start: 1951-01, end: 2026-06, status: scaled}",/Users/andrewpark/Desktop/Code/WeatherDerivativePricing,2026-09-02T15:42:54+00:00,Mon Mar 27 09:13:05 2017,True
tavg,1986-06,scaled,https://www.ncei.noaa.gov/data/nclimgrid-daily/access/averages/1986/tavg-198606-cty-scaled.csv,raw/nclimgrid_daily/averages/1986/tavg-198606-cty-scaled.csv,2026-07-30T03:38:05+00:00,1093490,d84159851a46a2cba0e6f2cab8008788ca65c6afcd48441573dec324a04ac0b5,"""10af72-5e789f5103417""","Wed, 31 Aug 2022 14:03:11 GMT",https://www.ncei.noaa.gov/data/nclimgrid-daily/access/averages/1986/ncdd-198606-version.txt,raw/nclimgrid_daily/version/1986/ncdd-198606-version.txt,4c20a515af9ab21ecdbe9206fd9b0b49efbe5fd41a2abda2296100e5cc170281,processed/nclimgrid_daily/county_tavg/1986/county_tavg_198606.csv,93210,"nclimgrid-daily_v1-0-0_snap2026-07-30, start: 1951-01, end: 2026-06, status: scaled}",/Users/andrewpark/Desktop/Code/WeatherDerivativePricing,2026-09-02T15:42:54+00:00,Mon Mar 27 09:13:47 2017,True
tavg,1986-07,scaled,https://www.ncei.noaa.gov/data/nclimgrid-daily/access/averages/1986/tavg-198607-cty-scaled.csv,raw/nclimgrid_daily/averages/1986/tavg-198607-cty-scaled.csv,2026-07-30T03:38:05+00:00,1093490,68cd1f739238e3e20966764e9389c51dd90a7fe9861d6853d532d84dc178f211,"""10af72-5e789f667a9df""","Wed, 31 Aug 2022 14:03:34 GMT",https://www.ncei.noaa.gov/data/nclimgrid-daily/access/averages/1986/ncdd-198607-version.txt,raw/nclimgrid_daily/version/1986/ncdd-198607-version.txt,acb9017746d95fd3631926aa422c8f770c2d5156dee0a9a3aa3c82212bb4db02,processed/nclimgrid_daily/county_tavg/1986/county_tavg_198607.csv,96317,"nclimgrid-daily_v1-0-0_snap2026-07-30, start: 1951-01, end: 2026-06, status: scaled}",/Users/andrewpark/Desktop/Code/WeatherDerivativePricing,2026-09-02T15:42:54+00:00,Mon Mar 27 09:14:28 2017,True
tavg,1986-08,scaled,https://www.ncei.noaa.gov/data/nclimgrid-daily/access/averages/1986/tavg-198608-cty-scaled.csv,raw/nclimgrid_daily/averages/1986/tavg-198608-cty-scaled.csv,2026-07-30T03:38:06+00:00,1093490,9196dabfe059b5e7992abf4ea191132aa993bf745826199c01c38a34e7878a0b,"""10af72-5e789f7bd087e""","Wed, 31 Aug 2022 14:03:56 GMT",https://www.ncei.noaa.gov/data/nclimgrid-daily/access/averages/1986/ncdd-198608-version.txt,raw/nclimgrid_daily/version/1986/ncdd-198608-version.txt,cf0349514efb1858a0580d6e046ef0657f5fd80f0e11d9396a97a1423339c95e,processed/nclimgrid_daily/county_tavg/1986/county_tavg_198608.csv,96317,"nclimgrid-daily_v1-0-0_snap2026-07-30, start: 1951-01, end: 2026-06, status: scaled}",/Users/andrewpark/Desktop/Code/WeatherDerivativePricing,2026-09-02T15:42:54+00:00,Mon Mar 27 09:14:59 2017,True
tavg,1986-09,scaled,https://www.ncei.noaa.gov/data/nclimgrid-daily/access/averages/1986/tavg-198609-cty-scaled.csv,raw/nclimgrid_daily/averages/1986/tavg-198609-cty-scaled.csv,2026-07-30T03:38:08+00:00,1093490,bf0b387eaee35bdcc0361531a1505afd6c49c37408e33340e91ce487c0fee271,"""10af72-5e789f922f17e""","Wed, 31 Aug 2022 14:04:19 GMT",https://www.ncei.noaa.gov/data/nclimgrid-daily/access/averages/1986/ncdd-198609-version.txt,raw/nclimgrid_daily/version/1986/ncdd-198609-version.txt,82abcea80ec06f86ace6c2628946d1a2e01d34c47d369f1858d13b0516086eb6,processed/nclimgrid_daily/county_tavg/1986/county_tavg_198609.csv,93210,"nclimgrid-daily_v1-0-0_snap2026-07-30, start: 1951-01, end: 2026-06, status: scaled}",/Users/andrewpark/Desktop/Code/WeatherDerivativePricing,2026-09-02T15:42:54+00:00,Mon Mar 27 09:15:31 2017,True
tavg,1986-10,scaled,https://www.ncei.noaa.gov/data/nclimgrid-daily/access/averages/1986/tavg-198610-cty-scaled.csv,raw/nclimgrid_daily/averages/1986/tavg-198610-cty-scaled.csv,2026-07-30T03:38:09+00:00,1093490,7f93899e7f4b783a62383cb52dae27fb23a90a90247d8c08bd874e1c638c0886,"""10af72-5e789fa67873d""","Wed, 31 Aug 2022 14:04:41 GMT",https://www.ncei.noaa.gov/data/nclimgrid-daily/access/averages/1986/ncdd-198610-version.txt,raw/nclimgrid_daily/version/1986/ncdd-198610-version.txt,ad0f06608c643b663f728286c8b0ba951f8c668ad2ebe47cd135d9d2e350d46d,processed/nclimgrid_daily/county_tavg/1986/county_tavg_198610.csv,96317,"nclimgrid-daily_v1-0-0_snap2026-07-30, start: 1951-01, end: 2026-06, status: scaled}",/Users/andrewpark/Desktop/Code/WeatherDerivativePricing,2026-09-02T15:42:54+00:00,Mon Mar 27 09:16:15 2017,True
tavg,1986-11,scaled,https://www.ncei.noaa.gov/data/nclimgrid-daily/access/averages/1986/tavg-198611-cty-scaled.csv,raw/nclimgrid_daily/averages/1986/tavg-198611-cty-scaled.csv,2026-07-30T03:38:09+00:00,1093490,06a194a928cdaa1e979253e378d15e3467f18814521fb496440075924d806469,"""10af72-5e789fba3dbb4""","Wed, 31 Aug 2022 14:05:01 GMT",https://www.ncei.noaa.gov/data/nclimgrid-daily/access/averages/1986/ncdd-198611-version.txt,raw/nclimgrid_daily/version/1986/ncdd-198611-version.txt,71a5ec5b69c80bb9c9fe97e9380e83728dd85dceb33d5ab9cd88c8a0ac367588,processed/nclimgrid_daily/county_tavg/1986/county_tavg_198611.csv,93210,"nclimgrid-daily_v1-0-0_snap2026-07-30, start: 1951-01, end: 2026-06, status: scaled}",/Users/andrewpark/Desktop/Code/WeatherDerivativePricing,2026-09-02T15:42:54+00:00,Mon Mar 27 09:16:52 2017,True
tavg,1986-12,scaled,https://www.ncei.noaa.gov/data/nclimgrid-daily/access/averages/1986/tavg-198612-cty-scaled.csv,raw/nclimgrid_daily/averages/1986/tavg-198612-cty-scaled.csv,2026-07-30T03:38:10+00:00,1093490,d34047d6dc57e5c08924b8da25f1e08c42738a28b31eb4ad8d994c65a6a330c8,"""10af72-5e789fcfd8bcc""","Wed, 31 Aug 2022 14:05:24 GMT",https://www.ncei.noaa.gov/data/nclimgrid-daily/access/averages/1986/ncdd-198612-version.txt,raw/nclimgrid_daily/version/1986/ncdd-198612-version.txt,8cd2d267ab497124cf01f6580380fcad79df82920c4df3ee507285e11bfa3b13,processed/nclimgrid_daily/county_tavg/1986/county_tavg_198612.csv,96317,"nclimgrid-daily_v1-0-0_snap2026-07-30, start: 1951-01, end: 2026-06, status: scaled}",/Users/andrewpark/Desktop/Code/WeatherDerivativePricing,2026-09-02T15:42:54+00:00,Mon Mar 27 09:17:27 2017,True
tavg,1987-01,scaled,https://www.ncei.noaa.gov/data/nclimgrid-daily/access/averages/1987/tavg-198701-cty-scaled.csv,raw/nclimgrid_daily/averages/1987/tavg-198701-cty-scaled.csv,2026-07-30T03:38:11+00:00,1093490,69c774d2ae8ca169441f4e101cf0d79ddfefd4b1bef6eb560e233f26756011b9,"""10af72-5e789fe3dfef3""","Wed, 31 Aug 2022 14:05:45 GMT",https://www.ncei.noaa.gov/data/nclimgrid-daily/access/averages/1987/ncdd-198701-version.txt,raw/nclimgrid_daily/version/1987/ncdd-198701-version.txt,be853ef0bda18e1d3428642bfa52a857aa0a1cceff3863e2415f3bc72b2f27d7,processed/nclimgrid_daily/county_tavg/1987/county_tavg_198701.csv,96317,"nclimgrid-daily_v1-0-0_snap2026-07-30, start: 1951-01, end: 2026-06, status: scaled}",/Users/andrewpark/Desktop/Code/WeatherDerivativePricing,2026-09-02T15:42:54+00:00,Mon Mar 27 22:42:23 2017,True
tavg,1987-02,scaled,https://www.ncei.noaa.gov/data/nclimgrid-daily/access/averages/1987/tavg-198702-cty-scaled.csv,raw/nclimgrid_daily/averages/1987/tavg-198702-cty-scaled.csv,2026-07-30T03:38:11+00:00,1093490,e86bcba0f19609fca55188ea7fe27f8046afc53157cca949c38093174b68086c,"""10af72-5e789ff8d46fb""","Wed, 31 Aug 2022 14:06:07 GMT",https://www.ncei.noaa.gov/data/nclimgrid-daily/access/averages/1987/ncdd-198702-version.txt,raw/nclimgrid_daily/version/1987/ncdd-198702-version.txt,4784b9bc027c440e52d377225cd0ee99764239285008f980ec982ee086914420,processed/nclimgrid_daily/county_tavg/1987/county_tavg_198702.csv,86996,"nclimgrid-daily_v1-0-0_snap2026-07-30, start: 1951-01, end: 2026-06, status: scaled}",/Users/andrewpark/Desktop/Code/WeatherDerivativePricing,2026-09-02T15:42:54+00:00,Mon Mar 27 22:42:48 2017,True
tavg,1987-03,scaled,https://www.ncei.noaa.gov/data/nclimgrid-daily/access/averages/1987/tavg-198703-cty-scaled.csv,raw/nclimgrid_daily/averages/1987/tavg-198703-cty-scaled.csv,2026-07-30T03:38:12+00:00,1093490,3fee3423bcce97747161d567cbf0ae12091486d027ee1c898a89894e633383b0,"""10af72-5e78a00d03eaa""","Wed, 31 Aug 2022 14:06:28 GMT",https://www.ncei.noaa.gov/data/nclimgrid-daily/access/averages/1987/ncdd-198703-version.txt,raw/nclimgrid_daily/version/1987/ncdd-198703-version.txt,1488bb4bde06981ef7cf4f76ba65c41a15b53d827b7a4bb966f5356440d56928,processed/nclimgrid_daily/county_tavg/1987/county_tavg_198703.csv,96317,"nclimgrid-daily_v1-0-0_snap2026-07-30, start: 1951-01, end: 2026-06, status: scaled}",/Users/andrewpark/Desktop/Code/WeatherDerivativePricing,2026-09-02T15:42:54+00:00,Mon Mar 27 22:43:19 2017,True
tavg,1987-04,scaled,https://www.ncei.noaa.gov/data/nclimgrid-daily/access/averages/1987/tavg-198704-cty-scaled.csv,raw/nclimgrid_daily/averages/1987/tavg-198704-cty-scaled.csv,2026-07-30T03:38:12+00:00,1093490,64416c28af5bb42b4c4a4f44f3ab13e611f8a328dfb21d490fcb7be85661e325,"""10af72-5e78a02227c81""","Wed, 31 Aug 2022 14:06:50 GMT",https://www.ncei.noaa.gov/data/nclimgrid-daily/access/averages/1987/ncdd-198704-version.txt,raw/nclimgrid_daily/version/1987/ncdd-198704-version.txt,49c1dc7d8a40edd737854f89195050dcaff06ebb45407f2abb2ce5518efebf0e,processed/nclimgrid_daily/county_tavg/1987/county_tavg_198704.csv,93210,"nclimgrid-daily_v1-0-0_snap2026-07-30, start: 1951-01, end: 2026-06, status: scaled}",/Users/andrewpark/Desktop/Code/WeatherDerivativePricing,2026-09-02T15:42:54+00:00,Mon Mar 27 22:43:48 2017,True
tavg,1987-05,scaled,https://www.ncei.noaa.gov/data/nclimgrid-daily/access/averages/1987/tavg-198705-cty-scaled.csv,raw/nclimgrid_daily/averages/1987/tavg-198705-cty-scaled.csv,2026-07-30T03:38:13+00:00,1093490,c9ed960a8122203f64a155739efe29deb8b2ad9edcb72988111561ae8b7e2e5b,"""10af72-5e78a0366c421""","Wed, 31 Aug 2022 14:07:12 GMT",https://www.ncei.noaa.gov/data/nclimgrid-daily/access/averages/1987/ncdd-198705-version.txt,raw/nclimgrid_daily/version/1987/ncdd-198705-version.txt,a08b45c6db19aaa09acd09b39077d5916b3e759c234b209223940ee664bcd7bd,processed/nclimgrid_daily/county_tavg/1987/county_tavg_198705.csv,96317,"nclimgrid-daily_v1-0-0_snap2026-07-30, start: 1951-01, end: 2026-06, status: scaled}",/Users/andrewpark/Desktop/Code/WeatherDerivativePricing,2026-09-02T15:42:54+00:00,Mon Mar 27 22:44:20 2017,True
tavg,1987-06,scaled,https://www.ncei.noaa.gov/data/nclimgrid-daily/access/averages/1987/tavg-198706-cty-scaled.csv,raw/nclimgrid_daily/averages/1987/tavg-198706-cty-scaled.csv,2026-07-30T03:38:14+00:00,1093490,19ecf337feb0cb02689817505e41e053d6a5fe688ccc60aade4f5be9b9090f74,"""10af72-5e78a04b6fe58""","Wed, 31 Aug 2022 14:07:34 GMT",https://www.ncei.noaa.gov/data/nclimgrid-daily/access/averages/1987/ncdd-198706-version.txt,raw/nclimgrid_daily/version/1987/ncdd-198706-version.txt,78c1fb99883af2799b8126c5c9fad4785edd06cb7038cd5a8c413bbde96768f2,processed/nclimgrid_daily/county_tavg/1987/county_tavg_198706.csv,93210,"nclimgrid-daily_v1-0-0_snap2026-07-30, start: 1951-01, end: 2026-06, status: scaled}",/Users/andrewpark/Desktop/Code/WeatherDerivativePricing,2026-09-02T15:42:54+00:00,Mon Mar 27 22:44:52 2017,True
tavg,1987-07,scaled,https://www.ncei.noaa.gov/data/nclimgrid-daily/access/averages/1987/tavg-198707-cty-scaled.csv,raw/nclimgrid_daily/averages/1987/tavg-198707-cty-scaled.csv,2026-07-30T03:38:14+00:00,1093490,c738378de423838050dada2109f5ccd9d934a3eba72932b9484f1f201a205b75,"""10af72-5e78a061a7a40""","Wed, 31 Aug 2022 14:07:57 GMT",https://www.ncei.noaa.gov/data/nclimgrid-daily/access/averages/1987/ncdd-198707-version.txt,raw/nclimgrid_daily/version/1987/ncdd-198707-version.txt,56c09e98b9c2e99b12ddcf7813e593fa68c8bd45a286cf44484021c7443d4198,processed/nclimgrid_daily/county_tavg/1987/county_tavg_198707.csv,96317,"nclimgrid-daily_v1-0-0_snap2026-07-30, start: 1951-01, end: 2026-06, status: scaled}",/Users/andrewpark/Desktop/Code/WeatherDerivativePricing,2026-09-02T15:42:54+00:00,Mon Mar 27 22:45:24 2017,True
tavg,1987-08,scaled,https://www.ncei.noaa.gov/data/nclimgrid-daily/access/averages/1987/tavg-198708-cty-scaled.csv,raw/nclimgrid_daily/averages/1987/tavg-198708-cty-scaled.csv,2026-07-30T03:38:15+00:00,1093490,5ab2ffacf03f05877aab976a1be18b616b3b0ea1c41768fe0ef35c33b685d194,"""10af72-5e78a0752b3ef""","Wed, 31 Aug 2022 14:08:17 GMT",https://www.ncei.noaa.gov/data/nclimgrid-daily/access/averages/1987/ncdd-198708-version.txt,raw/nclimgrid_daily/version/1987/ncdd-198708-version.txt,76a41356362314b68c7f52778960584ab9b0db21091194e9708b949bafe9597b,processed/nclimgrid_daily/county_tavg/1987/county_tavg_198708.csv,96317,"nclimgrid-daily_v1-0-0_snap2026-07-30, start: 1951-01, end: 2026-06, status: scaled}",/Users/andrewpark/Desktop/Code/WeatherDerivativePricing,2026-09-02T15:42:54+00:00,Mon Mar 27 22:45:57 2017,True
tavg,1987-09,scaled,https://www.ncei.noaa.gov/data/nclimgrid-daily/access/averages/1987/tavg-198709-cty-scaled.csv,raw/nclimgrid_daily/averages/1987/tavg-198709-cty-scaled.csv,2026-07-30T03:38:15+00:00,1093490,85a266ea963678131b7af700a0a423c6b6d96b9f8590ee17fe895b5fc2b3a39a,"""10af72-5e78a089a474f""","Wed, 31 Aug 2022 14:08:39 GMT",https://www.ncei.noaa.gov/data/nclimgrid-daily/access/averages/1987/ncdd-198709-version.txt,raw/nclimgrid_daily/version/1987/ncdd-198709-version.txt,29328ad44f293ccb75d61da69586b5ccf2293fc3001ad3aa0dacd019f6627efc,processed/nclimgrid_daily/county_tavg/1987/county_tavg_198709.csv,93210,"nclimgrid-daily_v1-0-0_snap2026-07-30, start: 1951-01, end: 2026-06, status: scaled}",/Users/andrewpark/Desktop/Code/WeatherDerivativePricing,2026-09-02T15:42:54+00:00,Mon Mar 27 22:46:29 2017,True
tavg,1987-10,scaled,https://www.ncei.noaa.gov/data/nclimgrid-daily/access/averages/1987/tavg-198710-cty-scaled.csv,raw/nclimgrid_daily/averages/1987/tavg-198710-cty-scaled.csv,2026-07-30T03:38:16+00:00,1093490,1c2fdc5238f21537c7ecb62cb365696efda495290e961b42415830bb7b031cb7,"""10af72-5e78a09d3926e""","Wed, 31 Aug 2022 14:08:59 GMT",https://www.ncei.noaa.gov/data/nclimgrid-daily/access/averages/1987/ncdd-198710-version.txt,raw/nclimgrid_daily/version/1987/ncdd-198710-version.txt,0a1ff39b2277e24b21b2a997afb35b7f58b2e6d4dce5bb9a6b2ab17ddd0115e8,processed/nclimgrid_daily/county_tavg/1987/county_tavg_198710.csv,96317,"nclimgrid-daily_v1-0-0_snap2026-07-30, start: 1951-01, end: 2026-06, status: scaled}",/Users/andrewpark/Desktop/Code/WeatherDerivativePricing,2026-09-02T15:42:54+00:00,Mon Mar 27 22:47:00 2017,True
tavg,1987-11,scaled,https://www.ncei.noaa.gov/data/nclimgrid-daily/access/averages/1987/tavg-198711-cty-scaled.csv,raw/nclimgrid_daily/averages/1987/tavg-198711-cty-scaled.csv,2026-07-30T03:38:17+00:00,1093490,09b6f17f2d4fa41ea0753fd23942940a1615058cb6bc4f638ed3e8e17e2f1758,"""10af72-5e78a0b069fe5""","Wed, 31 Aug 2022 14:09:20 GMT",https://www.ncei.noaa.gov/data/nclimgrid-daily/access/averages/1987/ncdd-198711-version.txt,raw/nclimgrid_daily/version/1987/ncdd-198711-version.txt,c4f36820f1796c22f59f1a7dfa5c6324c12b37872130df4e66bdaf0713728306,processed/nclimgrid_daily/county_tavg/1987/county_tavg_198711.csv,93210,"nclimgrid-daily_v1-0-0_snap2026-07-30, start: 1951-01, end: 2026-06, status: scaled}",/Users/andrewpark/Desktop/Code/WeatherDerivativePricing,2026-09-02T15:42:54+00:00,Mon Mar 27 22:47:29 2017,True
tavg,1987-12,scaled,https://www.ncei.noaa.gov/data/nclimgrid-daily/access/averages/1987/tavg-198712-cty-scaled.csv,raw/nclimgrid_daily/averages/1987/tavg-198712-cty-scaled.csv,2026-07-30T03:38:17+00:00,1093490,d0fefd74c58026adfa82f53dddaae3a36c0b5aa180d4b3097120f40728ee7109,"""10af72-5e78a0c53e44d""","Wed, 31 Aug 2022 14:09:41 GMT",https://www.ncei.noaa.gov/data/nclimgrid-daily/access/averages/1987/ncdd-198712-version.txt,raw/nclimgrid_daily/version/1987/ncdd-198712-version.txt,35dd35673e16416c2b75ab8580770d5fb748986f96f8f3cd7b4b6a88069f0744,processed/nclimgrid_daily/county_tavg/1987/county_tavg_198712.csv,96317,"nclimgrid-daily_v1-0-0_snap2026-07-30, start: 1951-01, end: 2026-06, status: scaled}",/Users/andrewpark/Desktop/Code/WeatherDerivativePricing,2026-09-02T15:42:54+00:00,Mon Mar 27 22:48:01 2017,True
tavg,1988-01,scaled,https://www.ncei.noaa.gov/data/nclimgrid-daily/access/averages/1988/tavg-198801-cty-scaled.csv,raw/nclimgrid_daily/averages/1988/tavg-198801-cty-scaled.csv,2026-07-30T03:38:18+00:00,1093490,cde821a5df57fe741192f21133b87938b90a46acfbc2b35e07e0bc858e6484f2,"""10af72-5e78a0d9d5c0c""","Wed, 31 Aug 2022 14:10:03 GMT",https://www.ncei.noaa.gov/data/nclimgrid-daily/access/averages/1988/ncdd-198801-version.txt,raw/nclimgrid_daily/version/1988/ncdd-198801-version.txt,baa64dd0aece9e0ebde5feda8e5ba89f52aed21c0a21fb27921c96d9d1fb60d2,processed/nclimgrid_daily/county_tavg/1988/county_tavg_198801.csv,96317,"nclimgrid-daily_v1-0-0_snap2026-07-30, start: 1951-01, end: 2026-06, status: scaled}",/Users/andrewpark/Desktop/Code/WeatherDerivativePricing,2026-09-02T15:42:54+00:00,Tue Mar 28 12:17:02 2017,True
tavg,1988-02,scaled,https://www.ncei.noaa.gov/data/nclimgrid-daily/access/averages/1988/tavg-198802-cty-scaled.csv,raw/nclimgrid_daily/averages/1988/tavg-198802-cty-scaled.csv,2026-07-30T03:38:19+00:00,1093490,6463cd43048770542e5b4412e9fcd27d09ba1a59dc626bf5039ca8f80731788b,"""10af72-5e78a0ef48f6c""","Wed, 31 Aug 2022 14:10:25 GMT",https://www.ncei.noaa.gov/data/nclimgrid-daily/access/averages/1988/ncdd-198802-version.txt,raw/nclimgrid_daily/version/1988/ncdd-198802-version.txt,eb5370035d99ccb9e118bb89dd5b8cb5994345fe573eb86ab2a2273aea5bebd8,processed/nclimgrid_daily/county_tavg/1988/county_tavg_198802.csv,90103,"nclimgrid-daily_v1-0-0_snap2026-07-30, start: 1951-01, end: 2026-06, status: scaled}",/Users/andrewpark/Desktop/Code/WeatherDerivativePricing,2026-09-02T15:42:54+00:00,Tue Mar 28 12:17:32 2017,True
tavg,1988-03,scaled,https://www.ncei.noaa.gov/data/nclimgrid-daily/access/averages/1988/tavg-198803-cty-scaled.csv,raw/nclimgrid_daily/averages/1988/tavg-198803-cty-scaled.csv,2026-07-30T03:38:19+00:00,1093490,74292a4fc1c34337c99a7afdd1ea4e622fafa6e4bf9a7e5898707d3411b660e2,"""10af72-5e78a103e0343""","Wed, 31 Aug 2022 14:10:47 GMT",https://www.ncei.noaa.gov/data/nclimgrid-daily/access/averages/1988/ncdd-198803-version.txt,raw/nclimgrid_daily/version/1988/ncdd-198803-version.txt,d024da8e855a57d23cd4a785978a27584887b7dc5ae252791fd43802885ecb94,processed/nclimgrid_daily/county_tavg/1988/county_tavg_198803.csv,96317,"nclimgrid-daily_v1-0-0_snap2026-07-30, start: 1951-01, end: 2026-06, status: scaled}",/Users/andrewpark/Desktop/Code/WeatherDerivativePricing,2026-09-02T15:42:54+00:00,Tue Mar 28 12:18:03 2017,True
tavg,1988-04,scaled,https://www.ncei.noaa.gov/data/nclimgrid-daily/access/averages/1988/tavg-198804-cty-scaled.csv,raw/nclimgrid_daily/averages/1988/tavg-198804-cty-scaled.csv,2026-07-30T03:38:20+00:00,1093490,fbf80f0a572b5c30ab03253457b07bba1b68ecd7915fbf8226864b6c0709cbee,"""10af72-5e78a1194679a""","Wed, 31 Aug 2022 14:11:09 GMT",https://www.ncei.noaa.gov/data/nclimgrid-daily/access/averages/1988/ncdd-198804-version.txt,raw/nclimgrid_daily/version/1988/ncdd-198804-version.txt,55170a6f94ff4d8dc3d0fc0b455ebb4f3a4cd2299cb21e217fc7a4d03ba8d45d,processed/nclimgrid_daily/county_tavg/1988/county_tavg_198804.csv,93210,"nclimgrid-daily_v1-0-0_snap2026-07-30, start: 1951-01, end: 2026-06, status: scaled}",/Users/andrewpark/Desktop/Code/WeatherDerivativePricing,2026-09-02T15:42:54+00:00,Tue Mar 28 12:18:35 2017,True
tavg,1988-05,scaled,https://www.ncei.noaa.gov/data/nclimgrid-daily/access/averages/1988/tavg-198805-cty-scaled.csv,raw/nclimgrid_daily/averages/1988/tavg-198805-cty-scaled.csv,2026-07-30T03:38:20+00:00,1093490,dcccccb6edd5012940a0ff640ecbc8dd008f40a9cce0a7986ce5eb597313758e,"""10af72-5e78a12e205da""","Wed, 31 Aug 2022 14:11:31 GMT",https://www.ncei.noaa.gov/data/nclimgrid-daily/access/averages/1988/ncdd-198805-version.txt,raw/nclimgrid_daily/version/1988/ncdd-198805-version.txt,f1d493246aad1c5639f2a75e19f01ebfb81f6c658f4dc296fcc23a89bd76104e,processed/nclimgrid_daily/county_tavg/1988/county_tavg_198805.csv,96317,"nclimgrid-daily_v1-0-0_snap2026-07-30, start: 1951-01, end: 2026-06, status: scaled}",/Users/andrewpark/Desktop/Code/WeatherDerivativePricing,2026-09-02T15:42:54+00:00,Tue Mar 28 12:19:10 2017,True
tavg,1988-06,scaled,https://www.ncei.noaa.gov/data/nclimgrid-daily/access/averages/1988/tavg-198806-cty-scaled.csv,raw/nclimgrid_daily/averages/1988/tavg-198806-cty-scaled.csv,2026-07-30T03:38:21+00:00,1093490,5c814a225f4d2a878f0ca6f57aafbadf59fbca858efb139b3cc2845821d8125a,"""10af72-5e78a142956d1""","Wed, 31 Aug 2022 14:11:53 GMT",https://www.ncei.noaa.gov/data/nclimgrid-daily/access/averages/1988/ncdd-198806-version.txt,raw/nclimgrid_daily/version/1988/ncdd-198806-version.txt,7d36b071a1960d876aa15ebde7d425f010e4e56b5bcfe47ccec62dd16fb1afad,processed/nclimgrid_daily/county_tavg/1988/county_tavg_198806.csv,93210,"nclimgrid-daily_v1-0-0_snap2026-07-30, start: 1951-01, end: 2026-06, status: scaled}",/Users/andrewpark/Desktop/Code/WeatherDerivativePricing,2026-09-02T15:42:54+00:00,Tue Mar 28 12:19:42 2017,True
tavg,1988-07,scaled,https://www.ncei.noaa.gov/data/nclimgrid-daily/access/averages/1988/tavg-198807-cty-scaled.csv,raw/nclimgrid_daily/averages/1988/tavg-198807-cty-scaled.csv,2026-07-30T03:38:22+00:00,1093490,c3d4499dcada5c3cb8260cf9a41a641779507f4892c58e921102341e6979da4f,"""10af72-5e78a15708c71""","Wed, 31 Aug 2022 14:12:14 GMT",https://www.ncei.noaa.gov/data/nclimgrid-daily/access/averages/1988/ncdd-198807-version.txt,raw/nclimgrid_daily/version/1988/ncdd-198807-version.txt,c905fc450769faea8870801368e24b5a21d0d5cfae8862154dc0612f43488401,processed/nclimgrid_daily/county_tavg/1988/county_tavg_198807.csv,96317,"nclimgrid-daily_v1-0-0_snap2026-07-30, start: 1951-01, end: 2026-06, status: scaled}",/Users/andrewpark/Desktop/Code/WeatherDerivativePricing,2026-09-02T15:42:54+00:00,Tue Mar 28 12:20:17 2017,True
tavg,1988-08,scaled,https://www.ncei.noaa.gov/data/nclimgrid-daily/access/averages/1988/tavg-198808-cty-scaled.csv,raw/nclimgrid_daily/averages/1988/tavg-198808-cty-scaled.csv,2026-07-30T03:38:22+00:00,1093490,b06a0edff3fa7d750f0d8c95a21d98011c1e7e0ea60e7863650c805219ee7f17,"""10af72-5e78a16bc9088""","Wed, 31 Aug 2022 14:12:36 GMT",https://www.ncei.noaa.gov/data/nclimgrid-daily/access/averages/1988/ncdd-198808-version.txt,raw/nclimgrid_daily/version/1988/ncdd-198808-version.txt,98f28d91bf5a553e9812b7184d789561ff18fe19165a37ff425181ba92442bd1,processed/nclimgrid_daily/county_tavg/1988/county_tavg_198808.csv,96317,"nclimgrid-daily_v1-0-0_snap2026-07-30, start: 1951-01, end: 2026-06, status: scaled}",/Users/andrewpark/Desktop/Code/WeatherDerivativePricing,2026-09-02T15:42:54+00:00,Tue Mar 28 12:20:52 2017,True
tavg,1988-09,scaled,https://www.ncei.noaa.gov/data/nclimgrid-daily/access/averages/1988/tavg-198809-cty-scaled.csv,raw/nclimgrid_daily/averages/1988/tavg-198809-cty-scaled.csv,2026-07-30T03:38:23+00:00,1093490,d9b0eabd8b3e2ac761c88725974e8b96c318e260564e84e56bf14bd152c6ed9a,"""10af72-5e78a180387a8""","Wed, 31 Aug 2022 14:12:57 GMT",https://www.ncei.noaa.gov/data/nclimgrid-daily/access/averages/1988/ncdd-198809-version.txt,raw/nclimgrid_daily/version/1988/ncdd-198809-version.txt,3ee58a24fc5a9ababceb045da851d3eface50dbed6b2dbf81f20db07476e264f,processed/nclimgrid_daily/county_tavg/1988/county_tavg_198809.csv,93210,"nclimgrid-daily_v1-0-0_snap2026-07-30, start: 1951-01, end: 2026-06, status: scaled}",/Users/andrewpark/Desktop/Code/WeatherDerivativePricing,2026-09-02T15:42:54+00:00,Tue Mar 28 12:21:26 2017,True
tavg,1988-10,scaled,https://www.ncei.noaa.gov/data/nclimgrid-daily/access/averages/1988/tavg-198810-cty-scaled.csv,raw/nclimgrid_daily/averages/1988/tavg-198810-cty-scaled.csv,2026-07-30T03:38:23+00:00,1093490,275789dfeb5fccaeeaea3893fccbdfd60738383099e1019b9ffcec875816dd5c,"""10af72-5e78a194c0d37""","Wed, 31 Aug 2022 14:13:19 GMT",https://www.ncei.noaa.gov/data/nclimgrid-daily/access/averages/1988/ncdd-198810-version.txt,raw/nclimgrid_daily/version/1988/ncdd-198810-version.txt,3357e1ddb1a8d6dd62c54e44012e126a56c6abc595864b9adc1c535e4ab4a8d9,processed/nclimgrid_daily/county_tavg/1988/county_tavg_198810.csv,96317,"nclimgrid-daily_v1-0-0_snap2026-07-30, start: 1951-01, end: 2026-06, status: scaled}",/Users/andrewpark/Desktop/Code/WeatherDerivativePricing,2026-09-02T15:42:54+00:00,Tue Mar 28 12:22:00 2017,True
tavg,1988-11,scaled,https://www.ncei.noaa.gov/data/nclimgrid-daily/access/averages/1988/tavg-198811-cty-scaled.csv,raw/nclimgrid_daily/averages/1988/tavg-198811-cty-scaled.csv,2026-07-30T03:38:24+00:00,1093490,00589ab790cccb832385faecd9f66adc0619e230143388a78569b8dae272015e,"""10af72-5e78a1a9dda27""","Wed, 31 Aug 2022 14:13:41 GMT",https://www.ncei.noaa.gov/data/nclimgrid-daily/access/averages/1988/ncdd-198811-version.txt,raw/nclimgrid_daily/version/1988/ncdd-198811-version.txt,b99e34ce4d0c98eea34112f7cf92cd74548844c98c7758abfd67d6f1cf9dd1a1,processed/nclimgrid_daily/county_tavg/1988/county_tavg_198811.csv,93210,"nclimgrid-daily_v1-0-0_snap2026-07-30, start: 1951-01, end: 2026-06, status: scaled}",/Users/andrewpark/Desktop/Code/WeatherDerivativePricing,2026-09-02T15:42:54+00:00,Tue Mar 28 12:22:33 2017,True
tavg,1988-12,scaled,https://www.ncei.noaa.gov/data/nclimgrid-daily/access/averages/1988/tavg-198812-cty-scaled.csv,raw/nclimgrid_daily/averages/1988/tavg-198812-cty-scaled.csv,2026-07-30T03:38:25+00:00,1093490,8be31af48a04533e94080933824d1895e98e9150dbce94df002eaf23c0cab74a,"""10af72-5e78a1be30c27""","Wed, 31 Aug 2022 14:14:02 GMT",https://www.ncei.noaa.gov/data/nclimgrid-daily/access/averages/1988/ncdd-198812-version.txt,raw/nclimgrid_daily/version/1988/ncdd-198812-version.txt,8b808477e84181090da8ffddba42d1cead48307ab2b3cb3cb7cb5c4b6a77e15e,processed/nclimgrid_daily/county_tavg/1988/county_tavg_198812.csv,96317,"nclimgrid-daily_v1-0-0_snap2026-07-30, start: 1951-01, end: 2026-06, status: scaled}",/Users/andrewpark/Desktop/Code/WeatherDerivativePricing,2026-09-02T15:42:54+00:00,Tue Mar 28 12:23:07 2017,True
tavg,1989-01,scaled,https://www.ncei.noaa.gov/data/nclimgrid-daily/access/averages/1989/tavg-198901-cty-scaled.csv,raw/nclimgrid_daily/averages/1989/tavg-198901-cty-scaled.csv,2026-07-30T03:38:25+00:00,1093490,39a556cb06641526605386c7c986ce8e5eefdc7a946a32aae7ad2633721a86f7,"""10af72-5e78a1d3263ce""","Wed, 31 Aug 2022 14:14:24 GMT",https://www.ncei.noaa.gov/data/nclimgrid-daily/access/averages/1989/ncdd-198901-version.txt,raw/nclimgrid_daily/version/1989/ncdd-198901-version.txt,5bc34af6c8b4db11a78ed65aa2adc8b98ae948aa649aa938b394c7a9767e4ca6,processed/nclimgrid_daily/county_tavg/1989/county_tavg_198901.csv,96317,"nclimgrid-daily_v1-0-0_snap2026-07-30, start: 1951-01, end: 2026-06, status: scaled}",/Users/andrewpark/Desktop/Code/WeatherDerivativePricing,2026-09-02T15:42:54+00:00,Wed Mar 29 01:05:25 2017,True
tavg,1989-02,scaled,https://www.ncei.noaa.gov/data/nclimgrid-daily/access/averages/1989/tavg-198902-cty-scaled.csv,raw/nclimgrid_daily/averages/1989/tavg-198902-cty-scaled.csv,2026-07-30T03:38:26+00:00,1093490,53edbedddfbc07eb091b4964155d9ba7ab114768fe78838f983991627bddf257,"""10af72-5e78a1e91b166""","Wed, 31 Aug 2022 14:14:47 GMT",https://www.ncei.noaa.gov/data/nclimgrid-daily/access/averages/1989/ncdd-198902-version.txt,raw/nclimgrid_daily/version/1989/ncdd-198902-version.txt,a842e88cedad4f538a7a8e137f73e706fb64f10537968ec2e0e4c15162b85dbe,processed/nclimgrid_daily/county_tavg/1989/county_tavg_198902.csv,86996,"nclimgrid-daily_v1-0-0_snap2026-07-30, start: 1951-01, end: 2026-06, status: scaled}",/Users/andrewpark/Desktop/Code/WeatherDerivativePricing,2026-09-02T15:42:54+00:00,Wed Mar 29 01:05:50 2017,True
tavg,1989-03,scaled,https://www.ncei.noaa.gov/data/nclimgrid-daily/access/averages/1989/tavg-198903-cty-scaled.csv,raw/nclimgrid_daily/averages/1989/tavg-198903-cty-scaled.csv,2026-07-30T03:38:27+00:00,1093490,f03c128356797e117b48bb7644de93654638746c420f5cc7cb895e14c7006ca4,"""10af72-5e78a1fe71fa5""","Wed, 31 Aug 2022 14:15:10 GMT",https://www.ncei.noaa.gov/data/nclimgrid-daily/access/averages/1989/ncdd-198903-version.txt,raw/nclimgrid_daily/version/1989/ncdd-198903-version.txt,eb9b933f22e71e7980d5a8a2d23ea38065b6b7dbcb568cf529a2632bbb7251c9,processed/nclimgrid_daily/county_tavg/1989/county_tavg_198903.csv,96317,"nclimgrid-daily_v1-0-0_snap2026-07-30, start: 1951-01, end: 2026-06, status: scaled}",/Users/andrewpark/Desktop/Code/WeatherDerivativePricing,2026-09-02T15:42:54+00:00,Wed Mar 29 01:06:21 2017,True
tavg,1989-04,scaled,https://www.ncei.noaa.gov/data/nclimgrid-daily/access/averages/1989/tavg-198904-cty-scaled.csv,raw/nclimgrid_daily/averages/1989/tavg-198904-cty-scaled.csv,2026-07-30T03:38:27+00:00,1093490,7ce67bf1d359ac023777eea184009a1c13d67374b3b0bed370c87d41748cccf9,"""10af72-5e78a213e762c""","Wed, 31 Aug 2022 14:15:32 GMT",https://www.ncei.noaa.gov/data/nclimgrid-daily/access/averages/1989/ncdd-198904-version.txt,raw/nclimgrid_daily/version/1989/ncdd-198904-version.txt,b12ce8c36a1077762bf4bfac819b8e5fb4e6715f6563d88ad39aa82261e322e3,processed/nclimgrid_daily/county_tavg/1989/county_tavg_198904.csv,93210,"nclimgrid-daily_v1-0-0_snap2026-07-30, start: 1951-01, end: 2026-06, status: scaled}",/Users/andrewpark/Desktop/Code/WeatherDerivativePricing,2026-09-02T15:42:54+00:00,Wed Mar 29 01:06:53 2017,True
tavg,1989-05,scaled,https://www.ncei.noaa.gov/data/nclimgrid-daily/access/averages/1989/tavg-198905-cty-scaled.csv,raw/nclimgrid_daily/averages/1989/tavg-198905-cty-scaled.csv,2026-07-30T03:38:28+00:00,1093490,ef9af5c82675cf71ed6ee9d006c2533ebd0ec42193d692b868c1a267b532fa7e,"""10af72-5e78a228efe84""","Wed, 31 Aug 2022 14:15:54 GMT",https://www.ncei.noaa.gov/data/nclimgrid-daily/access/averages/1989/ncdd-198905-version.txt,raw/nclimgrid_daily/version/1989/ncdd-198905-version.txt,8bd29b99b0e9ea2877d788af123cfba79dc77c59c6c35204ea0db3c88086a994,processed/nclimgrid_daily/county_tavg/1989/county_tavg_198905.csv,96317,"nclimgrid-daily_v1-0-0_snap2026-07-30, start: 1951-01, end: 2026-06, status: scaled}",/Users/andrewpark/Desktop/Code/WeatherDerivativePricing,2026-09-02T15:42:54+00:00,Wed Mar 29 01:07:25 2017,True
tavg,1989-06,scaled,https://www.ncei.noaa.gov/data/nclimgrid-daily/access/averages/1989/tavg-198906-cty-scaled.csv,raw/nclimgrid_daily/averages/1989/tavg-198906-cty-scaled.csv,2026-07-30T03:38:29+00:00,1093490,9da55a231f72433f63888cd04c496878424dea807591cbae111793695cf72b15,"""10af72-5e78a23c724ab""","Wed, 31 Aug 2022 14:16:15 GMT",https://www.ncei.noaa.gov/data/nclimgrid-daily/access/averages/1989/ncdd-198906-version.txt,raw/nclimgrid_daily/version/1989/ncdd-198906-version.txt,e0a2f990f4928921fed7fadaa3f1fd3434dc8d6ab79bf13007759e81d1f793b5,processed/nclimgrid_daily/county_tavg/1989/county_tavg_198906.csv,93210,"nclimgrid-daily_v1-0-0_snap2026-07-30, start: 1951-01, end: 2026-06, status: scaled}",/Users/andrewpark/Desktop/Code/WeatherDerivativePricing,2026-09-02T15:42:54+00:00,Wed Mar 29 01:07:57 2017,True
tavg,1989-07,scaled,https://www.ncei.noaa.gov/data/nclimgrid-daily/access/averages/1989/tavg-198907-cty-scaled.csv,raw/nclimgrid_daily/averages/1989/tavg-198907-cty-scaled.csv,2026-07-30T03:38:29+00:00,1093490,4b24945c35bde565da1d06fb2772ff898539e514cb81b800028819e6674fc4a9,"""10af72-5e78a25338203""","Wed, 31 Aug 2022 14:16:39 GMT",https://www.ncei.noaa.gov/data/nclimgrid-daily/access/averages/1989/ncdd-198907-version.txt,raw/nclimgrid_daily/version/1989/ncdd-198907-version.txt,20f793ea1dcd01a2555c06b8113a062e707579c44e6db7c482316f0c594b7df2,processed/nclimgrid_daily/county_tavg/1989/county_tavg_198907.csv,96317,"nclimgrid-daily_v1-0-0_snap2026-07-30, start: 1951-01, end: 2026-06, status: scaled}",/Users/andrewpark/Desktop/Code/WeatherDerivativePricing,2026-09-02T15:42:54+00:00,Wed Mar 29 01:08:29 2017,True
tavg,1989-08,scaled,https://www.ncei.noaa.gov/data/nclimgrid-daily/access/averages/1989/tavg-198908-cty-scaled.csv,raw/nclimgrid_daily/averages/1989/tavg-198908-cty-scaled.csv,2026-07-30T03:38:30+00:00,1093490,a8092c54f2d47b863a7588d9d9dde5472b0d9f72c8f32a67180f89790da0f2ba,"""10af72-5e78a267ed652""","Wed, 31 Aug 2022 14:17:00 GMT",https://www.ncei.noaa.gov/data/nclimgrid-daily/access/averages/1989/ncdd-198908-version.txt,raw/nclimgrid_daily/version/1989/ncdd-198908-version.txt,68e7e20e707061003e5ec0c62ce12cb957201fb6433fd7895607c5539fd168b3,processed/nclimgrid_daily/county_tavg/1989/county_tavg_198908.csv,96317,"nclimgrid-daily_v1-0-0_snap2026-07-30, start: 1951-01, end: 2026-06, status: scaled}",/Users/andrewpark/Desktop/Code/WeatherDerivativePricing,2026-09-02T15:42:54+00:00,Wed Mar 29 01:09:02 2017,True
tavg,1989-09,scaled,https://www.ncei.noaa.gov/data/nclimgrid-daily/access/averages/1989/tavg-198909-cty-scaled.csv,raw/nclimgrid_daily/averages/1989/tavg-198909-cty-scaled.csv,2026-07-30T03:38:30+00:00,1093490,18451b29aa8d39d951b2beae192a476a844e49e60ead20dbb99fc188b0e7ba5d,"""10af72-5e78a27ad3c62""","Wed, 31 Aug 2022 14:17:20 GMT",https://www.ncei.noaa.gov/data/nclimgrid-daily/access/averages/1989/ncdd-198909-version.txt,raw/nclimgrid_daily/version/1989/ncdd-198909-version.txt,d52adb3afb25b8b9202a6763b090c1ee25d621fcec6ccd1e794052b803e13eab,processed/nclimgrid_daily/county_tavg/1989/county_tavg_198909.csv,93210,"nclimgrid-daily_v1-0-0_snap2026-07-30, start: 1951-01, end: 2026-06, status: scaled}",/Users/andrewpark/Desktop/Code/WeatherDerivativePricing,2026-09-02T15:42:54+00:00,Wed Mar 29 01:09:34 2017,True
tavg,1989-10,scaled,https://www.ncei.noaa.gov/data/nclimgrid-daily/access/averages/1989/tavg-198910-cty-scaled.csv,raw/nclimgrid_daily/averages/1989/tavg-198910-cty-scaled.csv,2026-07-30T03:38:31+00:00,1093490,801c8f9bfe6e3cfe9e1bf2a29fcf893f79d533b9eafa64dfa00d684c066bac80,"""10af72-5e78a28f99e39""","Wed, 31 Aug 2022 14:17:42 GMT",https://www.ncei.noaa.gov/data/nclimgrid-daily/access/averages/1989/ncdd-198910-version.txt,raw/nclimgrid_daily/version/1989/ncdd-198910-version.txt,457b87cc3b04ef920de485d321cd64ff1495b84fddb96f5d9d9de46ebd0ec66d,processed/nclimgrid_daily/county_tavg/1989/county_tavg_198910.csv,96317,"nclimgrid-daily_v1-0-0_snap2026-07-30, start: 1951-01, end: 2026-06, status: scaled}",/Users/andrewpark/Desktop/Code/WeatherDerivativePricing,2026-09-02T15:42:54+00:00,Wed Mar 29 01:10:08 2017,True
tavg,1989-11,scaled,https://www.ncei.noaa.gov/data/nclimgrid-daily/access/averages/1989/tavg-198911-cty-scaled.csv,raw/nclimgrid_daily/averages/1989/tavg-198911-cty-scaled.csv,2026-07-30T03:38:32+00:00,1093490,15ea02aa88225e900ddcb5aa55ee609643c828c108454550767eeca365fbff89,"""10af72-5e78a2a2cda90""","Wed, 31 Aug 2022 14:18:02 GMT",https://www.ncei.noaa.gov/data/nclimgrid-daily/access/averages/1989/ncdd-198911-version.txt,raw/nclimgrid_daily/version/1989/ncdd-198911-version.txt,cdd585c19c9f2989e729be919c8fc87f503c40b6ea691f42621af48702b9c0dc,processed/nclimgrid_daily/county_tavg/1989/county_tavg_198911.csv,93210,"nclimgrid-daily_v1-0-0_snap2026-07-30, start: 1951-01, end: 2026-06, status: scaled}",/Users/andrewpark/Desktop/Code/WeatherDerivativePricing,2026-09-02T15:42:54+00:00,Wed Mar 29 01:10:41 2017,True
tavg,1989-12,scaled,https://www.ncei.noaa.gov/data/nclimgrid-daily/access/averages/1989/tavg-198912-cty-scaled.csv,raw/nclimgrid_daily/averages/1989/tavg-198912-cty-scaled.csv,2026-07-30T03:38:32+00:00,1093490,5b6c114862b772feb8182f9a2476399b4ab602afde56dfe91c1b7221d9c58bca,"""10af72-5e78a2b68cd60""","Wed, 31 Aug 2022 14:18:23 GMT",https://www.ncei.noaa.gov/data/nclimgrid-daily/access/averages/1989/ncdd-198912-version.txt,raw/nclimgrid_daily/version/1989/ncdd-198912-version.txt,ef9db24c2eca547dcc83dd4f6a38a967c31e6aabbbe19e5e78be19d6de819802,processed/nclimgrid_daily/county_tavg/1989/county_tavg_198912.csv,96317,"nclimgrid-daily_v1-0-0_snap2026-07-30, start: 1951-01, end: 2026-06, status: scaled}",/Users/andrewpark/Desktop/Code/WeatherDerivativePricing,2026-09-02T15:42:54+00:00,Wed Mar 29 01:11:15 2017,True
tavg,1990-01,scaled,https://www.ncei.noaa.gov/data/nclimgrid-daily/access/averages/1990/tavg-199001-cty-scaled.csv,raw/nclimgrid_daily/averages/1990/tavg-199001-cty-scaled.csv,2026-07-30T03:38:33+00:00,1093490,9f08bd6fcf4e378848e9e900b39ff509baa8447e8c2582eb468ebee946b2eedf,"""10af72-5e7a3be0ccdd0""","Thu, 01 Sep 2022 20:48:57 GMT",https://www.ncei.noaa.gov/data/nclimgrid-daily/access/averages/1990/ncdd-199001-version.txt,raw/nclimgrid_daily/version/1990/ncdd-199001-version.txt,c6b10144247af4f989f0ac1ee56aaf1b583c663fa7ab6ca708eb0ca995e42a9b,processed/nclimgrid_daily/county_tavg/1990/county_tavg_199001.csv,96317,"nclimgrid-daily_v1-0-0_snap2026-07-30, start: 1951-01, end: 2026-06, status: scaled}",/Users/andrewpark/Desktop/Code/WeatherDerivativePricing,2026-09-02T15:42:54+00:00,Wed Mar 29 18:04:27 2017,True
tavg,1990-02,scaled,https://www.ncei.noaa.gov/data/nclimgrid-daily/access/averages/1990/tavg-199002-cty-scaled.csv,raw/nclimgrid_daily/averages/1990/tavg-199002-cty-scaled.csv,2026-07-30T03:38:33+00:00,1093490,d124d7c8106f696cc948299226ca7a020fa261236e4e3006b564f79ecc580468,"""10af72-5e7a3bf389bd0""","Thu, 01 Sep 2022 20:49:17 GMT",https://www.ncei.noaa.gov/data/nclimgrid-daily/access/averages/1990/ncdd-199002-version.txt,raw/nclimgrid_daily/version/1990/ncdd-199002-version.txt,4d10e3dc994967edee03ada2170ed7769605d0f109884183b2e4d025dd71d1e3,processed/nclimgrid_daily/county_tavg/1990/county_tavg_199002.csv,86996,"nclimgrid-daily_v1-0-0_snap2026-07-30, start: 1951-01, end: 2026-06, status: scaled}",/Users/andrewpark/Desktop/Code/WeatherDerivativePricing,2026-09-02T15:42:54+00:00,Wed Mar 29 18:05:07 2017,True
tavg,1990-03,scaled,https://www.ncei.noaa.gov/data/nclimgrid-daily/access/averages/1990/tavg-199003-cty-scaled.csv,raw/nclimgrid_daily/averages/1990/tavg-199003-cty-scaled.csv,2026-07-30T03:38:34+00:00,1093490,16d2faa0f56344952316b7480942d26bd3e340a0cbd225475acadbf0c05c2399,"""10af72-5e7a3c062009f""","Thu, 01 Sep 2022 20:49:36 GMT",https://www.ncei.noaa.gov/data/nclimgrid-daily/access/averages/1990/ncdd-199003-version.txt,raw/nclimgrid_daily/version/1990/ncdd-199003-version.txt,7191ad946a3f6bd59927a3a42fcdcea2e08c3c707538a5ae4830ee358b6d2c90,processed/nclimgrid_daily/county_tavg/1990/county_tavg_199003.csv,96317,"nclimgrid-daily_v1-0-0_snap2026-07-30, start: 1951-01, end: 2026-06, status: scaled}",/Users/andrewpark/Desktop/Code/WeatherDerivativePricing,2026-09-02T15:42:54+00:00,Wed Mar 29 18:05:55 2017,True
tavg,1990-04,scaled,https://www.ncei.noaa.gov/data/nclimgrid-daily/access/averages/1990/tavg-199004-cty-scaled.csv,raw/nclimgrid_daily/averages/1990/tavg-199004-cty-scaled.csv,2026-07-30T03:38:35+00:00,1093490,29aede62557a223fe9ae852db111a655997587b58af61c77473d8159247d8c7b,"""10af72-5e7a3c1a57936""","Thu, 01 Sep 2022 20:49:58 GMT",https://www.ncei.noaa.gov/data/nclimgrid-daily/access/averages/1990/ncdd-199004-version.txt,raw/nclimgrid_daily/version/1990/ncdd-199004-version.txt,f9d2fa942e456b4ee49d8c730fd4cdef891e06b7db361b59c2e4bc31a7469f36,processed/nclimgrid_daily/county_tavg/1990/county_tavg_199004.csv,93210,"nclimgrid-daily_v1-0-0_snap2026-07-30, start: 1951-01, end: 2026-06, status: scaled}",/Users/andrewpark/Desktop/Code/WeatherDerivativePricing,2026-09-02T15:42:54+00:00,Wed Mar 29 18:06:37 2017,True
tavg,1990-05,scaled,https://www.ncei.noaa.gov/data/nclimgrid-daily/access/averages/1990/tavg-199005-cty-scaled.csv,raw/nclimgrid_daily/averages/1990/tavg-199005-cty-scaled.csv,2026-07-30T03:38:35+00:00,1093490,7ce95f8235b0f5a70d01d724a90734754744f749918ee5ec8cf119b8f4102d6f,"""10af72-5e7a3c2f6d866""","Thu, 01 Sep 2022 20:50:20 GMT",https://www.ncei.noaa.gov/data/nclimgrid-daily/access/averages/1990/ncdd-199005-version.txt,raw/nclimgrid_daily/version/1990/ncdd-199005-version.txt,f23626e80dc11d5aa1cbb92a61357a61fb6049788ccc689d82633a5b572e36b0,processed/nclimgrid_daily/county_tavg/1990/county_tavg_199005.csv,96317,"nclimgrid-daily_v1-0-0_snap2026-07-30, start: 1951-01, end: 2026-06, status: scaled}",/Users/andrewpark/Desktop/Code/WeatherDerivativePricing,2026-09-02T15:42:54+00:00,Wed Mar 29 18:07:19 2017,True
tavg,1990-06,scaled,https://www.ncei.noaa.gov/data/nclimgrid-daily/access/averages/1990/tavg-199006-cty-scaled.csv,raw/nclimgrid_daily/averages/1990/tavg-199006-cty-scaled.csv,2026-07-30T03:38:36+00:00,1093490,6d19b058fc121ac439c088ff16f4274e627296d69c94f502ffc1041e6d4b286b,"""10af72-5e7a3c4394375""","Thu, 01 Sep 2022 20:50:41 GMT",https://www.ncei.noaa.gov/data/nclimgrid-daily/access/averages/1990/ncdd-199006-version.txt,raw/nclimgrid_daily/version/1990/ncdd-199006-version.txt,4716d5158544c46a97b276291b3cb76b842d76ef7e3b81def038ab843f9ad87f,processed/nclimgrid_daily/county_tavg/1990/county_tavg_199006.csv,93210,"nclimgrid-daily_v1-0-0_snap2026-07-30, start: 1951-01, end: 2026-06, status: scaled}",/Users/andrewpark/Desktop/Code/WeatherDerivativePricing,2026-09-02T15:42:54+00:00,Wed Mar 29 18:08:01 2017,True
tavg,1990-07,scaled,https://www.ncei.noaa.gov/data/nclimgrid-daily/access/averages/1990/tavg-199007-cty-scaled.csv,raw/nclimgrid_daily/averages/1990/tavg-199007-cty-scaled.csv,2026-07-30T03:38:36+00:00,1093490,e8673787ed92f16971b392acfb28c9e4b9f0ada01c4d6c3b8be1eaef188a8691,"""10af72-5e7a3c56484d5""","Thu, 01 Sep 2022 20:51:00 GMT",https://www.ncei.noaa.gov/data/nclimgrid-daily/access/averages/1990/ncdd-199007-version.txt,raw/nclimgrid_daily/version/1990/ncdd-199007-version.txt,0306d3984e96919ef4a6ebf86a22b64bf2e6d457987d036796c7e2b14194d293,processed/nclimgrid_daily/county_tavg/1990/county_tavg_199007.csv,96317,"nclimgrid-daily_v1-0-0_snap2026-07-30, start: 1951-01, end: 2026-06, status: scaled}",/Users/andrewpark/Desktop/Code/WeatherDerivativePricing,2026-09-02T15:42:54+00:00,Wed Mar 29 18:08:48 2017,True
tavg,1990-08,scaled,https://www.ncei.noaa.gov/data/nclimgrid-daily/access/averages/1990/tavg-199008-cty-scaled.csv,raw/nclimgrid_daily/averages/1990/tavg-199008-cty-scaled.csv,2026-07-30T03:38:37+00:00,1093490,449ec46be69ca5a752109cbd312ed70644aba28edfd5a9616287231f608da761,"""10af72-5e7a3c6ade90c""","Thu, 01 Sep 2022 20:51:22 GMT",https://www.ncei.noaa.gov/data/nclimgrid-daily/access/averages/1990/ncdd-199008-version.txt,raw/nclimgrid_daily/version/1990/ncdd-199008-version.txt,19e3905771ada265da8010431191b0da866ea691afded979b073c28dee61a70d,processed/nclimgrid_daily/county_tavg/1990/county_tavg_199008.csv,96317,"nclimgrid-daily_v1-0-0_snap2026-07-30, start: 1951-01, end: 2026-06, status: scaled}",/Users/andrewpark/Desktop/Code/WeatherDerivativePricing,2026-09-02T15:42:54+00:00,Wed Mar 29 18:09:29 2017,True
tavg,1990-09,scaled,https://www.ncei.noaa.gov/data/nclimgrid-daily/access/averages/1990/tavg-199009-cty-scaled.csv,raw/nclimgrid_daily/averages/1990/tavg-199009-cty-scaled.csv,2026-07-30T03:38:38+00:00,1093490,8f62b91ce9a74d14076277407c7933ad6cbbd8bc4d369196c38bebe4a1e9f589,"""10af72-5e7a3c7e3a604""","Thu, 01 Sep 2022 20:51:42 GMT",https://www.ncei.noaa.gov/data/nclimgrid-daily/access/averages/1990/ncdd-199009-version.txt,raw/nclimgrid_daily/version/1990/ncdd-199009-version.txt,deb6baef7c505d30486c6ca8e714913ef0ea70ae44ef56886e96a4f6bb4f4ee5,processed/nclimgrid_daily/county_tavg/1990/county_tavg_199009.csv,93210,"nclimgrid-daily_v1-0-0_snap2026-07-30, start: 1951-01, end: 2026-06, status: scaled}",/Users/andrewpark/Desktop/Code/WeatherDerivativePricing,2026-09-02T15:42:54+00:00,Wed Mar 29 18:10:09 2017,True
tavg,1990-10,scaled,https://www.ncei.noaa.gov/data/nclimgrid-daily/access/averages/1990/tavg-199010-cty-scaled.csv,raw/nclimgrid_daily/averages/1990/tavg-199010-cty-scaled.csv,2026-07-30T03:38:38+00:00,1093490,1a3aead57d64ee1eee9a3c455295419de44a90894d4a53a77b0906d7aef54c2e,"""10af72-5e7a3c91ae99b""","Thu, 01 Sep 2022 20:52:03 GMT",https://www.ncei.noaa.gov/data/nclimgrid-daily/access/averages/1990/ncdd-199010-version.txt,raw/nclimgrid_daily/version/1990/ncdd-199010-version.txt,6e6f9387c0c9f6eef4aafc416facdd5b9c9d5afe903b688a0ba1cab7e07a183e,processed/nclimgrid_daily/county_tavg/1990/county_tavg_199010.csv,96317,"nclimgrid-daily_v1-0-0_snap2026-07-30, start: 1951-01, end: 2026-06, status: scaled}",/Users/andrewpark/Desktop/Code/WeatherDerivativePricing,2026-09-02T15:42:54+00:00,Wed Mar 29 18:10:48 2017,True
tavg,1990-11,scaled,https://www.ncei.noaa.gov/data/nclimgrid-daily/access/averages/1990/tavg-199011-cty-scaled.csv,raw/nclimgrid_daily/averages/1990/tavg-199011-cty-scaled.csv,2026-07-30T03:38:39+00:00,1093490,3c040313145f09ab2ced4d3d720408e374bec8a815aa7b6988e45e3485cc9ecf,"""10af72-5e7a3ca462afb""","Thu, 01 Sep 2022 20:52:22 GMT",https://www.ncei.noaa.gov/data/nclimgrid-daily/access/averages/1990/ncdd-199011-version.txt,raw/nclimgrid_daily/version/1990/ncdd-199011-version.txt,f90bb2763d2eb9661877842258e6130050cdc153cb448987129b167c2d60990b,processed/nclimgrid_daily/county_tavg/1990/county_tavg_199011.csv,93210,"nclimgrid-daily_v1-0-0_snap2026-07-30, start: 1951-01, end: 2026-06, status: scaled}",/Users/andrewpark/Desktop/Code/WeatherDerivativePricing,2026-09-02T15:42:54+00:00,Wed Mar 29 18:11:25 2017,True
tavg,1990-12,scaled,https://www.ncei.noaa.gov/data/nclimgrid-daily/access/averages/1990/tavg-199012-cty-scaled.csv,raw/nclimgrid_daily/averages/1990/tavg-199012-cty-scaled.csv,2026-07-30T03:38:39+00:00,1093490,cde2d9193c3408b5bf0c0cef21b0bbd2ad34228b7f9c1ac9f61df667550ad96e,"""10af72-5e7a3cb7417f2""","Thu, 01 Sep 2022 20:52:42 GMT",https://www.ncei.noaa.gov/data/nclimgrid-daily/access/averages/1990/ncdd-199012-version.txt,raw/nclimgrid_daily/version/1990/ncdd-199012-version.txt,468f9d64985e5d6efb8b482453c4a288897aa69ab5dfea0943ef088d9d30824b,processed/nclimgrid_daily/county_tavg/1990/county_tavg_199012.csv,96317,"nclimgrid-daily_v1-0-0_snap2026-07-30, start: 1951-01, end: 2026-06, status: scaled}",/Users/andrewpark/Desktop/Code/WeatherDerivativePricing,2026-09-02T15:42:54+00:00,Wed Mar 29 18:12:12 2017,True
tavg,1991-01,scaled,https://www.ncei.noaa.gov/data/nclimgrid-daily/access/averages/1991/tavg-199101-cty-scaled.csv,raw/nclimgrid_daily/averages/1991/tavg-199101-cty-scaled.csv,2026-07-30T03:38:40+00:00,1093490,7d4f7febba7f4be2ecd1bfd1e4bf252e61cc04b893596f50c402c6fc068bc759,"""10af72-5e7a3cccc9f29""","Thu, 01 Sep 2022 20:53:05 GMT",https://www.ncei.noaa.gov/data/nclimgrid-daily/access/averages/1991/ncdd-199101-version.txt,raw/nclimgrid_daily/version/1991/ncdd-199101-version.txt,3628a783939223951c41cb1bd089d999bc18d7d101c926ad35dc0d1fb091908d,processed/nclimgrid_daily/county_tavg/1991/county_tavg_199101.csv,96317,"nclimgrid-daily_v1-0-0_snap2026-07-30, start: 1951-01, end: 2026-06, status: scaled}",/Users/andrewpark/Desktop/Code/WeatherDerivativePricing,2026-09-02T15:42:54+00:00,Thu Mar 30 08:00:45 2017,True
tavg,1991-02,scaled,https://www.ncei.noaa.gov/data/nclimgrid-daily/access/averages/1991/tavg-199102-cty-scaled.csv,raw/nclimgrid_daily/averages/1991/tavg-199102-cty-scaled.csv,2026-07-30T03:38:41+00:00,1093490,8d171f9fa508a770bfcd71add0ccf7b0e33839ee64ed1ba30c37c89052b9b6e8,"""10af72-5e7a3ce0ea4a9""","Thu, 01 Sep 2022 20:53:26 GMT",https://www.ncei.noaa.gov/data/nclimgrid-daily/access/averages/1991/ncdd-199102-version.txt,raw/nclimgrid_daily/version/1991/ncdd-199102-version.txt,8e94517d7538809aa6b77ff5f2794803724fdc6eb719544444ea701a0ca3f657,processed/nclimgrid_daily/county_tavg/1991/county_tavg_199102.csv,86996,"nclimgrid-daily_v1-0-0_snap2026-07-30, start: 1951-01, end: 2026-06, status: scaled}",/Users/andrewpark/Desktop/Code/WeatherDerivativePricing,2026-09-02T15:42:54+00:00,Thu Mar 30 08:01:13 2017,True
tavg,1991-03,scaled,https://www.ncei.noaa.gov/data/nclimgrid-daily/access/averages/1991/tavg-199103-cty-scaled.csv,raw/nclimgrid_daily/averages/1991/tavg-199103-cty-scaled.csv,2026-07-30T03:38:41+00:00,1093490,62dff52680b3708ff81cc650ec7d9b75811b04f3f57d863c7d8469d16819e1b9,"""10af72-5e7a3cf591e38""","Thu, 01 Sep 2022 20:53:47 GMT",https://www.ncei.noaa.gov/data/nclimgrid-daily/access/averages/1991/ncdd-199103-version.txt,raw/nclimgrid_daily/version/1991/ncdd-199103-version.txt,6974416d4822888837ae5fdd3cbfa6df82386ae78f1c3ad90c0d0c1a2c3a7fdc,processed/nclimgrid_daily/county_tavg/1991/county_tavg_199103.csv,96317,"nclimgrid-daily_v1-0-0_snap2026-07-30, start: 1951-01, end: 2026-06, status: scaled}",/Users/andrewpark/Desktop/Code/WeatherDerivativePricing,2026-09-02T15:42:54+00:00,Thu Mar 30 08:01:47 2017,True
tavg,1991-04,scaled,https://www.ncei.noaa.gov/data/nclimgrid-daily/access/averages/1991/tavg-199104-cty-scaled.csv,raw/nclimgrid_daily/averages/1991/tavg-199104-cty-scaled.csv,2026-07-30T03:38:42+00:00,1093490,52941db9f09f5669e3592b25ac3d53535be352b3cf6e5e6c07bc67f79c7a00ca,"""10af72-5e7a3d083e680""","Thu, 01 Sep 2022 20:54:07 GMT",https://www.ncei.noaa.gov/data/nclimgrid-daily/access/averages/1991/ncdd-199104-version.txt,raw/nclimgrid_daily/version/1991/ncdd-199104-version.txt,ed606bc06183cf25ac4b83277a3a60834693c4eb63eec01cf513b7aabca513d0,processed/nclimgrid_daily/county_tavg/1991/county_tavg_199104.csv,93210,"nclimgrid-daily_v1-0-0_snap2026-07-30, start: 1951-01, end: 2026-06, status: scaled}",/Users/andrewpark/Desktop/Code/WeatherDerivativePricing,2026-09-02T15:42:54+00:00,Thu Mar 30 08:02:20 2017,True
tavg,1991-05,scaled,https://www.ncei.noaa.gov/data/nclimgrid-daily/access/averages/1991/tavg-199105-cty-scaled.csv,raw/nclimgrid_daily/averages/1991/tavg-199105-cty-scaled.csv,2026-07-30T03:38:43+00:00,1093490,f8f6ba4ebc2149d0d48afc03ccaa8180a8909f4bb8ebc18562f85ed172aa3b39,"""10af72-5e7a3d1bc9d2f""","Thu, 01 Sep 2022 20:54:28 GMT",https://www.ncei.noaa.gov/data/nclimgrid-daily/access/averages/1991/ncdd-199105-version.txt,raw/nclimgrid_daily/version/1991/ncdd-199105-version.txt,d7504194e5b85623322a7837ef56a065224441da98765679dd898351394e541c,processed/nclimgrid_daily/county_tavg/1991/county_tavg_199105.csv,96317,"nclimgrid-daily_v1-0-0_snap2026-07-30, start: 1951-01, end: 2026-06, status: scaled}",/Users/andrewpark/Desktop/Code/WeatherDerivativePricing,2026-09-02T15:42:54+00:00,Thu Mar 30 08:02:55 2017,True
tavg,1991-06,scaled,https://www.ncei.noaa.gov/data/nclimgrid-daily/access/averages/1991/tavg-199106-cty-scaled.csv,raw/nclimgrid_daily/averages/1991/tavg-199106-cty-scaled.csv,2026-07-30T03:38:43+00:00,1093490,bc5d84ee88a346911b7a19dc880f0653585bcae0fb2d0bf4742e9259cf4e0497,"""10af72-5e7a3d2e824df""","Thu, 01 Sep 2022 20:54:47 GMT",https://www.ncei.noaa.gov/data/nclimgrid-daily/access/averages/1991/ncdd-199106-version.txt,raw/nclimgrid_daily/version/1991/ncdd-199106-version.txt,523deda86c106a488d85d6d96f3ad6faaca8ab92cea9214267f9924189f5144f,processed/nclimgrid_daily/county_tavg/1991/county_tavg_199106.csv,93210,"nclimgrid-daily_v1-0-0_snap2026-07-30, start: 1951-01, end: 2026-06, status: scaled}",/Users/andrewpark/Desktop/Code/WeatherDerivativePricing,2026-09-02T15:42:54+00:00,Thu Mar 30 08:03:31 2017,True
tavg,1991-07,scaled,https://www.ncei.noaa.gov/data/nclimgrid-daily/access/averages/1991/tavg-199107-cty-scaled.csv,raw/nclimgrid_daily/averages/1991/tavg-199107-cty-scaled.csv,2026-07-30T03:38:44+00:00,1093490,d0f281b581b3f36a9f740cf48871a82e4aaf76a1f44db1eeb146f67f7f1e900f,"""10af72-5e7a3d42ebe3e""","Thu, 01 Sep 2022 20:55:09 GMT",https://www.ncei.noaa.gov/data/nclimgrid-daily/access/averages/1991/ncdd-199107-version.txt,raw/nclimgrid_daily/version/1991/ncdd-199107-version.txt,b1caaae20e07bf8a6c6efa878c3a0b5f5d0b2334638f2e1dfb60783e462fd582,processed/nclimgrid_daily/county_tavg/1991/county_tavg_199107.csv,96317,"nclimgrid-daily_v1-0-0_snap2026-07-30, start: 1951-01, end: 2026-06, status: scaled}",/Users/andrewpark/Desktop/Code/WeatherDerivativePricing,2026-09-02T15:42:54+00:00,Thu Mar 30 08:04:08 2017,True
tavg,1991-08,scaled,https://www.ncei.noaa.gov/data/nclimgrid-daily/access/averages/1991/tavg-199108-cty-scaled.csv,raw/nclimgrid_daily/averages/1991/tavg-199108-cty-scaled.csv,2026-07-30T03:38:44+00:00,1093490,26faaa0c3fe243b6298b33f3a3cb491b5aa76780ec597e15c016d301371613c2,"""10af72-5e7a3d54d4d9e""","Thu, 01 Sep 2022 20:55:27 GMT",https://www.ncei.noaa.gov/data/nclimgrid-daily/access/averages/1991/ncdd-199108-version.txt,raw/nclimgrid_daily/version/1991/ncdd-199108-version.txt,a919eaf122bb9a0797d7450a7333060d19604e29ffe383a4e8e14e247f508b97,processed/nclimgrid_daily/county_tavg/1991/county_tavg_199108.csv,96317,"nclimgrid-daily_v1-0-0_snap2026-07-30, start: 1951-01, end: 2026-06, status: scaled}",/Users/andrewpark/Desktop/Code/WeatherDerivativePricing,2026-09-02T15:42:54+00:00,Thu Mar 30 08:04:46 2017,True
tavg,1991-09,scaled,https://www.ncei.noaa.gov/data/nclimgrid-daily/access/averages/1991/tavg-199109-cty-scaled.csv,raw/nclimgrid_daily/averages/1991/tavg-199109-cty-scaled.csv,2026-07-30T03:38:45+00:00,1093490,ceff6a811d9a4649a1b189545e8f632759affb5e88d4a376b84f25346b7f643c,"""10af72-5e7a3d687cd55""","Thu, 01 Sep 2022 20:55:48 GMT",https://www.ncei.noaa.gov/data/nclimgrid-daily/access/averages/1991/ncdd-199109-version.txt,raw/nclimgrid_daily/version/1991/ncdd-199109-version.txt,a70e9e17127c195a7c72cd4541a9451491c81f5c5f97eb8a24e9309f499edd4c,processed/nclimgrid_daily/county_tavg/1991/county_tavg_199109.csv,93210,"nclimgrid-daily_v1-0-0_snap2026-07-30, start: 1951-01, end: 2026-06, status: scaled}",/Users/andrewpark/Desktop/Code/WeatherDerivativePricing,2026-09-02T15:42:54+00:00,Thu Mar 30 08:05:23 2017,True
tavg,1991-10,scaled,https://www.ncei.noaa.gov/data/nclimgrid-daily/access/averages/1991/tavg-199110-cty-scaled.csv,raw/nclimgrid_daily/averages/1991/tavg-199110-cty-scaled.csv,2026-07-30T03:38:46+00:00,1093490,b4e9fb822c622e5077e30eadb218983e16111472330a848f0c543504f27dcd4c,"""10af72-5e7a3d7de414c""","Thu, 01 Sep 2022 20:56:10 GMT",https://www.ncei.noaa.gov/data/nclimgrid-daily/access/averages/1991/ncdd-199110-version.txt,raw/nclimgrid_daily/version/1991/ncdd-199110-version.txt,bd0f5e9b88b43ca128ccf99ec86f662057633dfc27677af3ee0e0543cfa1586d,processed/nclimgrid_daily/county_tavg/1991/county_tavg_199110.csv,96317,"nclimgrid-daily_v1-0-0_snap2026-07-30, start: 1951-01, end: 2026-06, status: scaled}",/Users/andrewpark/Desktop/Code/WeatherDerivativePricing,2026-09-02T15:42:54+00:00,Thu Mar 30 08:06:02 2017,True
tavg,1991-11,scaled,https://www.ncei.noaa.gov/data/nclimgrid-daily/access/averages/1991/tavg-199111-cty-scaled.csv,raw/nclimgrid_daily/averages/1991/tavg-199111-cty-scaled.csv,2026-07-30T03:38:46+00:00,1093490,b8e07fad1580c3f958071b8a7c6f42449dc3f23b9d0779ad88bf09f0d1ea90ff,"""10af72-5e7a3d9322504""","Thu, 01 Sep 2022 20:56:33 GMT",https://www.ncei.noaa.gov/data/nclimgrid-daily/access/averages/1991/ncdd-199111-version.txt,raw/nclimgrid_daily/version/1991/ncdd-199111-version.txt,4f1da322789a313476d281918363977cd91ab03835b8c7eb36130fef385eced6,processed/nclimgrid_daily/county_tavg/1991/county_tavg_199111.csv,93210,"nclimgrid-daily_v1-0-0_snap2026-07-30, start: 1951-01, end: 2026-06, status: scaled}",/Users/andrewpark/Desktop/Code/WeatherDerivativePricing,2026-09-02T15:42:54+00:00,Thu Mar 30 08:06:37 2017,True
tavg,1991-12,scaled,https://www.ncei.noaa.gov/data/nclimgrid-daily/access/averages/1991/tavg-199112-cty-scaled.csv,raw/nclimgrid_daily/averages/1991/tavg-199112-cty-scaled.csv,2026-07-30T03:38:47+00:00,1093490,10dd957e0a0784312be8f40a8bdbeeaad36c8eb7379a57e1f64c549b346e112f,"""10af72-5e7a3da6acc13""","Thu, 01 Sep 2022 20:56:53 GMT",https://www.ncei.noaa.gov/data/nclimgrid-daily/access/averages/1991/ncdd-199112-version.txt,raw/nclimgrid_daily/version/1991/ncdd-199112-version.txt,30b5f4e522f05c84f125a9809eb31c8e0f41f8a52f85cf4caf735eebcc1037bd,processed/nclimgrid_daily/county_tavg/1991/county_tavg_199112.csv,96317,"nclimgrid-daily_v1-0-0_snap2026-07-30, start: 1951-01, end: 2026-06, status: scaled}",/Users/andrewpark/Desktop/Code/WeatherDerivativePricing,2026-09-02T15:42:54+00:00,Thu Mar 30 08:07:15 2017,True
tavg,1992-01,scaled,https://www.ncei.noaa.gov/data/nclimgrid-daily/access/averages/1992/tavg-199201-cty-scaled.csv,raw/nclimgrid_daily/averages/1992/tavg-199201-cty-scaled.csv,2026-07-30T03:38:48+00:00,1093490,b66c570434f5a5cba5f193f42d764b56610b4b7836d65a7ef704db82be9c6354,"""10af72-5e7a3dbabe733""","Thu, 01 Sep 2022 20:57:14 GMT",https://www.ncei.noaa.gov/data/nclimgrid-daily/access/averages/1992/ncdd-199201-version.txt,raw/nclimgrid_daily/version/1992/ncdd-199201-version.txt,461a27b6236973373227d36ada6d4565f47748a05554e4935431acff92a91ac8,processed/nclimgrid_daily/county_tavg/1992/county_tavg_199201.csv,96317,"nclimgrid-daily_v1-0-0_snap2026-07-30, start: 1951-01, end: 2026-06, status: scaled}",/Users/andrewpark/Desktop/Code/WeatherDerivativePricing,2026-09-02T15:42:54+00:00,Thu Mar 30 22:46:05 2017,True
tavg,1992-02,scaled,https://www.ncei.noaa.gov/data/nclimgrid-daily/access/averages/1992/tavg-199202-cty-scaled.csv,raw/nclimgrid_daily/averages/1992/tavg-199202-cty-scaled.csv,2026-07-30T03:38:48+00:00,1093490,e06cfa2d97039c52eca82ce36487056929ae64f18bb13759e8321e8f3606a0eb,"""10af72-5e7a3dce593fa""","Thu, 01 Sep 2022 20:57:35 GMT",https://www.ncei.noaa.gov/data/nclimgrid-daily/access/averages/1992/ncdd-199202-version.txt,raw/nclimgrid_daily/version/1992/ncdd-199202-version.txt,8e9a72754433754edaa6aedc62b467fa583b974fab471ad39e9aa94028cf6092,processed/nclimgrid_daily/county_tavg/1992/county_tavg_199202.csv,90103,"nclimgrid-daily_v1-0-0_snap2026-07-30, start: 1951-01, end: 2026-06, status: scaled}",/Users/andrewpark/Desktop/Code/WeatherDerivativePricing,2026-09-02T15:42:54+00:00,Thu Mar 30 22:46:33 2017,True
tavg,1992-03,scaled,https://www.ncei.noaa.gov/data/nclimgrid-daily/access/averages/1992/tavg-199203-cty-scaled.csv,raw/nclimgrid_daily/averages/1992/tavg-199203-cty-scaled.csv,2026-07-30T03:38:49+00:00,1093490,b4c9eed0fc95a766144d60dfb01993cc9b88cc4386f40ffd20113c2bad230de4,"""10af72-5e7a3de2616c2""","Thu, 01 Sep 2022 20:57:56 GMT",https://www.ncei.noaa.gov/data/nclimgrid-daily/access/averages/1992/ncdd-199203-version.txt,raw/nclimgrid_daily/version/1992/ncdd-199203-version.txt,9d4534b10fb07ccd6657b5342150b6655d8e33e46a83dbc80b4cba1b6ecb43b3,processed/nclimgrid_daily/county_tavg/1992/county_tavg_199203.csv,96317,"nclimgrid-daily_v1-0-0_snap2026-07-30, start: 1951-01, end: 2026-06, status: scaled}",/Users/andrewpark/Desktop/Code/WeatherDerivativePricing,2026-09-02T15:42:54+00:00,Thu Mar 30 22:47:06 2017,True
tavg,1992-04,scaled,https://www.ncei.noaa.gov/data/nclimgrid-daily/access/averages/1992/tavg-199204-cty-scaled.csv,raw/nclimgrid_daily/averages/1992/tavg-199204-cty-scaled.csv,2026-07-30T03:38:50+00:00,1093490,5dea2d701378d8245afae160c43b432ed7b0ecbbc727bb05b949053158447dff,"""10af72-5e7a3df6d5819""","Thu, 01 Sep 2022 20:58:17 GMT",https://www.ncei.noaa.gov/data/nclimgrid-daily/access/averages/1992/ncdd-199204-version.txt,raw/nclimgrid_daily/version/1992/ncdd-199204-version.txt,abb853989f06a9ddc336d9b030eddf5d051678d36f3bd9433bf0fa9f08c13b55,processed/nclimgrid_daily/county_tavg/1992/county_tavg_199204.csv,93210,"nclimgrid-daily_v1-0-0_snap2026-07-30, start: 1951-01, end: 2026-06, status: scaled}",/Users/andrewpark/Desktop/Code/WeatherDerivativePricing,2026-09-02T15:42:54+00:00,Thu Mar 30 22:47:39 2017,True
tavg,1992-05,scaled,https://www.ncei.noaa.gov/data/nclimgrid-daily/access/averages/1992/tavg-199205-cty-scaled.csv,raw/nclimgrid_daily/averages/1992/tavg-199205-cty-scaled.csv,2026-07-30T03:38:50+00:00,1093490,4670897e50412d3cca8099b7a99e7f9db0e9b1c67eece0dc93eb727c1b0c6caf,"""10af72-5e7a3e0bbd500""","Thu, 01 Sep 2022 20:58:39 GMT",https://www.ncei.noaa.gov/data/nclimgrid-daily/access/averages/1992/ncdd-199205-version.txt,raw/nclimgrid_daily/version/1992/ncdd-199205-version.txt,b33ebe3239561d6709e09997a9e7963c850eff1ec01e61225a0e1d8b89c5eddf,processed/nclimgrid_daily/county_tavg/1992/county_tavg_199205.csv,96317,"nclimgrid-daily_v1-0-0_snap2026-07-30, start: 1951-01, end: 2026-06, status: scaled}",/Users/andrewpark/Desktop/Code/WeatherDerivativePricing,2026-09-02T15:42:54+00:00,Thu Mar 30 22:48:14 2017,True
tavg,1992-06,scaled,https://www.ncei.noaa.gov/data/nclimgrid-daily/access/averages/1992/tavg-199206-cty-scaled.csv,raw/nclimgrid_daily/averages/1992/tavg-199206-cty-scaled.csv,2026-07-30T03:38:51+00:00,1093490,096f20dcaa8374fd2f52f4853cbe0bddac993b072c57c7c39d47dd123b8b8f41,"""10af72-5e7a3e209add8""","Thu, 01 Sep 2022 20:59:01 GMT",https://www.ncei.noaa.gov/data/nclimgrid-daily/access/averages/1992/ncdd-199206-version.txt,raw/nclimgrid_daily/version/1992/ncdd-199206-version.txt,197a5e92b8414552b66871ce8775aaad2feab24932019b8a4ac1382afcbd76be,processed/nclimgrid_daily/county_tavg/1992/county_tavg_199206.csv,93210,"nclimgrid-daily_v1-0-0_snap2026-07-30, start: 1951-01, end: 2026-06, status: scaled}",/Users/andrewpark/Desktop/Code/WeatherDerivativePricing,2026-09-02T15:42:54+00:00,Thu Mar 30 22:48:47 2017,True
tavg,1992-07,scaled,https://www.ncei.noaa.gov/data/nclimgrid-daily/access/averages/1992/tavg-199207-cty-scaled.csv,raw/nclimgrid_daily/averages/1992/tavg-199207-cty-scaled.csv,2026-07-30T03:38:51+00:00,1093490,dbba55895c5149f6c19fc29d72d622903a702ae2e523c755cede80196970b3b7,"""10af72-5e7a3e34d8bff""","Thu, 01 Sep 2022 20:59:22 GMT",https://www.ncei.noaa.gov/data/nclimgrid-daily/access/averages/1992/ncdd-199207-version.txt,raw/nclimgrid_daily/version/1992/ncdd-199207-version.txt,199c0f5775a7ac790e317f82a0a43c93474ce65374381539f4299050c4bf026d,processed/nclimgrid_daily/county_tavg/1992/county_tavg_199207.csv,96317,"nclimgrid-daily_v1-0-0_snap2026-07-30, start: 1951-01, end: 2026-06, status: scaled}",/Users/andrewpark/Desktop/Code/WeatherDerivativePricing,2026-09-02T15:42:54+00:00,Thu Mar 30 22:49:22 2017,True
tavg,1992-08,scaled,https://www.ncei.noaa.gov/data/nclimgrid-daily/access/averages/1992/tavg-199208-cty-scaled.csv,raw/nclimgrid_daily/averages/1992/tavg-199208-cty-scaled.csv,2026-07-30T03:38:52+00:00,1093490,397235ec12917ab8c87e6163d1de98f66096f25ec5b024a29e6f536077e8a086,"""10af72-5e7a3e496118f""","Thu, 01 Sep 2022 20:59:44 GMT",https://www.ncei.noaa.gov/data/nclimgrid-daily/access/averages/1992/ncdd-199208-version.txt,raw/nclimgrid_daily/version/1992/ncdd-199208-version.txt,2e54485efac01588bdbb66d39d565a2680a2bb946ae8e4eda1f577f6bdde8ad4,processed/nclimgrid_daily/county_tavg/1992/county_tavg_199208.csv,96317,"nclimgrid-daily_v1-0-0_snap2026-07-30, start: 1951-01, end: 2026-06, status: scaled}",/Users/andrewpark/Desktop/Code/WeatherDerivativePricing,2026-09-02T15:42:54+00:00,Thu Mar 30 22:49:54 2017,True
tavg,1992-09,scaled,https://www.ncei.noaa.gov/data/nclimgrid-daily/access/averages/1992/tavg-199209-cty-scaled.csv,raw/nclimgrid_daily/averages/1992/tavg-199209-cty-scaled.csv,2026-07-30T03:38:53+00:00,1093490,5f7746302c3c08b6986dfa889eb44604cd3a8aa097e7b602832e0159d59bb59e,"""10af72-5e7a3e5dff6ae""","Thu, 01 Sep 2022 21:00:05 GMT",https://www.ncei.noaa.gov/data/nclimgrid-daily/access/averages/1992/ncdd-199209-version.txt,raw/nclimgrid_daily/version/1992/ncdd-199209-version.txt,d77b6cb3d96e40b5e3d3d8fb882e193d0cef45ac03ead557adb813203be3cc7a,processed/nclimgrid_daily/county_tavg/1992/county_tavg_199209.csv,93210,"nclimgrid-daily_v1-0-0_snap2026-07-30, start: 1951-01, end: 2026-06, status: scaled}",/Users/andrewpark/Desktop/Code/WeatherDerivativePricing,2026-09-02T15:42:54+00:00,Thu Mar 30 22:50:27 2017,True
tavg,1992-10,scaled,https://www.ncei.noaa.gov/data/nclimgrid-daily/access/averages/1992/tavg-199210-cty-scaled.csv,raw/nclimgrid_daily/averages/1992/tavg-199210-cty-scaled.csv,2026-07-30T03:38:53+00:00,1093490,21070b5dcc4bc6aeec01eb5b927e84cf33b3979fe7a6290c2fcbc2ab677d9049,"""10af72-5e7a3e72bef0d""","Thu, 01 Sep 2022 21:00:27 GMT",https://www.ncei.noaa.gov/data/nclimgrid-daily/access/averages/1992/ncdd-199210-version.txt,raw/nclimgrid_daily/version/1992/ncdd-199210-version.txt,fa120bf58a2aa7702b6bfb36d7cf6d98b23c589c98cc134d79750085f1bff678,processed/nclimgrid_daily/county_tavg/1992/county_tavg_199210.csv,96317,"nclimgrid-daily_v1-0-0_snap2026-07-30, start: 1951-01, end: 2026-06, status: scaled}",/Users/andrewpark/Desktop/Code/WeatherDerivativePricing,2026-09-02T15:42:54+00:00,Thu Mar 30 22:51:01 2017,True
tavg,1992-11,scaled,https://www.ncei.noaa.gov/data/nclimgrid-daily/access/averages/1992/tavg-199211-cty-scaled.csv,raw/nclimgrid_daily/averages/1992/tavg-199211-cty-scaled.csv,2026-07-30T03:38:54+00:00,1093490,644aa37ff06436949ef0477d402906ed8553ff42c1e3678a99e8b50870547a79,"""10af72-5e7a3e868d7f5""","Thu, 01 Sep 2022 21:00:48 GMT",https://www.ncei.noaa.gov/data/nclimgrid-daily/access/averages/1992/ncdd-199211-version.txt,raw/nclimgrid_daily/version/1992/ncdd-199211-version.txt,0522d0d5674fe5cd2d37d77f055189c6f4eb6db9ffd18284054967c6d253cc48,processed/nclimgrid_daily/county_tavg/1992/county_tavg_199211.csv,93210,"nclimgrid-daily_v1-0-0_snap2026-07-30, start: 1951-01, end: 2026-06, status: scaled}",/Users/andrewpark/Desktop/Code/WeatherDerivativePricing,2026-09-02T15:42:54+00:00,Thu Mar 30 22:51:34 2017,True
tavg,1992-12,scaled,https://www.ncei.noaa.gov/data/nclimgrid-daily/access/averages/1992/tavg-199212-cty-scaled.csv,raw/nclimgrid_daily/averages/1992/tavg-199212-cty-scaled.csv,2026-07-30T03:38:54+00:00,1093490,1a0bc0983f0b0d6a1147d9de9d7965245b5f91adb0496e615d1294fa961e2b41,"""10af72-5e7a3e9b79f14""","Thu, 01 Sep 2022 21:01:10 GMT",https://www.ncei.noaa.gov/data/nclimgrid-daily/access/averages/1992/ncdd-199212-version.txt,raw/nclimgrid_daily/version/1992/ncdd-199212-version.txt,0d9b66fa768f005ee2a5508b178b53d5ac23b38e286594aba29cedad703cef1a,processed/nclimgrid_daily/county_tavg/1992/county_tavg_199212.csv,96317,"nclimgrid-daily_v1-0-0_snap2026-07-30, start: 1951-01, end: 2026-06, status: scaled}",/Users/andrewpark/Desktop/Code/WeatherDerivativePricing,2026-09-02T15:42:54+00:00,Thu Mar 30 22:52:09 2017,True
tavg,1993-01,scaled,https://www.ncei.noaa.gov/data/nclimgrid-daily/access/averages/1993/tavg-199301-cty-scaled.csv,raw/nclimgrid_daily/averages/1993/tavg-199301-cty-scaled.csv,2026-07-30T03:38:55+00:00,1093490,b917371d1d2548d177d6c2118474dee64b77e2565a3e3de48cf538c985a33d5a,"""10af72-5e7a3eaf79924""","Thu, 01 Sep 2022 21:01:31 GMT",https://www.ncei.noaa.gov/data/nclimgrid-daily/access/averages/1993/ncdd-199301-version.txt,raw/nclimgrid_daily/version/1993/ncdd-199301-version.txt,e9c41aedb878f58f5cfae19908e7d65273239f0b9f41459509a42bf74220f3b6,processed/nclimgrid_daily/county_tavg/1993/county_tavg_199301.csv,96317,"nclimgrid-daily_v1-0-0_snap2026-07-30, start: 1951-01, end: 2026-06, status: scaled}",/Users/andrewpark/Desktop/Code/WeatherDerivativePricing,2026-09-02T15:42:54+00:00,Fri Mar 31 13:42:37 2017,True
tavg,1993-02,scaled,https://www.ncei.noaa.gov/data/nclimgrid-daily/access/averages/1993/tavg-199302-cty-scaled.csv,raw/nclimgrid_daily/averages/1993/tavg-199302-cty-scaled.csv,2026-07-30T03:38:56+00:00,1093490,85c49986ea8fde5dfdac6686c572a57f6151662c6e40efda28411fb103616cc5,"""10af72-5e7a3ec2f424b""","Thu, 01 Sep 2022 21:01:51 GMT",https://www.ncei.noaa.gov/data/nclimgrid-daily/access/averages/1993/ncdd-199302-version.txt,raw/nclimgrid_daily/version/1993/ncdd-199302-version.txt,1be7ea26501320c85f3ee1bd6d9f4cc1af6e881938d2079bdae13c393c251a28,processed/nclimgrid_daily/county_tavg/1993/county_tavg_199302.csv,86996,"nclimgrid-daily_v1-0-0_snap2026-07-30, start: 1951-01, end: 2026-06, status: scaled}",/Users/andrewpark/Desktop/Code/WeatherDerivativePricing,2026-09-02T15:42:54+00:00,Fri Mar 31 13:43:10 2017,True
tavg,1993-03,scaled,https://www.ncei.noaa.gov/data/nclimgrid-daily/access/averages/1993/tavg-199303-cty-scaled.csv,raw/nclimgrid_daily/averages/1993/tavg-199303-cty-scaled.csv,2026-07-30T03:38:56+00:00,1093490,75a234851f9f6a98b1ad96b1cfb79b20a99671ed9b0852fa7bfd113543ea4450,"""10af72-5e7a3ed86278b""","Thu, 01 Sep 2022 21:02:14 GMT",https://www.ncei.noaa.gov/data/nclimgrid-daily/access/averages/1993/ncdd-199303-version.txt,raw/nclimgrid_daily/version/1993/ncdd-199303-version.txt,05b91e335b1114a06f45f8f57c23a1ccf4987132d67e975bb089ebd48c6577e3,processed/nclimgrid_daily/county_tavg/1993/county_tavg_199303.csv,96317,"nclimgrid-daily_v1-0-0_snap2026-07-30, start: 1951-01, end: 2026-06, status: scaled}",/Users/andrewpark/Desktop/Code/WeatherDerivativePricing,2026-09-02T15:42:54+00:00,Fri Mar 31 13:43:49 2017,True
tavg,1993-04,scaled,https://www.ncei.noaa.gov/data/nclimgrid-daily/access/averages/1993/tavg-199304-cty-scaled.csv,raw/nclimgrid_daily/averages/1993/tavg-199304-cty-scaled.csv,2026-07-30T03:38:57+00:00,1093490,2169e82c41408a57480002e006ce8e54d93e16789821275366cdfd8bd5054d17,"""10af72-5e7a3eed74452""","Thu, 01 Sep 2022 21:02:36 GMT",https://www.ncei.noaa.gov/data/nclimgrid-daily/access/averages/1993/ncdd-199304-version.txt,raw/nclimgrid_daily/version/1993/ncdd-199304-version.txt,ab087999375f57b0dce4a227fee39ab93e5a0a948662935ee8b4f13b830a46fc,processed/nclimgrid_daily/county_tavg/1993/county_tavg_199304.csv,93210,"nclimgrid-daily_v1-0-0_snap2026-07-30, start: 1951-01, end: 2026-06, status: scaled}",/Users/andrewpark/Desktop/Code/WeatherDerivativePricing,2026-09-02T15:42:54+00:00,Fri Mar 31 13:44:26 2017,True
tavg,1993-05,scaled,https://www.ncei.noaa.gov/data/nclimgrid-daily/access/averages/1993/tavg-199305-cty-scaled.csv,raw/nclimgrid_daily/averages/1993/tavg-199305-cty-scaled.csv,2026-07-30T03:38:58+00:00,1093490,944e5b35c049a3d964c4e525f0654a489a7665d25829baf6ed09fa714680f522,"""10af72-5e7a3f0097321""","Thu, 01 Sep 2022 21:02:56 GMT",https://www.ncei.noaa.gov/data/nclimgrid-daily/access/averages/1993/ncdd-199305-version.txt,raw/nclimgrid_daily/version/1993/ncdd-199305-version.txt,ba104f492b680e0d0f52c91cd26ee217977ad46d6b31ebb624fa9bf3d27eb789,processed/nclimgrid_daily/county_tavg/1993/county_tavg_199305.csv,96317,"nclimgrid-daily_v1-0-0_snap2026-07-30, start: 1951-01, end: 2026-06, status: scaled}",/Users/andrewpark/Desktop/Code/WeatherDerivativePricing,2026-09-02T15:42:54+00:00,Fri Mar 31 13:45:04 2017,True
tavg,1993-06,scaled,https://www.ncei.noaa.gov/data/nclimgrid-daily/access/averages/1993/tavg-199306-cty-scaled.csv,raw/nclimgrid_daily/averages/1993/tavg-199306-cty-scaled.csv,2026-07-30T03:38:58+00:00,1093490,19f6a1f5842c8f732d179bad6180634fd3f9a9dcc23b12e4b90ee365933322c5,"""10af72-5e7a3f1530251""","Thu, 01 Sep 2022 21:03:17 GMT",https://www.ncei.noaa.gov/data/nclimgrid-daily/access/averages/1993/ncdd-199306-version.txt,raw/nclimgrid_daily/version/1993/ncdd-199306-version.txt,7350b0e2957671d38fa9485c004623c27ee898ac0234c5cf06c5f32a7768d3c5,processed/nclimgrid_daily/county_tavg/1993/county_tavg_199306.csv,93210,"nclimgrid-daily_v1-0-0_snap2026-07-30, start: 1951-01, end: 2026-06, status: scaled}",/Users/andrewpark/Desktop/Code/WeatherDerivativePricing,2026-09-02T15:42:54+00:00,Fri Mar 31 13:45:43 2017,True
tavg,1993-07,scaled,https://www.ncei.noaa.gov/data/nclimgrid-daily/access/averages/1993/tavg-199307-cty-scaled.csv,raw/nclimgrid_daily/averages/1993/tavg-199307-cty-scaled.csv,2026-07-30T03:38:59+00:00,1093490,8ca88c537735c738e17ae8a0a99dd1c0744ee96b2b068d1d1741ce10597207be,"""10af72-5e7a3f2ae0a28""","Thu, 01 Sep 2022 21:03:40 GMT",https://www.ncei.noaa.gov/data/nclimgrid-daily/access/averages/1993/ncdd-199307-version.txt,raw/nclimgrid_daily/version/1993/ncdd-199307-version.txt,871522f8e7b9169239bf2cc2cf32846963e5a346035e168d838a66f233b53e77,processed/nclimgrid_daily/county_tavg/1993/county_tavg_199307.csv,96317,"nclimgrid-daily_v1-0-0_snap2026-07-30, start: 1951-01, end: 2026-06, status: scaled}",/Users/andrewpark/Desktop/Code/WeatherDerivativePricing,2026-09-02T15:42:54+00:00,Fri Mar 31 13:46:24 2017,True
tavg,1993-08,scaled,https://www.ncei.noaa.gov/data/nclimgrid-daily/access/averages/1993/tavg-199308-cty-scaled.csv,raw/nclimgrid_daily/averages/1993/tavg-199308-cty-scaled.csv,2026-07-30T03:39:00+00:00,1093490,bad3de098c8a515370f91bcc191fa684f277e22f7074cbb2cd7d88b61aa02593,"""10af72-5e7a3f3d66170""","Thu, 01 Sep 2022 21:04:00 GMT",https://www.ncei.noaa.gov/data/nclimgrid-daily/access/averages/1993/ncdd-199308-version.txt,raw/nclimgrid_daily/version/1993/ncdd-199308-version.txt,7ddc5745ddb88d00167d1002dc969a7f8c54838535a9d6119b0faac0154d9290,processed/nclimgrid_daily/county_tavg/1993/county_tavg_199308.csv,96317,"nclimgrid-daily_v1-0-0_snap2026-07-30, start: 1951-01, end: 2026-06, status: scaled}",/Users/andrewpark/Desktop/Code/WeatherDerivativePricing,2026-09-02T15:42:54+00:00,Fri Mar 31 13:47:02 2017,True
tavg,1993-09,scaled,https://www.ncei.noaa.gov/data/nclimgrid-daily/access/averages/1993/tavg-199309-cty-scaled.csv,raw/nclimgrid_daily/averages/1993/tavg-199309-cty-scaled.csv,2026-07-30T03:39:00+00:00,1093490,bd4a42029974f8c08abd54183ccf61d9d6e0b416a688376b98f1c026746830aa,"""10af72-5e7a3f524da6f""","Thu, 01 Sep 2022 21:04:22 GMT",https://www.ncei.noaa.gov/data/nclimgrid-daily/access/averages/1993/ncdd-199309-version.txt,raw/nclimgrid_daily/version/1993/ncdd-199309-version.txt,ba2beb50eb407f29862e6d96f5a36cf3ece443b5e74c9b802831e016fef050bb,processed/nclimgrid_daily/county_tavg/1993/county_tavg_199309.csv,93210,"nclimgrid-daily_v1-0-0_snap2026-07-30, start: 1951-01, end: 2026-06, status: scaled}",/Users/andrewpark/Desktop/Code/WeatherDerivativePricing,2026-09-02T15:42:54+00:00,Fri Mar 31 13:47:40 2017,True
tavg,1993-10,scaled,https://www.ncei.noaa.gov/data/nclimgrid-daily/access/averages/1993/tavg-199310-cty-scaled.csv,raw/nclimgrid_daily/averages/1993/tavg-199310-cty-scaled.csv,2026-07-30T03:39:01+00:00,1093490,0151508f8ae23e7d4f366a4dc78314bfbc5d889ceb46d93ad3e02f2829bea200,"""10af72-5e7a3f659050f""","Thu, 01 Sep 2022 21:04:42 GMT",https://www.ncei.noaa.gov/data/nclimgrid-daily/access/averages/1993/ncdd-199310-version.txt,raw/nclimgrid_daily/version/1993/ncdd-199310-version.txt,727ebfbcd4c06cb679f52c279a1045b9380a02901034762e77a676261d015779,processed/nclimgrid_daily/county_tavg/1993/county_tavg_199310.csv,96317,"nclimgrid-daily_v1-0-0_snap2026-07-30, start: 1951-01, end: 2026-06, status: scaled}",/Users/andrewpark/Desktop/Code/WeatherDerivativePricing,2026-09-02T15:42:54+00:00,Fri Mar 31 13:48:20 2017,True
tavg,1993-11,scaled,https://www.ncei.noaa.gov/data/nclimgrid-daily/access/averages/1993/tavg-199311-cty-scaled.csv,raw/nclimgrid_daily/averages/1993/tavg-199311-cty-scaled.csv,2026-07-30T03:39:01+00:00,1093490,b1740dabbd0405ac14732d959aaa46554ff23366fade4bd49994e389d8953ea9,"""10af72-5e7a3f7a57a6e""","Thu, 01 Sep 2022 21:05:04 GMT",https://www.ncei.noaa.gov/data/nclimgrid-daily/access/averages/1993/ncdd-199311-version.txt,raw/nclimgrid_daily/version/1993/ncdd-199311-version.txt,05938faab9042f6f3c20dcc059d5b0a430868dc330d792e0d80cc34d80e42dc9,processed/nclimgrid_daily/county_tavg/1993/county_tavg_199311.csv,93210,"nclimgrid-daily_v1-0-0_snap2026-07-30, start: 1951-01, end: 2026-06, status: scaled}",/Users/andrewpark/Desktop/Code/WeatherDerivativePricing,2026-09-02T15:42:54+00:00,Fri Mar 31 13:48:58 2017,True
tavg,1993-12,scaled,https://www.ncei.noaa.gov/data/nclimgrid-daily/access/averages/1993/tavg-199312-cty-scaled.csv,raw/nclimgrid_daily/averages/1993/tavg-199312-cty-scaled.csv,2026-07-30T03:39:02+00:00,1093490,5f5b9d20fc2d113afe3e06a41ea27b6b64bce6e0f443ef1502b3104b12ea1359,"""10af72-5e7a3f8f7c7e5""","Thu, 01 Sep 2022 21:05:26 GMT",https://www.ncei.noaa.gov/data/nclimgrid-daily/access/averages/1993/ncdd-199312-version.txt,raw/nclimgrid_daily/version/1993/ncdd-199312-version.txt,26d0f38cff7510f00e093bb8d8fc655761323db2a145cd8cc2d6798dedcc36e5,processed/nclimgrid_daily/county_tavg/1993/county_tavg_199312.csv,96317,"nclimgrid-daily_v1-0-0_snap2026-07-30, start: 1951-01, end: 2026-06, status: scaled}",/Users/andrewpark/Desktop/Code/WeatherDerivativePricing,2026-09-02T15:42:54+00:00,Fri Mar 31 13:49:37 2017,True
tavg,1994-01,scaled,https://www.ncei.noaa.gov/data/nclimgrid-daily/access/averages/1994/tavg-199401-cty-scaled.csv,raw/nclimgrid_daily/averages/1994/tavg-199401-cty-scaled.csv,2026-07-30T03:39:03+00:00,1093490,88e344bb89a72190d06ef10068e3457df1389b3bcd4a998e2002db3d461edb57,"""10af72-5e7a3fa5f9545""","Thu, 01 Sep 2022 21:05:49 GMT",https://www.ncei.noaa.gov/data/nclimgrid-daily/access/averages/1994/ncdd-199401-version.txt,raw/nclimgrid_daily/version/1994/ncdd-199401-version.txt,5eb6cd75d8d36897e377ca1740e137246755d76350beed9868000d122423db2d,processed/nclimgrid_daily/county_tavg/1994/county_tavg_199401.csv,96317,"nclimgrid-daily_v1-0-0_snap2026-07-30, start: 1951-01, end: 2026-06, status: scaled}",/Users/andrewpark/Desktop/Code/WeatherDerivativePricing,2026-09-02T15:42:54+00:00,Sat Apr  1 06:02:32 2017,True
tavg,1994-02,scaled,https://www.ncei.noaa.gov/data/nclimgrid-daily/access/averages/1994/tavg-199402-cty-scaled.csv,raw/nclimgrid_daily/averages/1994/tavg-199402-cty-scaled.csv,2026-07-30T03:39:04+00:00,1093490,5668229cd1c4200fa48fd04ed2c1e98c09ea8c225dc5d0431eeab7013fa51121,"""10af72-5e7a3fbaed964""","Thu, 01 Sep 2022 21:06:11 GMT",https://www.ncei.noaa.gov/data/nclimgrid-daily/access/averages/1994/ncdd-199402-version.txt,raw/nclimgrid_daily/version/1994/ncdd-199402-version.txt,1a8677b32a01c67efb8e72c99cb63641ca552d0cbfb3069d702fb7ceb22ef257,processed/nclimgrid_daily/county_tavg/1994/county_tavg_199402.csv,86996,"nclimgrid-daily_v1-0-0_snap2026-07-30, start: 1951-01, end: 2026-06, status: scaled}",/Users/andrewpark/Desktop/Code/WeatherDerivativePricing,2026-09-02T15:42:54+00:00,Sat Apr  1 06:02:59 2017,True
tavg,1994-03,scaled,https://www.ncei.noaa.gov/data/nclimgrid-daily/access/averages/1994/tavg-199403-cty-scaled.csv,raw/nclimgrid_daily/averages/1994/tavg-199403-cty-scaled.csv,2026-07-30T03:39:05+00:00,1093490,ef92c67ee465d40d9f11da7594ac160fa0d927e3a8dff5577a8345bf0c441f6c,"""10af72-5e7a3fcfbbc24""","Thu, 01 Sep 2022 21:06:33 GMT",https://www.ncei.noaa.gov/data/nclimgrid-daily/access/averages/1994/ncdd-199403-version.txt,raw/nclimgrid_daily/version/1994/ncdd-199403-version.txt,34c64d539cfa74088fcb3e9dec68a2cec5fe15e4434797a839ae85dcc9c88cc3,processed/nclimgrid_daily/county_tavg/1994/county_tavg_199403.csv,96317,"nclimgrid-daily_v1-0-0_snap2026-07-30, start: 1951-01, end: 2026-06, status: scaled}",/Users/andrewpark/Desktop/Code/WeatherDerivativePricing,2026-09-02T15:42:54+00:00,Sat Apr  1 06:03:30 2017,True
tavg,1994-04,scaled,https://www.ncei.noaa.gov/data/nclimgrid-daily/access/averages/1994/tavg-199404-cty-scaled.csv,raw/nclimgrid_daily/averages/1994/tavg-199404-cty-scaled.csv,2026-07-30T03:39:05+00:00,1093490,487e4ae4fb39c0e85a57aaa0ba4d29e786e593e731ba9cea529286a60f5c93ed,"""10af72-5e7a3fe53800b""","Thu, 01 Sep 2022 21:06:56 GMT",https://www.ncei.noaa.gov/data/nclimgrid-daily/access/averages/1994/ncdd-199404-version.txt,raw/nclimgrid_daily/version/1994/ncdd-199404-version.txt,68908dc0d523370170e6427482adab9159d2b140a0e9d4ef4389e37e730ea789,processed/nclimgrid_daily/county_tavg/1994/county_tavg_199404.csv,93210,"nclimgrid-daily_v1-0-0_snap2026-07-30, start: 1951-01, end: 2026-06, status: scaled}",/Users/andrewpark/Desktop/Code/WeatherDerivativePricing,2026-09-02T15:42:54+00:00,Sat Apr  1 06:04:02 2017,True
tavg,1994-05,scaled,https://www.ncei.noaa.gov/data/nclimgrid-daily/access/averages/1994/tavg-199405-cty-scaled.csv,raw/nclimgrid_daily/averages/1994/tavg-199405-cty-scaled.csv,2026-07-30T03:39:06+00:00,1093490,446025c2de52cea3c30aba5b463e78e8be43de83759f9809719967c1163fb7f5,"""10af72-5e7a3ffac9f9a""","Thu, 01 Sep 2022 21:07:18 GMT",https://www.ncei.noaa.gov/data/nclimgrid-daily/access/averages/1994/ncdd-199405-version.txt,raw/nclimgrid_daily/version/1994/ncdd-199405-version.txt,83862efb0b0e3d4214097f4679ff72ba1e7800a074d2c7cdcdc2a98fb392b841,processed/nclimgrid_daily/county_tavg/1994/county_tavg_199405.csv,96317,"nclimgrid-daily_v1-0-0_snap2026-07-30, start: 1951-01, end: 2026-06, status: scaled}",/Users/andrewpark/Desktop/Code/WeatherDerivativePricing,2026-09-02T15:42:54+00:00,Sat Apr  1 06:04:34 2017,True
tavg,1994-06,scaled,https://www.ncei.noaa.gov/data/nclimgrid-daily/access/averages/1994/tavg-199406-cty-scaled.csv,raw/nclimgrid_daily/averages/1994/tavg-199406-cty-scaled.csv,2026-07-30T03:39:06+00:00,1093490,3380872807f0faf4d81777b18f69471a93b5ab3915dd172666f6093746e9d302,"""10af72-5e7a400ec053a""","Thu, 01 Sep 2022 21:07:39 GMT",https://www.ncei.noaa.gov/data/nclimgrid-daily/access/averages/1994/ncdd-199406-version.txt,raw/nclimgrid_daily/version/1994/ncdd-199406-version.txt,aada34c8aa50be3866e280c50936f880cf72bf0859f5a446bf7111f26b6730d7,processed/nclimgrid_daily/county_tavg/1994/county_tavg_199406.csv,93210,"nclimgrid-daily_v1-0-0_snap2026-07-30, start: 1951-01, end: 2026-06, status: scaled}",/Users/andrewpark/Desktop/Code/WeatherDerivativePricing,2026-09-02T15:42:54+00:00,Sat Apr  1 06:05:08 2017,True
tavg,1994-07,scaled,https://www.ncei.noaa.gov/data/nclimgrid-daily/access/averages/1994/tavg-199407-cty-scaled.csv,raw/nclimgrid_daily/averages/1994/tavg-199407-cty-scaled.csv,2026-07-30T03:39:07+00:00,1093490,52d00769dfe5bdf79b086a3f7bb1c3d8b9df16a618a57ed99e33f2750134d055,"""10af72-5e7a4023b31e9""","Thu, 01 Sep 2022 21:08:01 GMT",https://www.ncei.noaa.gov/data/nclimgrid-daily/access/averages/1994/ncdd-199407-version.txt,raw/nclimgrid_daily/version/1994/ncdd-199407-version.txt,ea49b423e2dc332642599ea62eec7632303f7d9633708eb9711b15fed42c0c7e,processed/nclimgrid_daily/county_tavg/1994/county_tavg_199407.csv,96317,"nclimgrid-daily_v1-0-0_snap2026-07-30, start: 1951-01, end: 2026-06, status: scaled}",/Users/andrewpark/Desktop/Code/WeatherDerivativePricing,2026-09-02T15:42:54+00:00,Sat Apr  1 06:05:44 2017,True
tavg,1994-08,scaled,https://www.ncei.noaa.gov/data/nclimgrid-daily/access/averages/1994/tavg-199408-cty-scaled.csv,raw/nclimgrid_daily/averages/1994/tavg-199408-cty-scaled.csv,2026-07-30T03:39:08+00:00,1093490,10d39fdd6b122b0d021c2c2e00f209e4da4ed4ebc0268027b04e2e590716efda,"""10af72-5e7a403722379""","Thu, 01 Sep 2022 21:08:22 GMT",https://www.ncei.noaa.gov/data/nclimgrid-daily/access/averages/1994/ncdd-199408-version.txt,raw/nclimgrid_daily/version/1994/ncdd-199408-version.txt,8556e64d4dabc945b2562aeb928b8c0d75c006a6ff3cff3777577712bcfc06b5,processed/nclimgrid_daily/county_tavg/1994/county_tavg_199408.csv,96317,"nclimgrid-daily_v1-0-0_snap2026-07-30, start: 1951-01, end: 2026-06, status: scaled}",/Users/andrewpark/Desktop/Code/WeatherDerivativePricing,2026-09-02T15:42:54+00:00,Sat Apr  1 06:06:19 2017,True
tavg,1994-09,scaled,https://www.ncei.noaa.gov/data/nclimgrid-daily/access/averages/1994/tavg-199409-cty-scaled.csv,raw/nclimgrid_daily/averages/1994/tavg-199409-cty-scaled.csv,2026-07-30T03:39:08+00:00,1093490,ca3571bffe6a73a6d126400c930cf25da63bc007b68e88af913c6b38716f2a2a,"""10af72-5e7a404c99558""","Thu, 01 Sep 2022 21:08:44 GMT",https://www.ncei.noaa.gov/data/nclimgrid-daily/access/averages/1994/ncdd-199409-version.txt,raw/nclimgrid_daily/version/1994/ncdd-199409-version.txt,f4440c46186ad35a37504739f0a13af56877ffc6fa70688d6c033f347704fb60,processed/nclimgrid_daily/county_tavg/1994/county_tavg_199409.csv,93210,"nclimgrid-daily_v1-0-0_snap2026-07-30, start: 1951-01, end: 2026-06, status: scaled}",/Users/andrewpark/Desktop/Code/WeatherDerivativePricing,2026-09-02T15:42:54+00:00,Sat Apr  1 06:06:55 2017,True
tavg,1994-10,scaled,https://www.ncei.noaa.gov/data/nclimgrid-daily/access/averages/1994/tavg-199410-cty-scaled.csv,raw/nclimgrid_daily/averages/1994/tavg-199410-cty-scaled.csv,2026-07-30T03:39:09+00:00,1093490,6d7e4f5089f94e5e346a4d45c1af28d0a4faba6ed0f4cfb04b9872f35c91a961,"""10af72-5e7a406403797""","Thu, 01 Sep 2022 21:09:09 GMT",https://www.ncei.noaa.gov/data/nclimgrid-daily/access/averages/1994/ncdd-199410-version.txt,raw/nclimgrid_daily/version/1994/ncdd-199410-version.txt,dcbc8e556de1da6fbedb823fa9884aeb206d0ea9e94fa1a1fe67f7638e14ac18,processed/nclimgrid_daily/county_tavg/1994/county_tavg_199410.csv,96317,"nclimgrid-daily_v1-0-0_snap2026-07-30, start: 1951-01, end: 2026-06, status: scaled}",/Users/andrewpark/Desktop/Code/WeatherDerivativePricing,2026-09-02T15:42:54+00:00,Sat Apr  1 06:07:33 2017,True
tavg,1994-11,scaled,https://www.ncei.noaa.gov/data/nclimgrid-daily/access/averages/1994/tavg-199411-cty-scaled.csv,raw/nclimgrid_daily/averages/1994/tavg-199411-cty-scaled.csv,2026-07-30T03:39:09+00:00,1093490,6d25e085808f970dfb120d2695e7d55d67cf8e1b904531c05f60e8bdd67d388a,"""10af72-5e7a407828367""","Thu, 01 Sep 2022 21:09:30 GMT",https://www.ncei.noaa.gov/data/nclimgrid-daily/access/averages/1994/ncdd-199411-version.txt,raw/nclimgrid_daily/version/1994/ncdd-199411-version.txt,7025fe3515bd620bb553c737c36240573c3e2cab708f813a60ba690252a6f742,processed/nclimgrid_daily/county_tavg/1994/county_tavg_199411.csv,93210,"nclimgrid-daily_v1-0-0_snap2026-07-30, start: 1951-01, end: 2026-06, status: scaled}",/Users/andrewpark/Desktop/Code/WeatherDerivativePricing,2026-09-02T15:42:54+00:00,Sat Apr  1 06:08:11 2017,True
tavg,1994-12,scaled,https://www.ncei.noaa.gov/data/nclimgrid-daily/access/averages/1994/tavg-199412-cty-scaled.csv,raw/nclimgrid_daily/averages/1994/tavg-199412-cty-scaled.csv,2026-07-30T03:39:10+00:00,1093490,42005eab051f3a35d271f67517c7572dbd857cd4c8128f2ed550e57b3f169060,"""10af72-5e7a408c18b46""","Thu, 01 Sep 2022 21:09:51 GMT",https://www.ncei.noaa.gov/data/nclimgrid-daily/access/averages/1994/ncdd-199412-version.txt,raw/nclimgrid_daily/version/1994/ncdd-199412-version.txt,5e8678b480f8354318140f9eae5051448fe29da3dd38002d0ad622ac7023227d,processed/nclimgrid_daily/county_tavg/1994/county_tavg_199412.csv,96317,"nclimgrid-daily_v1-0-0_snap2026-07-30, start: 1951-01, end: 2026-06, status: scaled}",/Users/andrewpark/Desktop/Code/WeatherDerivativePricing,2026-09-02T15:42:54+00:00,Sat Apr  1 06:08:44 2017,True
tavg,1995-01,scaled,https://www.ncei.noaa.gov/data/nclimgrid-daily/access/averages/1995/tavg-199501-cty-scaled.csv,raw/nclimgrid_daily/averages/1995/tavg-199501-cty-scaled.csv,2026-07-30T03:39:11+00:00,1093490,6d24138523e181936d7a4859718f4a77591b5ab7bd85d85cf228b6df50fb97c5,"""10af72-5e7a40a10852e""","Thu, 01 Sep 2022 21:10:13 GMT",https://www.ncei.noaa.gov/data/nclimgrid-daily/access/averages/1995/ncdd-199501-version.txt,raw/nclimgrid_daily/version/1995/ncdd-199501-version.txt,12cacac8cb7ef1631382af2bd4532671c074d23378122e541d2d91c0d55974b2,processed/nclimgrid_daily/county_tavg/1995/county_tavg_199501.csv,96317,"nclimgrid-daily_v1-0-0_snap2026-07-30, start: 1951-01, end: 2026-06, status: scaled}",/Users/andrewpark/Desktop/Code/WeatherDerivativePricing,2026-09-02T15:42:54+00:00,Sat Apr  1 21:41:17 2017,True
tavg,1995-02,scaled,https://www.ncei.noaa.gov/data/nclimgrid-daily/access/averages/1995/tavg-199502-cty-scaled.csv,raw/nclimgrid_daily/averages/1995/tavg-199502-cty-scaled.csv,2026-07-30T03:39:11+00:00,1093490,a993aff2561bdc4e853a6bbba1d61f08e8a523f6c90e49653413ec7df56d1055,"""10af72-5e7a40b3b39ed""","Thu, 01 Sep 2022 21:10:32 GMT",https://www.ncei.noaa.gov/data/nclimgrid-daily/access/averages/1995/ncdd-199502-version.txt,raw/nclimgrid_daily/version/1995/ncdd-199502-version.txt,b4901dbba4962534b50f7f47372e98d8849ed24286ef01133c01ccde097405c1,processed/nclimgrid_daily/county_tavg/1995/county_tavg_199502.csv,86996,"nclimgrid-daily_v1-0-0_snap2026-07-30, start: 1951-01, end: 2026-06, status: scaled}",/Users/andrewpark/Desktop/Code/WeatherDerivativePricing,2026-09-02T15:42:54+00:00,Sat Apr  1 21:41:53 2017,True
tavg,1995-03,scaled,https://www.ncei.noaa.gov/data/nclimgrid-daily/access/averages/1995/tavg-199503-cty-scaled.csv,raw/nclimgrid_daily/averages/1995/tavg-199503-cty-scaled.csv,2026-07-30T03:39:12+00:00,1093490,f930db25ecd909043990680ade5780843c05e78f66361fabee7e8e4acfb4325e,"""10af72-5e7a40c900bed""","Thu, 01 Sep 2022 21:10:54 GMT",https://www.ncei.noaa.gov/data/nclimgrid-daily/access/averages/1995/ncdd-199503-version.txt,raw/nclimgrid_daily/version/1995/ncdd-199503-version.txt,5bb9e2e67eee76e9def33b10a444ce99d582b752b2aa20d26a115dd8b2f38497,processed/nclimgrid_daily/county_tavg/1995/county_tavg_199503.csv,96317,"nclimgrid-daily_v1-0-0_snap2026-07-30, start: 1951-01, end: 2026-06, status: scaled}",/Users/andrewpark/Desktop/Code/WeatherDerivativePricing,2026-09-02T15:42:54+00:00,Sat Apr  1 21:42:34 2017,True
tavg,1995-04,scaled,https://www.ncei.noaa.gov/data/nclimgrid-daily/access/averages/1995/tavg-199504-cty-scaled.csv,raw/nclimgrid_daily/averages/1995/tavg-199504-cty-scaled.csv,2026-07-30T03:39:13+00:00,1093490,7dcb9c908dda7ab4a83b3379a11cf851cd58b7a88c7b77a3964735ea234b1261,"""10af72-5e7a40dd0fffc""","Thu, 01 Sep 2022 21:11:16 GMT",https://www.ncei.noaa.gov/data/nclimgrid-daily/access/averages/1995/ncdd-199504-version.txt,raw/nclimgrid_daily/version/1995/ncdd-199504-version.txt,9fc775b7d5a02cf10635bdf1061982e30c1d11b00a67d77420b51d053bd2a7a2,processed/nclimgrid_daily/county_tavg/1995/county_tavg_199504.csv,93210,"nclimgrid-daily_v1-0-0_snap2026-07-30, start: 1951-01, end: 2026-06, status: scaled}",/Users/andrewpark/Desktop/Code/WeatherDerivativePricing,2026-09-02T15:42:54+00:00,Sat Apr  1 21:43:14 2017,True
tavg,1995-05,scaled,https://www.ncei.noaa.gov/data/nclimgrid-daily/access/averages/1995/tavg-199505-cty-scaled.csv,raw/nclimgrid_daily/averages/1995/tavg-199505-cty-scaled.csv,2026-07-30T03:39:13+00:00,1093490,5c5d2643a4f70e881ee414813e070385dcb28e57f1576e85b142c39dedc80d76,"""10af72-5e7a40f000a1b""","Thu, 01 Sep 2022 21:11:35 GMT",https://www.ncei.noaa.gov/data/nclimgrid-daily/access/averages/1995/ncdd-199505-version.txt,raw/nclimgrid_daily/version/1995/ncdd-199505-version.txt,b853f9596de5e6fff78b157905571aeaefc7c9678d17fd1deaa6c20546ec0ed4,processed/nclimgrid_daily/county_tavg/1995/county_tavg_199505.csv,96317,"nclimgrid-daily_v1-0-0_snap2026-07-30, start: 1951-01, end: 2026-06, status: scaled}",/Users/andrewpark/Desktop/Code/WeatherDerivativePricing,2026-09-02T15:42:54+00:00,Sat Apr  1 21:43:59 2017,True
tavg,1995-06,scaled,https://www.ncei.noaa.gov/data/nclimgrid-daily/access/averages/1995/tavg-199506-cty-scaled.csv,raw/nclimgrid_daily/averages/1995/tavg-199506-cty-scaled.csv,2026-07-30T03:39:14+00:00,1093490,f9fbc56077f02629cbdbf3cace2d21973c01695179964e4f33ab9238b81f2967,"""10af72-5e7a4102e9353""","Thu, 01 Sep 2022 21:11:55 GMT",https://www.ncei.noaa.gov/data/nclimgrid-daily/access/averages/1995/ncdd-199506-version.txt,raw/nclimgrid_daily/version/1995/ncdd-199506-version.txt,b7ed2f795e4850cddeb7b8e72f907591b89d2299b9e571ccc24df68124a9753e,processed/nclimgrid_daily/county_tavg/1995/county_tavg_199506.csv,93210,"nclimgrid-daily_v1-0-0_snap2026-07-30, start: 1951-01, end: 2026-06, status: scaled}",/Users/andrewpark/Desktop/Code/WeatherDerivativePricing,2026-09-02T15:42:54+00:00,Sat Apr  1 21:44:40 2017,True
tavg,1995-07,scaled,https://www.ncei.noaa.gov/data/nclimgrid-daily/access/averages/1995/tavg-199507-cty-scaled.csv,raw/nclimgrid_daily/averages/1995/tavg-199507-cty-scaled.csv,2026-07-30T03:39:14+00:00,1093490,03f7728938a846ecb183657f14610b30cfe2be4eaeb173c60d46b94a826d3615,"""10af72-5e7a4116f1dea""","Thu, 01 Sep 2022 21:12:16 GMT",https://www.ncei.noaa.gov/data/nclimgrid-daily/access/averages/1995/ncdd-199507-version.txt,raw/nclimgrid_daily/version/1995/ncdd-199507-version.txt,319fa60c53623f332fc0ebed9917251de5fa1014addfadcb438a23c8fe946093,processed/nclimgrid_daily/county_tavg/1995/county_tavg_199507.csv,96317,"nclimgrid-daily_v1-0-0_snap2026-07-30, start: 1951-01, end: 2026-06, status: scaled}",/Users/andrewpark/Desktop/Code/WeatherDerivativePricing,2026-09-02T15:42:54+00:00,Sat Apr  1 21:45:23 2017,True
tavg,1995-08,scaled,https://www.ncei.noaa.gov/data/nclimgrid-daily/access/averages/1995/tavg-199508-cty-scaled.csv,raw/nclimgrid_daily/averages/1995/tavg-199508-cty-scaled.csv,2026-07-30T03:39:15+00:00,1093490,a55ab877d1962de190e2953c8e077b2916dded95b17e4d5c4b83e8c72e374124,"""10af72-5e7a412a8d66a""","Thu, 01 Sep 2022 21:12:37 GMT",https://www.ncei.noaa.gov/data/nclimgrid-daily/access/averages/1995/ncdd-199508-version.txt,raw/nclimgrid_daily/version/1995/ncdd-199508-version.txt,81aa01071eea6615c5f7973b6a0c3968904e2eff56d5ce8aeac6875dde522269,processed/nclimgrid_daily/county_tavg/1995/county_tavg_199508.csv,96317,"nclimgrid-daily_v1-0-0_snap2026-07-30, start: 1951-01, end: 2026-06, status: scaled}",/Users/andrewpark/Desktop/Code/WeatherDerivativePricing,2026-09-02T15:42:54+00:00,Sat Apr  1 21:46:05 2017,True
tavg,1995-09,scaled,https://www.ncei.noaa.gov/data/nclimgrid-daily/access/averages/1995/tavg-199509-cty-scaled.csv,raw/nclimgrid_daily/averages/1995/tavg-199509-cty-scaled.csv,2026-07-30T03:39:16+00:00,1093490,c67cec3d54956da3f77868673b02e4c0f80af7620248a22d93ddfd56607313d5,"""10af72-5e7a413e05881""","Thu, 01 Sep 2022 21:12:57 GMT",https://www.ncei.noaa.gov/data/nclimgrid-daily/access/averages/1995/ncdd-199509-version.txt,raw/nclimgrid_daily/version/1995/ncdd-199509-version.txt,3bfbbea4db6f36497130f5830e0213aa50bc17db2cf70c6557f5f9716328abea,processed/nclimgrid_daily/county_tavg/1995/county_tavg_199509.csv,93210,"nclimgrid-daily_v1-0-0_snap2026-07-30, start: 1951-01, end: 2026-06, status: scaled}",/Users/andrewpark/Desktop/Code/WeatherDerivativePricing,2026-09-02T15:42:54+00:00,Sat Apr  1 21:46:45 2017,True
tavg,1995-10,scaled,https://www.ncei.noaa.gov/data/nclimgrid-daily/access/averages/1995/tavg-199510-cty-scaled.csv,raw/nclimgrid_daily/averages/1995/tavg-199510-cty-scaled.csv,2026-07-30T03:39:16+00:00,1093490,f9dae90dbf30308e0fbf778d8b2199e6ba9def5149986fd0d7f3693c9be08e4f,"""10af72-5e7a4152b1091""","Thu, 01 Sep 2022 21:13:19 GMT",https://www.ncei.noaa.gov/data/nclimgrid-daily/access/averages/1995/ncdd-199510-version.txt,raw/nclimgrid_daily/version/1995/ncdd-199510-version.txt,55bff3a9c7e0fab60806dd89d7f83fdeb3f5bf9004bc9ee5345b0a540b1c2f4c,processed/nclimgrid_daily/county_tavg/1995/county_tavg_199510.csv,96317,"nclimgrid-daily_v1-0-0_snap2026-07-30, start: 1951-01, end: 2026-06, status: scaled}",/Users/andrewpark/Desktop/Code/WeatherDerivativePricing,2026-09-02T15:42:54+00:00,Sat Apr  1 21:47:29 2017,True
tavg,1995-11,scaled,https://www.ncei.noaa.gov/data/nclimgrid-daily/access/averages/1995/tavg-199511-cty-scaled.csv,raw/nclimgrid_daily/averages/1995/tavg-199511-cty-scaled.csv,2026-07-30T03:39:17+00:00,1093490,82c84aa9916a2519ee7bacee43ba678e9742bd963db5e261b743818b658c54cc,"""10af72-5e7a416806760""","Thu, 01 Sep 2022 21:13:41 GMT",https://www.ncei.noaa.gov/data/nclimgrid-daily/access/averages/1995/ncdd-199511-version.txt,raw/nclimgrid_daily/version/1995/ncdd-199511-version.txt,8755d6e78e6d43f07e746f0cb749cbe2dfab13f4a3a26addec8b3ebf18b1b12d,processed/nclimgrid_daily/county_tavg/1995/county_tavg_199511.csv,93210,"nclimgrid-daily_v1-0-0_snap2026-07-30, start: 1951-01, end: 2026-06, status: scaled}",/Users/andrewpark/Desktop/Code/WeatherDerivativePricing,2026-09-02T15:42:54+00:00,Sat Apr  1 21:48:12 2017,True
tavg,1995-12,scaled,https://www.ncei.noaa.gov/data/nclimgrid-daily/access/averages/1995/tavg-199512-cty-scaled.csv,raw/nclimgrid_daily/averages/1995/tavg-199512-cty-scaled.csv,2026-07-30T03:39:18+00:00,1093490,fe63cfeb709dbcbf00d553ed7c854b97b49070d56d5125bb513596ae24d5209d,"""10af72-5e7a418069617""","Thu, 01 Sep 2022 21:14:07 GMT",https://www.ncei.noaa.gov/data/nclimgrid-daily/access/averages/1995/ncdd-199512-version.txt,raw/nclimgrid_daily/version/1995/ncdd-199512-version.txt,5a63987a0a20479dc5120c7b895379b7f078d8dfd2378bee22fb9a168feb36e2,processed/nclimgrid_daily/county_tavg/1995/county_tavg_199512.csv,96317,"nclimgrid-daily_v1-0-0_snap2026-07-30, start: 1951-01, end: 2026-06, status: scaled}",/Users/andrewpark/Desktop/Code/WeatherDerivativePricing,2026-09-02T15:42:54+00:00,Sat Apr  1 21:48:54 2017,True
tavg,1996-01,scaled,https://www.ncei.noaa.gov/data/nclimgrid-daily/access/averages/1996/tavg-199601-cty-scaled.csv,raw/nclimgrid_daily/averages/1996/tavg-199601-cty-scaled.csv,2026-07-30T03:39:18+00:00,1093490,3f297678511be228df03dea6f498e459606c70852eb5b4a2a74b11db6227c2fa,"""10af72-5e7a4195282bf""","Thu, 01 Sep 2022 21:14:29 GMT",https://www.ncei.noaa.gov/data/nclimgrid-daily/access/averages/1996/ncdd-199601-version.txt,raw/nclimgrid_daily/version/1996/ncdd-199601-version.txt,9a20cb5f57b0df777fd2e8480fa0dbb8188a1d8f6c75b9fc4a9c669b74e132df,processed/nclimgrid_daily/county_tavg/1996/county_tavg_199601.csv,96317,"nclimgrid-daily_v1-0-0_snap2026-07-30, start: 1951-01, end: 2026-06, status: scaled}",/Users/andrewpark/Desktop/Code/WeatherDerivativePricing,2026-09-02T15:42:54+00:00,Sun Apr  2 14:27:16 2017,True
tavg,1996-02,scaled,https://www.ncei.noaa.gov/data/nclimgrid-daily/access/averages/1996/tavg-199602-cty-scaled.csv,raw/nclimgrid_daily/averages/1996/tavg-199602-cty-scaled.csv,2026-07-30T03:39:19+00:00,1093490,44f7a5d5245e4aec922a3992561600dcfb3ea7ea4480aba9995672a789d7e1dd,"""10af72-5e7a41aa6dfef""","Thu, 01 Sep 2022 21:14:51 GMT",https://www.ncei.noaa.gov/data/nclimgrid-daily/access/averages/1996/ncdd-199602-version.txt,raw/nclimgrid_daily/version/1996/ncdd-199602-version.txt,051fb4511ea6370873dc52ec48e0b5f2e9075b64ab522ffb1bac24898e7fa29d,processed/nclimgrid_daily/county_tavg/1996/county_tavg_199602.csv,90103,"nclimgrid-daily_v1-0-0_snap2026-07-30, start: 1951-01, end: 2026-06, status: scaled}",/Users/andrewpark/Desktop/Code/WeatherDerivativePricing,2026-09-02T15:42:54+00:00,Sun Apr  2 14:27:49 2017,True
tavg,1996-03,scaled,https://www.ncei.noaa.gov/data/nclimgrid-daily/access/averages/1996/tavg-199603-cty-scaled.csv,raw/nclimgrid_daily/averages/1996/tavg-199603-cty-scaled.csv,2026-07-30T03:39:20+00:00,1093490,19626a7b4d1d4969bf000ed8aa9b7e878e3a11dca88791b2e44e21d54d54dfff,"""10af72-5e7a41bf6b497""","Thu, 01 Sep 2022 21:15:13 GMT",https://www.ncei.noaa.gov/data/nclimgrid-daily/access/averages/1996/ncdd-199603-version.txt,raw/nclimgrid_daily/version/1996/ncdd-199603-version.txt,0519252fd81f80ea22e17f30ab159ab867190cc7bb8fb0ae0993d9510461aac9,processed/nclimgrid_daily/county_tavg/1996/county_tavg_199603.csv,96317,"nclimgrid-daily_v1-0-0_snap2026-07-30, start: 1951-01, end: 2026-06, status: scaled}",/Users/andrewpark/Desktop/Code/WeatherDerivativePricing,2026-09-02T15:42:54+00:00,Sun Apr  2 14:28:25 2017,True
tavg,1996-04,scaled,https://www.ncei.noaa.gov/data/nclimgrid-daily/access/averages/1996/tavg-199604-cty-scaled.csv,raw/nclimgrid_daily/averages/1996/tavg-199604-cty-scaled.csv,2026-07-30T03:39:20+00:00,1093490,54ecfc9d45416bd1b2fa261fd53a063c2898a1d7559ad92d22683fa04f6fee88,"""10af72-5e7a41d3629d6""","Thu, 01 Sep 2022 21:15:34 GMT",https://www.ncei.noaa.gov/data/nclimgrid-daily/access/averages/1996/ncdd-199604-version.txt,raw/nclimgrid_daily/version/1996/ncdd-199604-version.txt,48b04650d61f7ce4385ecbc37204f61ae5ddccb991210c0fdbfa6a1c799291d3,processed/nclimgrid_daily/county_tavg/1996/county_tavg_199604.csv,93210,"nclimgrid-daily_v1-0-0_snap2026-07-30, start: 1951-01, end: 2026-06, status: scaled}",/Users/andrewpark/Desktop/Code/WeatherDerivativePricing,2026-09-02T15:42:54+00:00,Sun Apr  2 14:29:01 2017,True
tavg,1996-05,scaled,https://www.ncei.noaa.gov/data/nclimgrid-daily/access/averages/1996/tavg-199605-cty-scaled.csv,raw/nclimgrid_daily/averages/1996/tavg-199605-cty-scaled.csv,2026-07-30T03:39:21+00:00,1093490,38265f6daf6dd909cc48a8118d4edd29f117d94a6b7b8bd09cf7f867cbdbde2d,"""10af72-5e7a41e67916e""","Thu, 01 Sep 2022 21:15:54 GMT",https://www.ncei.noaa.gov/data/nclimgrid-daily/access/averages/1996/ncdd-199605-version.txt,raw/nclimgrid_daily/version/1996/ncdd-199605-version.txt,3854c1f8b8b0be2f5f586aa7a250c0b9992fc76a33af0aa0b3fbdf75116c3597,processed/nclimgrid_daily/county_tavg/1996/county_tavg_199605.csv,96317,"nclimgrid-daily_v1-0-0_snap2026-07-30, start: 1951-01, end: 2026-06, status: scaled}",/Users/andrewpark/Desktop/Code/WeatherDerivativePricing,2026-09-02T15:42:54+00:00,Sun Apr  2 14:29:37 2017,True
tavg,1996-06,scaled,https://www.ncei.noaa.gov/data/nclimgrid-daily/access/averages/1996/tavg-199606-cty-scaled.csv,raw/nclimgrid_daily/averages/1996/tavg-199606-cty-scaled.csv,2026-07-30T03:39:22+00:00,1093490,93a16bbb96ad9e5ec7f7b2963a7ca44b688ff941699ce08132e5cf34954de830,"""10af72-5e7a41fabb1fd""","Thu, 01 Sep 2022 21:16:15 GMT",https://www.ncei.noaa.gov/data/nclimgrid-daily/access/averages/1996/ncdd-199606-version.txt,raw/nclimgrid_daily/version/1996/ncdd-199606-version.txt,ea041e878f58181118422473f069175b2d4ab845671ec5397470ed386db4b7ff,processed/nclimgrid_daily/county_tavg/1996/county_tavg_199606.csv,93210,"nclimgrid-daily_v1-0-0_snap2026-07-30, start: 1951-01, end: 2026-06, status: scaled}",/Users/andrewpark/Desktop/Code/WeatherDerivativePricing,2026-09-02T15:42:54+00:00,Sun Apr  2 14:30:11 2017,True
tavg,1996-07,scaled,https://www.ncei.noaa.gov/data/nclimgrid-daily/access/averages/1996/tavg-199607-cty-scaled.csv,raw/nclimgrid_daily/averages/1996/tavg-199607-cty-scaled.csv,2026-07-30T03:39:22+00:00,1093490,f53a60ddbc0deb22514d2c651c796e5a062dde4f4f3aec68fb2f689a738f9185,"""10af72-5e7a420dac7d4""","Thu, 01 Sep 2022 21:16:35 GMT",https://www.ncei.noaa.gov/data/nclimgrid-daily/access/averages/1996/ncdd-199607-version.txt,raw/nclimgrid_daily/version/1996/ncdd-199607-version.txt,43188ee4a297ffeb602b9eb6ae958f51e4dcb9eac6b7b69af5037df59329ea49,processed/nclimgrid_daily/county_tavg/1996/county_tavg_199607.csv,96317,"nclimgrid-daily_v1-0-0_snap2026-07-30, start: 1951-01, end: 2026-06, status: scaled}",/Users/andrewpark/Desktop/Code/WeatherDerivativePricing,2026-09-02T15:42:54+00:00,Sun Apr  2 14:30:48 2017,True
tavg,1996-08,scaled,https://www.ncei.noaa.gov/data/nclimgrid-daily/access/averages/1996/tavg-199608-cty-scaled.csv,raw/nclimgrid_daily/averages/1996/tavg-199608-cty-scaled.csv,2026-07-30T03:39:23+00:00,1093490,b902c8c8e13dcc0ef9016ef67514fa51cdc0ad3fdac0707b1b2d04bf9ff633f7,"""10af72-5e7a422201144""","Thu, 01 Sep 2022 21:16:56 GMT",https://www.ncei.noaa.gov/data/nclimgrid-daily/access/averages/1996/ncdd-199608-version.txt,raw/nclimgrid_daily/version/1996/ncdd-199608-version.txt,555a4069762494c79f141b61c1158c9cda41154ce4299a104466403911218e9a,processed/nclimgrid_daily/county_tavg/1996/county_tavg_199608.csv,96317,"nclimgrid-daily_v1-0-0_snap2026-07-30, start: 1951-01, end: 2026-06, status: scaled}",/Users/andrewpark/Desktop/Code/WeatherDerivativePricing,2026-09-02T15:42:54+00:00,Sun Apr  2 14:31:26 2017,True
tavg,1996-09,scaled,https://www.ncei.noaa.gov/data/nclimgrid-daily/access/averages/1996/tavg-199609-cty-scaled.csv,raw/nclimgrid_daily/averages/1996/tavg-199609-cty-scaled.csv,2026-07-30T03:39:23+00:00,1093490,6ddf52732c28537a09a3464dcc4e0338a10b21e633246797858f337f99b35200,"""10af72-5e7a42368bde3""","Thu, 01 Sep 2022 21:17:18 GMT",https://www.ncei.noaa.gov/data/nclimgrid-daily/access/averages/1996/ncdd-199609-version.txt,raw/nclimgrid_daily/version/1996/ncdd-199609-version.txt,9d08c2d6bf60e3d1f1e19dd5b2a1de4bf46448a5f101bd2014483d6c18714b85,processed/nclimgrid_daily/county_tavg/1996/county_tavg_199609.csv,93210,"nclimgrid-daily_v1-0-0_snap2026-07-30, start: 1951-01, end: 2026-06, status: scaled}",/Users/andrewpark/Desktop/Code/WeatherDerivativePricing,2026-09-02T15:42:54+00:00,Sun Apr  2 14:32:03 2017,True
tavg,1996-10,scaled,https://www.ncei.noaa.gov/data/nclimgrid-daily/access/averages/1996/tavg-199610-cty-scaled.csv,raw/nclimgrid_daily/averages/1996/tavg-199610-cty-scaled.csv,2026-07-30T03:39:24+00:00,1093490,dde92111d20530dda8b04bbb8c62db6e60092a131f32645a54c2422d25326af6,"""10af72-5e7a424abbd63""","Thu, 01 Sep 2022 21:17:39 GMT",https://www.ncei.noaa.gov/data/nclimgrid-daily/access/averages/1996/ncdd-199610-version.txt,raw/nclimgrid_daily/version/1996/ncdd-199610-version.txt,92c32fbb69757a501b9c107ad3f49e7fe6782815df2d216d63d1abc5ff8c034f,processed/nclimgrid_daily/county_tavg/1996/county_tavg_199610.csv,96317,"nclimgrid-daily_v1-0-0_snap2026-07-30, start: 1951-01, end: 2026-06, status: scaled}",/Users/andrewpark/Desktop/Code/WeatherDerivativePricing,2026-09-02T15:42:54+00:00,Sun Apr  2 14:32:41 2017,True
tavg,1996-11,scaled,https://www.ncei.noaa.gov/data/nclimgrid-daily/access/averages/1996/tavg-199611-cty-scaled.csv,raw/nclimgrid_daily/averages/1996/tavg-199611-cty-scaled.csv,2026-07-30T03:39:25+00:00,1093490,f46b8df0be2c00571d7be810a806a06e2445b99e93d239760c5f84526aa8ede8,"""10af72-5e7a425e9cb42""","Thu, 01 Sep 2022 21:18:00 GMT",https://www.ncei.noaa.gov/data/nclimgrid-daily/access/averages/1996/ncdd-199611-version.txt,raw/nclimgrid_daily/version/1996/ncdd-199611-version.txt,12a85c6ef4352690f259068766a2be30868227f6a15bb5a6ca94564b8d57b449,processed/nclimgrid_daily/county_tavg/1996/county_tavg_199611.csv,93210,"nclimgrid-daily_v1-0-0_snap2026-07-30, start: 1951-01, end: 2026-06, status: scaled}",/Users/andrewpark/Desktop/Code/WeatherDerivativePricing,2026-09-02T15:42:54+00:00,Sun Apr  2 14:33:16 2017,True
tavg,1996-12,scaled,https://www.ncei.noaa.gov/data/nclimgrid-daily/access/averages/1996/tavg-199612-cty-scaled.csv,raw/nclimgrid_daily/averages/1996/tavg-199612-cty-scaled.csv,2026-07-30T03:39:25+00:00,1093490,87bd95d921e1f5d5da6ddf50414e24add99effa433950fe843d4cf8b6e370ed7,"""10af72-5e7a427211a92""","Thu, 01 Sep 2022 21:18:20 GMT",https://www.ncei.noaa.gov/data/nclimgrid-daily/access/averages/1996/ncdd-199612-version.txt,raw/nclimgrid_daily/version/1996/ncdd-199612-version.txt,0f9812b5f2fae0a603e14ef02f5c4d6a60ddb20086f501c36bc4dfd98f37fc6b,processed/nclimgrid_daily/county_tavg/1996/county_tavg_199612.csv,96317,"nclimgrid-daily_v1-0-0_snap2026-07-30, start: 1951-01, end: 2026-06, status: scaled}",/Users/andrewpark/Desktop/Code/WeatherDerivativePricing,2026-09-02T15:42:54+00:00,Sun Apr  2 14:33:54 2017,True
tavg,1997-01,scaled,https://www.ncei.noaa.gov/data/nclimgrid-daily/access/averages/1997/tavg-199701-cty-scaled.csv,raw/nclimgrid_daily/averages/1997/tavg-199701-cty-scaled.csv,2026-07-30T03:39:26+00:00,1093490,e23e541db8b095a1a9893bd776f29548319c9cc335de7f3f2e25db62e1796862,"""10af72-5e7a428897c61""","Thu, 01 Sep 2022 21:18:44 GMT",https://www.ncei.noaa.gov/data/nclimgrid-daily/access/averages/1997/ncdd-199701-version.txt,raw/nclimgrid_daily/version/1997/ncdd-199701-version.txt,d38e3937be5a12d033a78341d34040ceae8ffbe9e5659ab772cdc15f9bb19d08,processed/nclimgrid_daily/county_tavg/1997/county_tavg_199701.csv,96317,"nclimgrid-daily_v1-0-0_snap2026-07-30, start: 1951-01, end: 2026-06, status: scaled}",/Users/andrewpark/Desktop/Code/WeatherDerivativePricing,2026-09-02T15:42:54+00:00,Mon Apr  3 08:31:13 2017,True
tavg,1997-02,scaled,https://www.ncei.noaa.gov/data/nclimgrid-daily/access/averages/1997/tavg-199702-cty-scaled.csv,raw/nclimgrid_daily/averages/1997/tavg-199702-cty-scaled.csv,2026-07-30T03:39:28+00:00,1093490,38b5b70152a1ea2e28b8126827c6b17dbf03a94533e738c90252dbab2c7c060f,"""10af72-5e7a429e98190""","Thu, 01 Sep 2022 21:19:07 GMT",https://www.ncei.noaa.gov/data/nclimgrid-daily/access/averages/1997/ncdd-199702-version.txt,raw/nclimgrid_daily/version/1997/ncdd-199702-version.txt,285fd3653cdf4f08cdbdc7df7ee9caf00581074ae61829005caebc21d97a4502,processed/nclimgrid_daily/county_tavg/1997/county_tavg_199702.csv,86996,"nclimgrid-daily_v1-0-0_snap2026-07-30, start: 1951-01, end: 2026-06, status: scaled}",/Users/andrewpark/Desktop/Code/WeatherDerivativePricing,2026-09-02T15:42:54+00:00,Mon Apr  3 08:31:51 2017,True
tavg,1997-03,scaled,https://www.ncei.noaa.gov/data/nclimgrid-daily/access/averages/1997/tavg-199703-cty-scaled.csv,raw/nclimgrid_daily/averages/1997/tavg-199703-cty-scaled.csv,2026-07-30T03:39:28+00:00,1093490,57d0746410ceae8c2b3f14da3827caf73b59362a684ad0833666d143dcee62c6,"""10af72-5e7a42b23da38""","Thu, 01 Sep 2022 21:19:27 GMT",https://www.ncei.noaa.gov/data/nclimgrid-daily/access/averages/1997/ncdd-199703-version.txt,raw/nclimgrid_daily/version/1997/ncdd-199703-version.txt,10d0a63c3407b26c0a876b8b2f9b0f0a25d5dc20da01ff323044c2e3753ae959,processed/nclimgrid_daily/county_tavg/1997/county_tavg_199703.csv,96317,"nclimgrid-daily_v1-0-0_snap2026-07-30, start: 1951-01, end: 2026-06, status: scaled}",/Users/andrewpark/Desktop/Code/WeatherDerivativePricing,2026-09-02T15:42:54+00:00,Mon Apr  3 08:32:38 2017,True
tavg,1997-04,scaled,https://www.ncei.noaa.gov/data/nclimgrid-daily/access/averages/1997/tavg-199704-cty-scaled.csv,raw/nclimgrid_daily/averages/1997/tavg-199704-cty-scaled.csv,2026-07-30T03:39:29+00:00,1093490,36b5e1486e74d3d233e1e79e2c76bbfeffb685f84ee04fe8c3692a5133ea4ac9,"""10af72-5e7a42c85f2a7""","Thu, 01 Sep 2022 21:19:51 GMT",https://www.ncei.noaa.gov/data/nclimgrid-daily/access/averages/1997/ncdd-199704-version.txt,raw/nclimgrid_daily/version/1997/ncdd-199704-version.txt,ddecef24e91d9963620bc5f8fa89da9de0a717920c6db0c488a9c74bfb0a3a7d,processed/nclimgrid_daily/county_tavg/1997/county_tavg_199704.csv,93210,"nclimgrid-daily_v1-0-0_snap2026-07-30, start: 1951-01, end: 2026-06, status: scaled}",/Users/andrewpark/Desktop/Code/WeatherDerivativePricing,2026-09-02T15:42:54+00:00,Mon Apr  3 08:33:20 2017,True
tavg,1997-05,scaled,https://www.ncei.noaa.gov/data/nclimgrid-daily/access/averages/1997/tavg-199705-cty-scaled.csv,raw/nclimgrid_daily/averages/1997/tavg-199705-cty-scaled.csv,2026-07-30T03:39:29+00:00,1093490,bf614b884412413ff09c07feb175dbc6681fa8176f3a317fd349cd3e9e1594a8,"""10af72-5e7a42de714ff""","Thu, 01 Sep 2022 21:20:14 GMT",https://www.ncei.noaa.gov/data/nclimgrid-daily/access/averages/1997/ncdd-199705-version.txt,raw/nclimgrid_daily/version/1997/ncdd-199705-version.txt,5976484424ceae8d7b20fb69006a8ac31263215a2cc5dcff6414b6892a0d2321,processed/nclimgrid_daily/county_tavg/1997/county_tavg_199705.csv,96317,"nclimgrid-daily_v1-0-0_snap2026-07-30, start: 1951-01, end: 2026-06, status: scaled}",/Users/andrewpark/Desktop/Code/WeatherDerivativePricing,2026-09-02T15:42:54+00:00,Mon Apr  3 08:34:05 2017,True
tavg,1997-06,scaled,https://www.ncei.noaa.gov/data/nclimgrid-daily/access/averages/1997/tavg-199706-cty-scaled.csv,raw/nclimgrid_daily/averages/1997/tavg-199706-cty-scaled.csv,2026-07-30T03:39:30+00:00,1093490,1d3d553aaca7df345aaac953631680cf012d27f4b827fe16762ff2f4123388e3,"""10af72-5e7a42f59811e""","Thu, 01 Sep 2022 21:20:38 GMT",https://www.ncei.noaa.gov/data/nclimgrid-daily/access/averages/1997/ncdd-199706-version.txt,raw/nclimgrid_daily/version/1997/ncdd-199706-version.txt,82ef46601754092262fd9b3c969719a4aebf8934bdac1a85f5f2ce7aefc1d020,processed/nclimgrid_daily/county_tavg/1997/county_tavg_199706.csv,93210,"nclimgrid-daily_v1-0-0_snap2026-07-30, start: 1951-01, end: 2026-06, status: scaled}",/Users/andrewpark/Desktop/Code/WeatherDerivativePricing,2026-09-02T15:42:54+00:00,Mon Apr  3 08:34:47 2017,True
tavg,1997-07,scaled,https://www.ncei.noaa.gov/data/nclimgrid-daily/access/averages/1997/tavg-199707-cty-scaled.csv,raw/nclimgrid_daily/averages/1997/tavg-199707-cty-scaled.csv,2026-07-30T03:39:31+00:00,1093490,93dcbac0566d64175f344195f7691ab927f10d5fc17f8820cf2f594a55827edb,"""10af72-5e7a430c41955""","Thu, 01 Sep 2022 21:21:02 GMT",https://www.ncei.noaa.gov/data/nclimgrid-daily/access/averages/1997/ncdd-199707-version.txt,raw/nclimgrid_daily/version/1997/ncdd-199707-version.txt,9245b742968988c52c63c9e4503938aee70f917556c70a1a6ecff820b5cdcf96,processed/nclimgrid_daily/county_tavg/1997/county_tavg_199707.csv,96317,"nclimgrid-daily_v1-0-0_snap2026-07-30, start: 1951-01, end: 2026-06, status: scaled}",/Users/andrewpark/Desktop/Code/WeatherDerivativePricing,2026-09-02T15:42:54+00:00,Mon Apr  3 08:35:32 2017,True
tavg,1997-08,scaled,https://www.ncei.noaa.gov/data/nclimgrid-daily/access/averages/1997/tavg-199708-cty-scaled.csv,raw/nclimgrid_daily/averages/1997/tavg-199708-cty-scaled.csv,2026-07-30T03:39:31+00:00,1093490,dea2c97420ce0f76082d5cf0718e55ce776f441aff3eabeca6cb89291c22b969,"""10af72-5e7a4323237e5""","Thu, 01 Sep 2022 21:21:26 GMT",https://www.ncei.noaa.gov/data/nclimgrid-daily/access/averages/1997/ncdd-199708-version.txt,raw/nclimgrid_daily/version/1997/ncdd-199708-version.txt,91d72755bdeb87265159484acea652285a01262ee795f6cf25b7980fef617dd8,processed/nclimgrid_daily/county_tavg/1997/county_tavg_199708.csv,96317,"nclimgrid-daily_v1-0-0_snap2026-07-30, start: 1951-01, end: 2026-06, status: scaled}",/Users/andrewpark/Desktop/Code/WeatherDerivativePricing,2026-09-02T15:42:54+00:00,Mon Apr  3 08:36:16 2017,True
tavg,1997-09,scaled,https://www.ncei.noaa.gov/data/nclimgrid-daily/access/averages/1997/tavg-199709-cty-scaled.csv,raw/nclimgrid_daily/averages/1997/tavg-199709-cty-scaled.csv,2026-07-30T03:39:32+00:00,1093490,c8e10cb7170428757d2ba4bfc9d295337a76fb879dbca610febf678e7d670a80,"""10af72-5e7a43376c5d4""","Thu, 01 Sep 2022 21:21:47 GMT",https://www.ncei.noaa.gov/data/nclimgrid-daily/access/averages/1997/ncdd-199709-version.txt,raw/nclimgrid_daily/version/1997/ncdd-199709-version.txt,2f98a3fb83728e250b617397b66622633e6393484ec063866033c861926eda2c,processed/nclimgrid_daily/county_tavg/1997/county_tavg_199709.csv,93210,"nclimgrid-daily_v1-0-0_snap2026-07-30, start: 1951-01, end: 2026-06, status: scaled}",/Users/andrewpark/Desktop/Code/WeatherDerivativePricing,2026-09-02T15:42:54+00:00,Mon Apr  3 08:36:59 2017,True
tavg,1997-10,scaled,https://www.ncei.noaa.gov/data/nclimgrid-daily/access/averages/1997/tavg-199710-cty-scaled.csv,raw/nclimgrid_daily/averages/1997/tavg-199710-cty-scaled.csv,2026-07-30T03:39:33+00:00,1093490,d3e68b76ae2205a2a7019264e23b42d34ed457c3e85681d0d0a18df631adf226,"""10af72-5e7a434ed0283""","Thu, 01 Sep 2022 21:22:12 GMT",https://www.ncei.noaa.gov/data/nclimgrid-daily/access/averages/1997/ncdd-199710-version.txt,raw/nclimgrid_daily/version/1997/ncdd-199710-version.txt,86869ce8d459f28d014d47216fb5a33efea7d1cfdb16efbb016a5ebbb6f85a15,processed/nclimgrid_daily/county_tavg/1997/county_tavg_199710.csv,96317,"nclimgrid-daily_v1-0-0_snap2026-07-30, start: 1951-01, end: 2026-06, status: scaled}",/Users/andrewpark/Desktop/Code/WeatherDerivativePricing,2026-09-02T15:42:54+00:00,Mon Apr  3 08:37:44 2017,True
tavg,1997-11,scaled,https://www.ncei.noaa.gov/data/nclimgrid-daily/access/averages/1997/tavg-199711-cty-scaled.csv,raw/nclimgrid_daily/averages/1997/tavg-199711-cty-scaled.csv,2026-07-30T03:39:33+00:00,1093490,a65530ceb637f566dfb2c4537348c327b3e788776dba67abd43bce21715e11bd,"""10af72-5e7a436381083""","Thu, 01 Sep 2022 21:22:33 GMT",https://www.ncei.noaa.gov/data/nclimgrid-daily/access/averages/1997/ncdd-199711-version.txt,raw/nclimgrid_daily/version/1997/ncdd-199711-version.txt,69d96cfd5217c8cc2806174bfc5f48c6017e15d51521e5d85cb4d2b8e3d23884,processed/nclimgrid_daily/county_tavg/1997/county_tavg_199711.csv,93210,"nclimgrid-daily_v1-0-0_snap2026-07-30, start: 1951-01, end: 2026-06, status: scaled}",/Users/andrewpark/Desktop/Code/WeatherDerivativePricing,2026-09-02T15:42:54+00:00,Mon Apr  3 08:38:26 2017,True
tavg,1997-12,scaled,https://www.ncei.noaa.gov/data/nclimgrid-daily/access/averages/1997/tavg-199712-cty-scaled.csv,raw/nclimgrid_daily/averages/1997/tavg-199712-cty-scaled.csv,2026-07-30T03:39:34+00:00,1093490,8010d785cb20523b988f9aa7459844631e15705bfa51b88de0b5e511663f2ff3,"""10af72-5e7a437a42f5a""","Thu, 01 Sep 2022 21:22:57 GMT",https://www.ncei.noaa.gov/data/nclimgrid-daily/access/averages/1997/ncdd-199712-version.txt,raw/nclimgrid_daily/version/1997/ncdd-199712-version.txt,b631c4b30a6b3d035ef5c922415417f2ba5b57637e7f72fd9a2ca35be2b42000,processed/nclimgrid_daily/county_tavg/1997/county_tavg_199712.csv,96317,"nclimgrid-daily_v1-0-0_snap2026-07-30, start: 1951-01, end: 2026-06, status: scaled}",/Users/andrewpark/Desktop/Code/WeatherDerivativePricing,2026-09-02T15:42:54+00:00,Mon Apr  3 08:39:09 2017,True
tavg,1998-01,scaled,https://www.ncei.noaa.gov/data/nclimgrid-daily/access/averages/1998/tavg-199801-cty-scaled.csv,raw/nclimgrid_daily/averages/1998/tavg-199801-cty-scaled.csv,2026-07-30T03:39:34+00:00,1093490,d45934e53ef9512465865278c6e2af802d962de746075738cda568227689ba69,"""10af72-5e7a438f5b1b2""","Thu, 01 Sep 2022 21:23:19 GMT",https://www.ncei.noaa.gov/data/nclimgrid-daily/access/averages/1998/ncdd-199801-version.txt,raw/nclimgrid_daily/version/1998/ncdd-199801-version.txt,0002dc6d6d5b2ed095a62ab460989d3a36d3f1d19c1abf44999d058dacc858a1,processed/nclimgrid_daily/county_tavg/1998/county_tavg_199801.csv,96317,"nclimgrid-daily_v1-0-0_snap2026-07-30, start: 1951-01, end: 2026-06, status: scaled}",/Users/andrewpark/Desktop/Code/WeatherDerivativePricing,2026-09-02T15:42:54+00:00,Tue Apr  4 02:56:20 2017,True
tavg,1998-02,scaled,https://www.ncei.noaa.gov/data/nclimgrid-daily/access/averages/1998/tavg-199802-cty-scaled.csv,raw/nclimgrid_daily/averages/1998/tavg-199802-cty-scaled.csv,2026-07-30T03:39:35+00:00,1093490,424223257dee2a52c222e5c752c76608604a8997d880e53bff26c8e59c6a8ecb,"""10af72-5e7a43a43a1f9""","Thu, 01 Sep 2022 21:23:41 GMT",https://www.ncei.noaa.gov/data/nclimgrid-daily/access/averages/1998/ncdd-199802-version.txt,raw/nclimgrid_daily/version/1998/ncdd-199802-version.txt,9880cf4f5840bbeb4125f8eca525e34b2ee4a1496ce4d60fce113592dae59df7,processed/nclimgrid_daily/county_tavg/1998/county_tavg_199802.csv,86996,"nclimgrid-daily_v1-0-0_snap2026-07-30, start: 1951-01, end: 2026-06, status: scaled}",/Users/andrewpark/Desktop/Code/WeatherDerivativePricing,2026-09-02T15:42:54+00:00,Tue Apr  4 02:56:57 2017,True
tavg,1998-03,scaled,https://www.ncei.noaa.gov/data/nclimgrid-daily/access/averages/1998/tavg-199803-cty-scaled.csv,raw/nclimgrid_daily/averages/1998/tavg-199803-cty-scaled.csv,2026-07-30T03:39:36+00:00,1093490,84487895d77b92a510e4f132adaf8383947a1d321aa6263b6bc7d85eab9f2ded,"""10af72-5e7a43b8cbbf8""","Thu, 01 Sep 2022 21:24:03 GMT",https://www.ncei.noaa.gov/data/nclimgrid-daily/access/averages/1998/ncdd-199803-version.txt,raw/nclimgrid_daily/version/1998/ncdd-199803-version.txt,c1e681034a4057aaab1bd0eb936fbe4610a80ad5f159e0437ce6aeaec01242fa,processed/nclimgrid_daily/county_tavg/1998/county_tavg_199803.csv,96317,"nclimgrid-daily_v1-0-0_snap2026-07-30, start: 1951-01, end: 2026-06, status: scaled}",/Users/andrewpark/Desktop/Code/WeatherDerivativePricing,2026-09-02T15:42:54+00:00,Tue Apr  4 02:57:41 2017,True
tavg,1998-04,scaled,https://www.ncei.noaa.gov/data/nclimgrid-daily/access/averages/1998/tavg-199804-cty-scaled.csv,raw/nclimgrid_daily/averages/1998/tavg-199804-cty-scaled.csv,2026-07-30T03:39:36+00:00,1093490,c0bcd0b2d8b2a23ee4793ec7b303d6ed4c7069a53d095bab8f895f8f7803ec9f,"""10af72-5e7a43cd30738""","Thu, 01 Sep 2022 21:24:24 GMT",https://www.ncei.noaa.gov/data/nclimgrid-daily/access/averages/1998/ncdd-199804-version.txt,raw/nclimgrid_daily/version/1998/ncdd-199804-version.txt,922b2afe52986e59656953fbefa4323cf0a3024a55ebde62312ef2eff1695a71,processed/nclimgrid_daily/county_tavg/1998/county_tavg_199804.csv,93210,"nclimgrid-daily_v1-0-0_snap2026-07-30, start: 1951-01, end: 2026-06, status: scaled}",/Users/andrewpark/Desktop/Code/WeatherDerivativePricing,2026-09-02T15:42:54+00:00,Tue Apr  4 02:58:23 2017,True
tavg,1998-05,scaled,https://www.ncei.noaa.gov/data/nclimgrid-daily/access/averages/1998/tavg-199805-cty-scaled.csv,raw/nclimgrid_daily/averages/1998/tavg-199805-cty-scaled.csv,2026-07-30T03:39:37+00:00,1093490,b944008975c5bbee64c673bc752b2308a71ca998de33f70a8bf088c3814a3af8,"""10af72-5e7a43e1e4be7""","Thu, 01 Sep 2022 21:24:46 GMT",https://www.ncei.noaa.gov/data/nclimgrid-daily/access/averages/1998/ncdd-199805-version.txt,raw/nclimgrid_daily/version/1998/ncdd-199805-version.txt,62a78bc95982281e1e9f143997bdb81e971fdc2b94d628dc132efc74cfbe4bd8,processed/nclimgrid_daily/county_tavg/1998/county_tavg_199805.csv,96317,"nclimgrid-daily_v1-0-0_snap2026-07-30, start: 1951-01, end: 2026-06, status: scaled}",/Users/andrewpark/Desktop/Code/WeatherDerivativePricing,2026-09-02T15:42:54+00:00,Tue Apr  4 02:59:09 2017,True
tavg,1998-06,scaled,https://www.ncei.noaa.gov/data/nclimgrid-daily/access/averages/1998/tavg-199806-cty-scaled.csv,raw/nclimgrid_daily/averages/1998/tavg-199806-cty-scaled.csv,2026-07-30T03:39:37+00:00,1093490,6378f8359b1501efaf346ae6018b5946285a0753460f7e9c2f1dc377c4f28bce,"""10af72-5e7a43f689e67""","Thu, 01 Sep 2022 21:25:08 GMT",https://www.ncei.noaa.gov/data/nclimgrid-daily/access/averages/1998/ncdd-199806-version.txt,raw/nclimgrid_daily/version/1998/ncdd-199806-version.txt,da5f596dee8180602000cbc7f0aaa817b1d5f533e7645c90b53ce64827098842,processed/nclimgrid_daily/county_tavg/1998/county_tavg_199806.csv,93210,"nclimgrid-daily_v1-0-0_snap2026-07-30, start: 1951-01, end: 2026-06, status: scaled}",/Users/andrewpark/Desktop/Code/WeatherDerivativePricing,2026-09-02T15:42:54+00:00,Tue Apr  4 02:59:51 2017,True
tavg,1998-07,scaled,https://www.ncei.noaa.gov/data/nclimgrid-daily/access/averages/1998/tavg-199807-cty-scaled.csv,raw/nclimgrid_daily/averages/1998/tavg-199807-cty-scaled.csv,2026-07-30T03:39:38+00:00,1093490,1317b5943f1c06b733eabfe77caa6c53c5f37f0002c468f3596f4e91ca8006bb,"""10af72-5e7a440b50fde""","Thu, 01 Sep 2022 21:25:29 GMT",https://www.ncei.noaa.gov/data/nclimgrid-daily/access/averages/1998/ncdd-199807-version.txt,raw/nclimgrid_daily/version/1998/ncdd-199807-version.txt,76bab679c39a4d5b107226bb1c8c1b06644d2cb8f7aa9dcd07137d898aee14d1,processed/nclimgrid_daily/county_tavg/1998/county_tavg_199807.csv,96317,"nclimgrid-daily_v1-0-0_snap2026-07-30, start: 1951-01, end: 2026-06, status: scaled}",/Users/andrewpark/Desktop/Code/WeatherDerivativePricing,2026-09-02T15:42:54+00:00,Tue Apr  4 03:00:39 2017,True
tavg,1998-08,scaled,https://www.ncei.noaa.gov/data/nclimgrid-daily/access/averages/1998/tavg-199808-cty-scaled.csv,raw/nclimgrid_daily/averages/1998/tavg-199808-cty-scaled.csv,2026-07-30T03:39:39+00:00,1093490,5e99036e1cdb4d056b860f3a77535d65e4ceb3412945443df53bcb00551a8c50,"""10af72-5e7a44204c15e""","Thu, 01 Sep 2022 21:25:51 GMT",https://www.ncei.noaa.gov/data/nclimgrid-daily/access/averages/1998/ncdd-199808-version.txt,raw/nclimgrid_daily/version/1998/ncdd-199808-version.txt,f2ff54c3d6f35e7c17e2417845b0baa087fae02ddf1924b59667ec4c69cffb54,processed/nclimgrid_daily/county_tavg/1998/county_tavg_199808.csv,96317,"nclimgrid-daily_v1-0-0_snap2026-07-30, start: 1951-01, end: 2026-06, status: scaled}",/Users/andrewpark/Desktop/Code/WeatherDerivativePricing,2026-09-02T15:42:54+00:00,Tue Apr  4 03:01:35 2017,True
tavg,1998-09,scaled,https://www.ncei.noaa.gov/data/nclimgrid-daily/access/averages/1998/tavg-199809-cty-scaled.csv,raw/nclimgrid_daily/averages/1998/tavg-199809-cty-scaled.csv,2026-07-30T03:39:39+00:00,1093490,b0f0d8094ac67239612a2d236982d507f97426a6dd082dd2a64b75466f679be1,"""10af72-5e7a4434a35c5""","Thu, 01 Sep 2022 21:26:13 GMT",https://www.ncei.noaa.gov/data/nclimgrid-daily/access/averages/1998/ncdd-199809-version.txt,raw/nclimgrid_daily/version/1998/ncdd-199809-version.txt,4bfc8d3f90464964f1b346c5b9491d630715661b17005e31b5361db774c27c3f,processed/nclimgrid_daily/county_tavg/1998/county_tavg_199809.csv,93210,"nclimgrid-daily_v1-0-0_snap2026-07-30, start: 1951-01, end: 2026-06, status: scaled}",/Users/andrewpark/Desktop/Code/WeatherDerivativePricing,2026-09-02T15:42:54+00:00,Tue Apr  4 03:02:24 2017,True
tavg,1998-10,scaled,https://www.ncei.noaa.gov/data/nclimgrid-daily/access/averages/1998/tavg-199810-cty-scaled.csv,raw/nclimgrid_daily/averages/1998/tavg-199810-cty-scaled.csv,2026-07-30T03:39:40+00:00,1093490,37703281e68f69a33f9d8b1a8aafb15b7e74a9e35647592a3bfdce0a0967b874,"""10af72-5e7a4448764fc""","Thu, 01 Sep 2022 21:26:33 GMT",https://www.ncei.noaa.gov/data/nclimgrid-daily/access/averages/1998/ncdd-199810-version.txt,raw/nclimgrid_daily/version/1998/ncdd-199810-version.txt,7b8dd6f503fd91e4e602f5467d8085122d075c074d947c34b21a3228078820ed,processed/nclimgrid_daily/county_tavg/1998/county_tavg_199810.csv,96317,"nclimgrid-daily_v1-0-0_snap2026-07-30, start: 1951-01, end: 2026-06, status: scaled}",/Users/andrewpark/Desktop/Code/WeatherDerivativePricing,2026-09-02T15:42:54+00:00,Tue Apr  4 03:03:13 2017,True
tavg,1998-11,scaled,https://www.ncei.noaa.gov/data/nclimgrid-daily/access/averages/1998/tavg-199811-cty-scaled.csv,raw/nclimgrid_daily/averages/1998/tavg-199811-cty-scaled.csv,2026-07-30T03:39:41+00:00,1093490,ae547b2036954ee6ffcd5ce479300d19ae2deb523eb3cffca2a733331fae6897,"""10af72-5e7a445c109f4""","Thu, 01 Sep 2022 21:26:54 GMT",https://www.ncei.noaa.gov/data/nclimgrid-daily/access/averages/1998/ncdd-199811-version.txt,raw/nclimgrid_daily/version/1998/ncdd-199811-version.txt,c68331e01f492966b5f8dfdc14d6b890d213952fb167223ebda0c34e3cd59da4,processed/nclimgrid_daily/county_tavg/1998/county_tavg_199811.csv,93210,"nclimgrid-daily_v1-0-0_snap2026-07-30, start: 1951-01, end: 2026-06, status: scaled}",/Users/andrewpark/Desktop/Code/WeatherDerivativePricing,2026-09-02T15:42:54+00:00,Tue Apr  4 03:04:05 2017,True
tavg,1998-12,scaled,https://www.ncei.noaa.gov/data/nclimgrid-daily/access/averages/1998/tavg-199812-cty-scaled.csv,raw/nclimgrid_daily/averages/1998/tavg-199812-cty-scaled.csv,2026-07-30T03:39:41+00:00,1093490,739f4df4dfae5120eb4b4d2ea78cc1b1f9199f00d87759268d7b02d42e3e8e18,"""10af72-5e7a44714bae3""","Thu, 01 Sep 2022 21:27:16 GMT",https://www.ncei.noaa.gov/data/nclimgrid-daily/access/averages/1998/ncdd-199812-version.txt,raw/nclimgrid_daily/version/1998/ncdd-199812-version.txt,e15980a2724a851eeaaa3943a53029098f89c996b23f79229c38092c4fc90577,processed/nclimgrid_daily/county_tavg/1998/county_tavg_199812.csv,96317,"nclimgrid-daily_v1-0-0_snap2026-07-30, start: 1951-01, end: 2026-06, status: scaled}",/Users/andrewpark/Desktop/Code/WeatherDerivativePricing,2026-09-02T15:42:54+00:00,Tue Apr  4 03:05:09 2017,True
tavg,1999-01,scaled,https://www.ncei.noaa.gov/data/nclimgrid-daily/access/averages/1999/tavg-199901-cty-scaled.csv,raw/nclimgrid_daily/averages/1999/tavg-199901-cty-scaled.csv,2026-07-30T03:39:42+00:00,1093490,4ed60346c8382df1c46eee7cdb122290e47b2259a14202f70ea136462ecb9b9b,"""10af72-5e7a44851d2ab""","Thu, 01 Sep 2022 21:27:37 GMT",https://www.ncei.noaa.gov/data/nclimgrid-daily/access/averages/1999/ncdd-199901-version.txt,raw/nclimgrid_daily/version/1999/ncdd-199901-version.txt,e588b8ea0ed1cf07266e74412bf8b323e7ef214a0453d9a6bc3bd81789f0f177,processed/nclimgrid_daily/county_tavg/1999/county_tavg_199901.csv,96317,"nclimgrid-daily_v1-0-0_snap2026-07-30, start: 1951-01, end: 2026-06, status: scaled}",/Users/andrewpark/Desktop/Code/WeatherDerivativePricing,2026-09-02T15:42:54+00:00,Tue Apr  4 21:56:26 2017,True
tavg,1999-02,scaled,https://www.ncei.noaa.gov/data/nclimgrid-daily/access/averages/1999/tavg-199902-cty-scaled.csv,raw/nclimgrid_daily/averages/1999/tavg-199902-cty-scaled.csv,2026-07-30T03:39:43+00:00,1093490,2f8a36ebd6d7f6734a8620826442f180a0aa641a7b07cea12d81bf1afaaa14e1,"""10af72-5e7a4498b73ba""","Thu, 01 Sep 2022 21:27:58 GMT",https://www.ncei.noaa.gov/data/nclimgrid-daily/access/averages/1999/ncdd-199902-version.txt,raw/nclimgrid_daily/version/1999/ncdd-199902-version.txt,60411f89259a5959d3e720cd516574efc40091ab609f2cee616cb3e85814b17f,processed/nclimgrid_daily/county_tavg/1999/county_tavg_199902.csv,86996,"nclimgrid-daily_v1-0-0_snap2026-07-30, start: 1951-01, end: 2026-06, status: scaled}",/Users/andrewpark/Desktop/Code/WeatherDerivativePricing,2026-09-02T15:42:54+00:00,Tue Apr  4 21:57:01 2017,True
tavg,1999-03,scaled,https://www.ncei.noaa.gov/data/nclimgrid-daily/access/averages/1999/tavg-199903-cty-scaled.csv,raw/nclimgrid_daily/averages/1999/tavg-199903-cty-scaled.csv,2026-07-30T03:39:43+00:00,1093490,102edcced5db4f93334e20dca1a5e70618ac324efa815aa464e483b91261c2c8,"""10af72-5e7a44ac43622""","Thu, 01 Sep 2022 21:28:18 GMT",https://www.ncei.noaa.gov/data/nclimgrid-daily/access/averages/1999/ncdd-199903-version.txt,raw/nclimgrid_daily/version/1999/ncdd-199903-version.txt,51b78a94a714b7c57eea1525b8ee885b4bcc6e3ce3268532b56a0864c1541c9c,processed/nclimgrid_daily/county_tavg/1999/county_tavg_199903.csv,96317,"nclimgrid-daily_v1-0-0_snap2026-07-30, start: 1951-01, end: 2026-06, status: scaled}",/Users/andrewpark/Desktop/Code/WeatherDerivativePricing,2026-09-02T15:42:54+00:00,Tue Apr  4 21:57:39 2017,True
tavg,1999-04,scaled,https://www.ncei.noaa.gov/data/nclimgrid-daily/access/averages/1999/tavg-199904-cty-scaled.csv,raw/nclimgrid_daily/averages/1999/tavg-199904-cty-scaled.csv,2026-07-30T03:39:44+00:00,1093490,a8a22abbce04784278deb2ac846fa2922164df0adc80a529e147b931a31c6819,"""10af72-5e7a44c0c65c1""","Thu, 01 Sep 2022 21:28:40 GMT",https://www.ncei.noaa.gov/data/nclimgrid-daily/access/averages/1999/ncdd-199904-version.txt,raw/nclimgrid_daily/version/1999/ncdd-199904-version.txt,380de0b21d3c3227ed5a05c15402fb936167931b24d9648e8143b2e2bf468a3c,processed/nclimgrid_daily/county_tavg/1999/county_tavg_199904.csv,93210,"nclimgrid-daily_v1-0-0_snap2026-07-30, start: 1951-01, end: 2026-06, status: scaled}",/Users/andrewpark/Desktop/Code/WeatherDerivativePricing,2026-09-02T15:42:54+00:00,Tue Apr  4 21:58:14 2017,True
tavg,1999-05,scaled,https://www.ncei.noaa.gov/data/nclimgrid-daily/access/averages/1999/tavg-199905-cty-scaled.csv,raw/nclimgrid_daily/averages/1999/tavg-199905-cty-scaled.csv,2026-07-30T03:39:44+00:00,1093490,d173c63522228bcd4d4533d93dbb6111ad2b843a94636476d6918653d9182565,"""10af72-5e7a44d4003c0""","Thu, 01 Sep 2022 21:29:00 GMT",https://www.ncei.noaa.gov/data/nclimgrid-daily/access/averages/1999/ncdd-199905-version.txt,raw/nclimgrid_daily/version/1999/ncdd-199905-version.txt,1ce811b63febaa0e61fddf821625a795b4c4737e9ab55967fcce064eee7c5e66,processed/nclimgrid_daily/county_tavg/1999/county_tavg_199905.csv,96317,"nclimgrid-daily_v1-0-0_snap2026-07-30, start: 1951-01, end: 2026-06, status: scaled}",/Users/andrewpark/Desktop/Code/WeatherDerivativePricing,2026-09-02T15:42:54+00:00,Tue Apr  4 21:58:54 2017,True
tavg,1999-06,scaled,https://www.ncei.noaa.gov/data/nclimgrid-daily/access/averages/1999/tavg-199906-cty-scaled.csv,raw/nclimgrid_daily/averages/1999/tavg-199906-cty-scaled.csv,2026-07-30T03:39:45+00:00,1093490,63706bd9b701b526271a126fe61031411e7af2f29981fc97cc72544b56f4d89a,"""10af72-5e7a44e777e08""","Thu, 01 Sep 2022 21:29:20 GMT",https://www.ncei.noaa.gov/data/nclimgrid-daily/access/averages/1999/ncdd-199906-version.txt,raw/nclimgrid_daily/version/1999/ncdd-199906-version.txt,1167e1c4fff35f58e35150a77d6355c4565cd6335a4d6f5f4e93d9453a757f84,processed/nclimgrid_daily/county_tavg/1999/county_tavg_199906.csv,93210,"nclimgrid-daily_v1-0-0_snap2026-07-30, start: 1951-01, end: 2026-06, status: scaled}",/Users/andrewpark/Desktop/Code/WeatherDerivativePricing,2026-09-02T15:42:54+00:00,Tue Apr  4 21:59:33 2017,True
tavg,1999-07,scaled,https://www.ncei.noaa.gov/data/nclimgrid-daily/access/averages/1999/tavg-199907-cty-scaled.csv,raw/nclimgrid_daily/averages/1999/tavg-199907-cty-scaled.csv,2026-07-30T03:39:46+00:00,1093490,476e891d218d799dc4daebfcf0a542508b9b0ebdabd9f0aca57930a0f59e49d0,"""10af72-5e7a44fc6490f""","Thu, 01 Sep 2022 21:29:42 GMT",https://www.ncei.noaa.gov/data/nclimgrid-daily/access/averages/1999/ncdd-199907-version.txt,raw/nclimgrid_daily/version/1999/ncdd-199907-version.txt,573ee6d07e74159488512b82a7cfeb5dc2c948e797567be0cafb7073b95b8bce,processed/nclimgrid_daily/county_tavg/1999/county_tavg_199907.csv,96317,"nclimgrid-daily_v1-0-0_snap2026-07-30, start: 1951-01, end: 2026-06, status: scaled}",/Users/andrewpark/Desktop/Code/WeatherDerivativePricing,2026-09-02T15:42:54+00:00,Tue Apr  4 22:00:13 2017,True
tavg,1999-08,scaled,https://www.ncei.noaa.gov/data/nclimgrid-daily/access/averages/1999/tavg-199908-cty-scaled.csv,raw/nclimgrid_daily/averages/1999/tavg-199908-cty-scaled.csv,2026-07-30T03:39:46+00:00,1093490,6b001050caa3ad233cd7e3d563ab74dad2108ae1cb70791ec02d3d29e9e34fb0,"""10af72-5e7a451115327""","Thu, 01 Sep 2022 21:30:04 GMT",https://www.ncei.noaa.gov/data/nclimgrid-daily/access/averages/1999/ncdd-199908-version.txt,raw/nclimgrid_daily/version/1999/ncdd-199908-version.txt,ff928bacace47bd8039bb45fdda8466cb37ec281693633db3c80c945780183d9,processed/nclimgrid_daily/county_tavg/1999/county_tavg_199908.csv,96317,"nclimgrid-daily_v1-0-0_snap2026-07-30, start: 1951-01, end: 2026-06, status: scaled}",/Users/andrewpark/Desktop/Code/WeatherDerivativePricing,2026-09-02T15:42:54+00:00,Tue Apr  4 22:00:52 2017,True
tavg,1999-09,scaled,https://www.ncei.noaa.gov/data/nclimgrid-daily/access/averages/1999/tavg-199909-cty-scaled.csv,raw/nclimgrid_daily/averages/1999/tavg-199909-cty-scaled.csv,2026-07-30T03:39:47+00:00,1093490,b4e22d2d3c19032c04036bd1bd913785a044b4996d57725293cb5e56bc251506,"""10af72-5e7a4525085fe""","Thu, 01 Sep 2022 21:30:25 GMT",https://www.ncei.noaa.gov/data/nclimgrid-daily/access/averages/1999/ncdd-199909-version.txt,raw/nclimgrid_daily/version/1999/ncdd-199909-version.txt,fb266df9cb0a6ffd02ece23665376c1a28c4f1bd927f54de0c5946e5c80d8c2b,processed/nclimgrid_daily/county_tavg/1999/county_tavg_199909.csv,93210,"nclimgrid-daily_v1-0-0_snap2026-07-30, start: 1951-01, end: 2026-06, status: scaled}",/Users/andrewpark/Desktop/Code/WeatherDerivativePricing,2026-09-02T15:42:54+00:00,Tue Apr  4 22:01:29 2017,True
tavg,1999-10,scaled,https://www.ncei.noaa.gov/data/nclimgrid-daily/access/averages/1999/tavg-199910-cty-scaled.csv,raw/nclimgrid_daily/averages/1999/tavg-199910-cty-scaled.csv,2026-07-30T03:39:47+00:00,1093490,61c2df1e71664c172c6d446cea1f8b2c8e2acb941e2546ce0861c6d13da6b3b6,"""10af72-5e7a45394d56e""","Thu, 01 Sep 2022 21:30:46 GMT",https://www.ncei.noaa.gov/data/nclimgrid-daily/access/averages/1999/ncdd-199910-version.txt,raw/nclimgrid_daily/version/1999/ncdd-199910-version.txt,f60abfe51fff179bc798e91b9c51adeb70dee95f67d6d8777616e9af82cb29de,processed/nclimgrid_daily/county_tavg/1999/county_tavg_199910.csv,96317,"nclimgrid-daily_v1-0-0_snap2026-07-30, start: 1951-01, end: 2026-06, status: scaled}",/Users/andrewpark/Desktop/Code/WeatherDerivativePricing,2026-09-02T15:42:54+00:00,Tue Apr  4 22:02:06 2017,True
tavg,1999-11,scaled,https://www.ncei.noaa.gov/data/nclimgrid-daily/access/averages/1999/tavg-199911-cty-scaled.csv,raw/nclimgrid_daily/averages/1999/tavg-199911-cty-scaled.csv,2026-07-30T03:39:48+00:00,1093490,e830194ead4c0f52a902afd12b0941ef6d4039edc821482782d9a3df5528055d,"""10af72-5e7a454cfe1c5""","Thu, 01 Sep 2022 21:31:07 GMT",https://www.ncei.noaa.gov/data/nclimgrid-daily/access/averages/1999/ncdd-199911-version.txt,raw/nclimgrid_daily/version/1999/ncdd-199911-version.txt,b9fb7cd60cba6b2e822084f32b195de1560dc4c5cd29ab7cf7ecf5ae913ea51c,processed/nclimgrid_daily/county_tavg/1999/county_tavg_199911.csv,93210,"nclimgrid-daily_v1-0-0_snap2026-07-30, start: 1951-01, end: 2026-06, status: scaled}",/Users/andrewpark/Desktop/Code/WeatherDerivativePricing,2026-09-02T15:42:54+00:00,Tue Apr  4 22:02:43 2017,True
tavg,1999-12,scaled,https://www.ncei.noaa.gov/data/nclimgrid-daily/access/averages/1999/tavg-199912-cty-scaled.csv,raw/nclimgrid_daily/averages/1999/tavg-199912-cty-scaled.csv,2026-07-30T03:39:49+00:00,1093490,0ba6209bc428f9bfc840d20b9e488514404c701b5659e98b5a2bbc0b164ec27e,"""10af72-5e7a456120684""","Thu, 01 Sep 2022 21:31:28 GMT",https://www.ncei.noaa.gov/data/nclimgrid-daily/access/averages/1999/ncdd-199912-version.txt,raw/nclimgrid_daily/version/1999/ncdd-199912-version.txt,bbcff91662920c71cf6c10af5abbe5156d6e74ec2b2e49b95e6362d18df37bc3,processed/nclimgrid_daily/county_tavg/1999/county_tavg_199912.csv,96317,"nclimgrid-daily_v1-0-0_snap2026-07-30, start: 1951-01, end: 2026-06, status: scaled}",/Users/andrewpark/Desktop/Code/WeatherDerivativePricing,2026-09-02T15:42:54+00:00,Tue Apr  4 22:03:19 2017,True
tavg,2000-01,scaled,https://www.ncei.noaa.gov/data/nclimgrid-daily/access/averages/2000/tavg-200001-cty-scaled.csv,raw/nclimgrid_daily/averages/2000/tavg-200001-cty-scaled.csv,2026-07-30T03:39:49+00:00,1093490,75f94ca1013ca7ac5bf92d1cfd05e8bc8712e3219bfa1f44e1ee5cf4503b88f6,"""10af72-5e7a457502404""","Thu, 01 Sep 2022 21:31:49 GMT",https://www.ncei.noaa.gov/data/nclimgrid-daily/access/averages/2000/ncdd-200001-version.txt,raw/nclimgrid_daily/version/2000/ncdd-200001-version.txt,f7ae276ff93a1795c07eb5ff3ca3868fb860e97d48abfa7e16bee4c9cc2d94f7,processed/nclimgrid_daily/county_tavg/2000/county_tavg_200001.csv,96317,"nclimgrid-daily_v1-0-0_snap2026-07-30, start: 1951-01, end: 2026-06, status: scaled}",/Users/andrewpark/Desktop/Code/WeatherDerivativePricing,2026-09-02T15:42:54+00:00,Wed Apr  5 15:11:37 2017,True
tavg,2000-02,scaled,https://www.ncei.noaa.gov/data/nclimgrid-daily/access/averages/2000/tavg-200002-cty-scaled.csv,raw/nclimgrid_daily/averages/2000/tavg-200002-cty-scaled.csv,2026-07-30T03:39:50+00:00,1093490,4e99ffa2bc97de6f21ccc4d99c4da1ed4ff0230e1518fef47c5c77c03ee9f5a9,"""10af72-5e7a45883b64b""","Thu, 01 Sep 2022 21:32:09 GMT",https://www.ncei.noaa.gov/data/nclimgrid-daily/access/averages/2000/ncdd-200002-version.txt,raw/nclimgrid_daily/version/2000/ncdd-200002-version.txt,b5620233fe38081e09f22e654c78125e9f14f56b4f24250e239ff3a2b913fe11,processed/nclimgrid_daily/county_tavg/2000/county_tavg_200002.csv,90103,"nclimgrid-daily_v1-0-0_snap2026-07-30, start: 1951-01, end: 2026-06, status: scaled}",/Users/andrewpark/Desktop/Code/WeatherDerivativePricing,2026-09-02T15:42:54+00:00,Wed Apr  5 15:12:13 2017,True
tavg,2000-03,scaled,https://www.ncei.noaa.gov/data/nclimgrid-daily/access/averages/2000/tavg-200003-cty-scaled.csv,raw/nclimgrid_daily/averages/2000/tavg-200003-cty-scaled.csv,2026-07-30T03:39:51+00:00,1093490,4e88585ff947806e0e1733196069e78b24a6475139f56c9d02466f8ee15e5ca8,"""10af72-5e7a459c707d3""","Thu, 01 Sep 2022 21:32:30 GMT",https://www.ncei.noaa.gov/data/nclimgrid-daily/access/averages/2000/ncdd-200003-version.txt,raw/nclimgrid_daily/version/2000/ncdd-200003-version.txt,e97e5fbb1f14519a979b5e675f4e9f34c5a205a68130479f7913ed799e91ea44,processed/nclimgrid_daily/county_tavg/2000/county_tavg_200003.csv,96317,"nclimgrid-daily_v1-0-0_snap2026-07-30, start: 1951-01, end: 2026-06, status: scaled}",/Users/andrewpark/Desktop/Code/WeatherDerivativePricing,2026-09-02T15:42:54+00:00,Wed Apr  5 15:12:50 2017,True
tavg,2000-04,scaled,https://www.ncei.noaa.gov/data/nclimgrid-daily/access/averages/2000/tavg-200004-cty-scaled.csv,raw/nclimgrid_daily/averages/2000/tavg-200004-cty-scaled.csv,2026-07-30T03:39:51+00:00,1093490,81c1f5c5abf3866b11e54fc36131dbe96a40e20526b26c44c443117ef1cbb621,"""10af72-5e7a45b03547a""","Thu, 01 Sep 2022 21:32:51 GMT",https://www.ncei.noaa.gov/data/nclimgrid-daily/access/averages/2000/ncdd-200004-version.txt,raw/nclimgrid_daily/version/2000/ncdd-200004-version.txt,86cd8ba345161bb892f12e053f22ec29b81240b4734acde1b9e0f9053d58e4ac,processed/nclimgrid_daily/county_tavg/2000/county_tavg_200004.csv,93210,"nclimgrid-daily_v1-0-0_snap2026-07-30, start: 1951-01, end: 2026-06, status: scaled}",/Users/andrewpark/Desktop/Code/WeatherDerivativePricing,2026-09-02T15:42:54+00:00,Wed Apr  5 15:13:28 2017,True
tavg,2000-05,scaled,https://www.ncei.noaa.gov/data/nclimgrid-daily/access/averages/2000/tavg-200005-cty-scaled.csv,raw/nclimgrid_daily/averages/2000/tavg-200005-cty-scaled.csv,2026-07-30T03:39:52+00:00,1093490,5431b121703ec13cb1039f428cd5ca360e17f58f1ea976fa6fc0466e269ee91e,"""10af72-5e7a45c4f644a""","Thu, 01 Sep 2022 21:33:12 GMT",https://www.ncei.noaa.gov/data/nclimgrid-daily/access/averages/2000/ncdd-200005-version.txt,raw/nclimgrid_daily/version/2000/ncdd-200005-version.txt,f8e0822838593940eeb02efb66cb7bde221e45d27fad0b290ef22389d135b4ec,processed/nclimgrid_daily/county_tavg/2000/county_tavg_200005.csv,96317,"nclimgrid-daily_v1-0-0_snap2026-07-30, start: 1951-01, end: 2026-06, status: scaled}",/Users/andrewpark/Desktop/Code/WeatherDerivativePricing,2026-09-02T15:42:54+00:00,Wed Apr  5 15:14:10 2017,True
tavg,2000-06,scaled,https://www.ncei.noaa.gov/data/nclimgrid-daily/access/averages/2000/tavg-200006-cty-scaled.csv,raw/nclimgrid_daily/averages/2000/tavg-200006-cty-scaled.csv,2026-07-30T03:39:53+00:00,1093490,3c680730297eb55d933ab6a2afe0db4ada7a59a5635683af059ccb7e438f8df6,"""10af72-5e7a45dad42b1""","Thu, 01 Sep 2022 21:33:35 GMT",https://www.ncei.noaa.gov/data/nclimgrid-daily/access/averages/2000/ncdd-200006-version.txt,raw/nclimgrid_daily/version/2000/ncdd-200006-version.txt,541cf9980e568ccd1718fc12f329d077e12ca1c32d311208083b1a9af5ec5905,processed/nclimgrid_daily/county_tavg/2000/county_tavg_200006.csv,93210,"nclimgrid-daily_v1-0-0_snap2026-07-30, start: 1951-01, end: 2026-06, status: scaled}",/Users/andrewpark/Desktop/Code/WeatherDerivativePricing,2026-09-02T15:42:54+00:00,Wed Apr  5 15:14:53 2017,True
tavg,2000-07,scaled,https://www.ncei.noaa.gov/data/nclimgrid-daily/access/averages/2000/tavg-200007-cty-scaled.csv,raw/nclimgrid_daily/averages/2000/tavg-200007-cty-scaled.csv,2026-07-30T03:39:53+00:00,1093490,37a3a559b79df5a33ab7c4855d0dce7f00459103dca4d97dbbb9dc0d721feeb2,"""10af72-5e7a45f10aef8""","Thu, 01 Sep 2022 21:33:59 GMT",https://www.ncei.noaa.gov/data/nclimgrid-daily/access/averages/2000/ncdd-200007-version.txt,raw/nclimgrid_daily/version/2000/ncdd-200007-version.txt,8fb62133b66a21715a50652a955761a9ae920ee1b732a4ef5c365954a71caef3,processed/nclimgrid_daily/county_tavg/2000/county_tavg_200007.csv,96317,"nclimgrid-daily_v1-0-0_snap2026-07-30, start: 1951-01, end: 2026-06, status: scaled}",/Users/andrewpark/Desktop/Code/WeatherDerivativePricing,2026-09-02T15:42:54+00:00,Wed Apr  5 15:15:40 2017,True
tavg,2000-08,scaled,https://www.ncei.noaa.gov/data/nclimgrid-daily/access/averages/2000/tavg-200008-cty-scaled.csv,raw/nclimgrid_daily/averages/2000/tavg-200008-cty-scaled.csv,2026-07-30T03:39:54+00:00,1093490,e9f93e20e5eb9465e0ec73f4fe62294b9c651637a0ef0f07a64f81694045cf9d,"""10af72-5e7a4609e6760""","Thu, 01 Sep 2022 21:34:25 GMT",https://www.ncei.noaa.gov/data/nclimgrid-daily/access/averages/2000/ncdd-200008-version.txt,raw/nclimgrid_daily/version/2000/ncdd-200008-version.txt,eeaea318723b22d60b4c817a9e4fab8b972ecbb7da1be316940e6c81c04fa186,processed/nclimgrid_daily/county_tavg/2000/county_tavg_200008.csv,96317,"nclimgrid-daily_v1-0-0_snap2026-07-30, start: 1951-01, end: 2026-06, status: scaled}",/Users/andrewpark/Desktop/Code/WeatherDerivativePricing,2026-09-02T15:42:54+00:00,Wed Apr  5 15:16:24 2017,True
tavg,2000-09,scaled,https://www.ncei.noaa.gov/data/nclimgrid-daily/access/averages/2000/tavg-200009-cty-scaled.csv,raw/nclimgrid_daily/averages/2000/tavg-200009-cty-scaled.csv,2026-07-30T03:39:54+00:00,1093490,ccbef1d50451297c292747b591ecda153c49b6c1b059cdf508009213f614429b,"""10af72-5e7a461f65257""","Thu, 01 Sep 2022 21:34:47 GMT",https://www.ncei.noaa.gov/data/nclimgrid-daily/access/averages/2000/ncdd-200009-version.txt,raw/nclimgrid_daily/version/2000/ncdd-200009-version.txt,2dccb00dbe714728eb4658b5c866e2be699173f2f84dbc66d79777135f5602e8,processed/nclimgrid_daily/county_tavg/2000/county_tavg_200009.csv,93210,"nclimgrid-daily_v1-0-0_snap2026-07-30, start: 1951-01, end: 2026-06, status: scaled}",/Users/andrewpark/Desktop/Code/WeatherDerivativePricing,2026-09-02T15:42:54+00:00,Wed Apr  5 15:17:03 2017,True
tavg,2000-10,scaled,https://www.ncei.noaa.gov/data/nclimgrid-daily/access/averages/2000/tavg-200010-cty-scaled.csv,raw/nclimgrid_daily/averages/2000/tavg-200010-cty-scaled.csv,2026-07-30T03:39:55+00:00,1093490,e4c67d2afdce28d91f64dacb87206f9afde32e886bac09aed92eebbd98f457ec,"""10af72-5e7a4633421b7""","Thu, 01 Sep 2022 21:35:08 GMT",https://www.ncei.noaa.gov/data/nclimgrid-daily/access/averages/2000/ncdd-200010-version.txt,raw/nclimgrid_daily/version/2000/ncdd-200010-version.txt,3dc151c37f6d819ef3c4b2df9dc71c043efff068638ec04d34d3ff935121885d,processed/nclimgrid_daily/county_tavg/2000/county_tavg_200010.csv,96317,"nclimgrid-daily_v1-0-0_snap2026-07-30, start: 1951-01, end: 2026-06, status: scaled}",/Users/andrewpark/Desktop/Code/WeatherDerivativePricing,2026-09-02T15:42:54+00:00,Wed Apr  5 15:17:48 2017,True
tavg,2000-11,scaled,https://www.ncei.noaa.gov/data/nclimgrid-daily/access/averages/2000/tavg-200011-cty-scaled.csv,raw/nclimgrid_daily/averages/2000/tavg-200011-cty-scaled.csv,2026-07-30T03:39:56+00:00,1093490,eee89ba39ba2e8cefef72005f096db3c82acce3719565387212279d4d12b9f62,"""10af72-5e7a464782ad6""","Thu, 01 Sep 2022 21:35:29 GMT",https://www.ncei.noaa.gov/data/nclimgrid-daily/access/averages/2000/ncdd-200011-version.txt,raw/nclimgrid_daily/version/2000/ncdd-200011-version.txt,6e74f14fd0147f5f2c7cb9044c3391af4574c3f342f2faa8afb764ac2b3b3592,processed/nclimgrid_daily/county_tavg/2000/county_tavg_200011.csv,93210,"nclimgrid-daily_v1-0-0_snap2026-07-30, start: 1951-01, end: 2026-06, status: scaled}",/Users/andrewpark/Desktop/Code/WeatherDerivativePricing,2026-09-02T15:42:54+00:00,Wed Apr  5 15:18:37 2017,True
tavg,2000-12,scaled,https://www.ncei.noaa.gov/data/nclimgrid-daily/access/averages/2000/tavg-200012-cty-scaled.csv,raw/nclimgrid_daily/averages/2000/tavg-200012-cty-scaled.csv,2026-07-30T03:39:56+00:00,1093490,b68693dbb4d48b44b80d27a59ece1cce4b2fbf8a1436bb5f9254426c7c245437,"""10af72-5e7a465cc3985""","Thu, 01 Sep 2022 21:35:52 GMT",https://www.ncei.noaa.gov/data/nclimgrid-daily/access/averages/2000/ncdd-200012-version.txt,raw/nclimgrid_daily/version/2000/ncdd-200012-version.txt,ec437a70a3f844ffc2cf53ee3e87d0e1c006ed936924633cdbe17947853a9124,processed/nclimgrid_daily/county_tavg/2000/county_tavg_200012.csv,96317,"nclimgrid-daily_v1-0-0_snap2026-07-30, start: 1951-01, end: 2026-06, status: scaled}",/Users/andrewpark/Desktop/Code/WeatherDerivativePricing,2026-09-02T15:42:54+00:00,Wed Apr  5 15:19:23 2017,True
tavg,2001-01,scaled,https://www.ncei.noaa.gov/data/nclimgrid-daily/access/averages/2001/tavg-200101-cty-scaled.csv,raw/nclimgrid_daily/averages/2001/tavg-200101-cty-scaled.csv,2026-07-30T03:39:57+00:00,1093490,b04a78bd2a8146ce4ed5cad0633b34e862a0f432922aa8c172083084f80b9192,"""10af72-5e7a46703ee65""","Thu, 01 Sep 2022 21:36:12 GMT",https://www.ncei.noaa.gov/data/nclimgrid-daily/access/averages/2001/ncdd-200101-version.txt,raw/nclimgrid_daily/version/2001/ncdd-200101-version.txt,5e1b47482ab12d138505d4c6384758664b1caa8c346564fb6ee694303bf7b016,processed/nclimgrid_daily/county_tavg/2001/county_tavg_200101.csv,96317,"nclimgrid-daily_v1-0-0_snap2026-07-30, start: 1951-01, end: 2026-06, status: scaled}",/Users/andrewpark/Desktop/Code/WeatherDerivativePricing,2026-09-02T15:42:54+00:00,Thu Apr  6 11:21:50 2017,True
tavg,2001-02,scaled,https://www.ncei.noaa.gov/data/nclimgrid-daily/access/averages/2001/tavg-200102-cty-scaled.csv,raw/nclimgrid_daily/averages/2001/tavg-200102-cty-scaled.csv,2026-07-30T03:39:58+00:00,1093490,2cab16afacc54c876e1da39e67a9487b493481471dc07e76016ca46c8e6a8453,"""10af72-5e7a468470554""","Thu, 01 Sep 2022 21:36:33 GMT",https://www.ncei.noaa.gov/data/nclimgrid-daily/access/averages/2001/ncdd-200102-version.txt,raw/nclimgrid_daily/version/2001/ncdd-200102-version.txt,b8f294b4415dff5842971a46bc07ea8fbaa94eac06174a75023474080b3ce2e7,processed/nclimgrid_daily/county_tavg/2001/county_tavg_200102.csv,86996,"nclimgrid-daily_v1-0-0_snap2026-07-30, start: 1951-01, end: 2026-06, status: scaled}",/Users/andrewpark/Desktop/Code/WeatherDerivativePricing,2026-09-02T15:42:54+00:00,Thu Apr  6 11:22:23 2017,True
tavg,2001-03,scaled,https://www.ncei.noaa.gov/data/nclimgrid-daily/access/averages/2001/tavg-200103-cty-scaled.csv,raw/nclimgrid_daily/averages/2001/tavg-200103-cty-scaled.csv,2026-07-30T03:39:58+00:00,1093490,4690b07b7c5fcd0cdbca3356cd163062515ba551c87bb311943261a768a37cf6,"""10af72-5e7a469864bb4""","Thu, 01 Sep 2022 21:36:54 GMT",https://www.ncei.noaa.gov/data/nclimgrid-daily/access/averages/2001/ncdd-200103-version.txt,raw/nclimgrid_daily/version/2001/ncdd-200103-version.txt,e1e51d173ea8fbdd035afe5221bd15ba91c65f820e36c41f1d4f367006dc3d91,processed/nclimgrid_daily/county_tavg/2001/county_tavg_200103.csv,96317,"nclimgrid-daily_v1-0-0_snap2026-07-30, start: 1951-01, end: 2026-06, status: scaled}",/Users/andrewpark/Desktop/Code/WeatherDerivativePricing,2026-09-02T15:42:54+00:00,Thu Apr  6 11:23:04 2017,True
tavg,2001-04,scaled,https://www.ncei.noaa.gov/data/nclimgrid-daily/access/averages/2001/tavg-200104-cty-scaled.csv,raw/nclimgrid_daily/averages/2001/tavg-200104-cty-scaled.csv,2026-07-30T03:39:59+00:00,1093490,997682a54e6b2f35cf49c5dc21d4850051cfb45a73f9ae08e19761b2541cbac5,"""10af72-5e7a46ad36523""","Thu, 01 Sep 2022 21:37:16 GMT",https://www.ncei.noaa.gov/data/nclimgrid-daily/access/averages/2001/ncdd-200104-version.txt,raw/nclimgrid_daily/version/2001/ncdd-200104-version.txt,4ed5c31fc704a1d87bed285d9c2183b1d94ef1b6369a41342f684931f882eb38,processed/nclimgrid_daily/county_tavg/2001/county_tavg_200104.csv,93210,"nclimgrid-daily_v1-0-0_snap2026-07-30, start: 1951-01, end: 2026-06, status: scaled}",/Users/andrewpark/Desktop/Code/WeatherDerivativePricing,2026-09-02T15:42:54+00:00,Thu Apr  6 11:23:42 2017,True
tavg,2001-05,scaled,https://www.ncei.noaa.gov/data/nclimgrid-daily/access/averages/2001/tavg-200105-cty-scaled.csv,raw/nclimgrid_daily/averages/2001/tavg-200105-cty-scaled.csv,2026-07-30T03:40:00+00:00,1093490,d91442904c3bb72cc6a01107f1dc77e62548c3854e653808f65894d891f0fecf,"""10af72-5e7a46c20a5a2""","Thu, 01 Sep 2022 21:37:38 GMT",https://www.ncei.noaa.gov/data/nclimgrid-daily/access/averages/2001/ncdd-200105-version.txt,raw/nclimgrid_daily/version/2001/ncdd-200105-version.txt,c7c3f6d3cc3eb1b9549cadff807b5c2302e2378bcfd48408d480c92a63e1075d,processed/nclimgrid_daily/county_tavg/2001/county_tavg_200105.csv,96317,"nclimgrid-daily_v1-0-0_snap2026-07-30, start: 1951-01, end: 2026-06, status: scaled}",/Users/andrewpark/Desktop/Code/WeatherDerivativePricing,2026-09-02T15:42:54+00:00,Thu Apr  6 11:24:23 2017,True
tavg,2001-06,scaled,https://www.ncei.noaa.gov/data/nclimgrid-daily/access/averages/2001/tavg-200106-cty-scaled.csv,raw/nclimgrid_daily/averages/2001/tavg-200106-cty-scaled.csv,2026-07-30T03:40:00+00:00,1093490,7519f2051200114898f22f9496f5bc29ba27d0614ad76b48a12b05f78354b919,"""10af72-5e7a46d6913c2""","Thu, 01 Sep 2022 21:37:59 GMT",https://www.ncei.noaa.gov/data/nclimgrid-daily/access/averages/2001/ncdd-200106-version.txt,raw/nclimgrid_daily/version/2001/ncdd-200106-version.txt,178be1c05f61e5933e01fe988a286316061d8acf61d20e80b9efbc71aab83930,processed/nclimgrid_daily/county_tavg/2001/county_tavg_200106.csv,93210,"nclimgrid-daily_v1-0-0_snap2026-07-30, start: 1951-01, end: 2026-06, status: scaled}",/Users/andrewpark/Desktop/Code/WeatherDerivativePricing,2026-09-02T15:42:54+00:00,Thu Apr  6 11:24:59 2017,True
tavg,2001-07,scaled,https://www.ncei.noaa.gov/data/nclimgrid-daily/access/averages/2001/tavg-200107-cty-scaled.csv,raw/nclimgrid_daily/averages/2001/tavg-200107-cty-scaled.csv,2026-07-30T03:40:01+00:00,1093490,4233e0337a5848825ab0e894a2d58842fdcff6df1359f20052db8b31ce23f38a,"""10af72-5e7a46ebd39e1""","Thu, 01 Sep 2022 21:38:22 GMT",https://www.ncei.noaa.gov/data/nclimgrid-daily/access/averages/2001/ncdd-200107-version.txt,raw/nclimgrid_daily/version/2001/ncdd-200107-version.txt,ca209f480962d16bd061c062c6df81bee56e2c9d28f4c24e00f481cef3f11afd,processed/nclimgrid_daily/county_tavg/2001/county_tavg_200107.csv,96317,"nclimgrid-daily_v1-0-0_snap2026-07-30, start: 1951-01, end: 2026-06, status: scaled}",/Users/andrewpark/Desktop/Code/WeatherDerivativePricing,2026-09-02T15:42:54+00:00,Thu Apr  6 11:25:37 2017,True
tavg,2001-08,scaled,https://www.ncei.noaa.gov/data/nclimgrid-daily/access/averages/2001/tavg-200108-cty-scaled.csv,raw/nclimgrid_daily/averages/2001/tavg-200108-cty-scaled.csv,2026-07-30T03:40:01+00:00,1093490,681664722072d38cba459616becc48340976180a777377989ecee8099bdfd340,"""10af72-5e7a46ffeed59""","Thu, 01 Sep 2022 21:38:43 GMT",https://www.ncei.noaa.gov/data/nclimgrid-daily/access/averages/2001/ncdd-200108-version.txt,raw/nclimgrid_daily/version/2001/ncdd-200108-version.txt,0f24d0186cded60ac0eda2e3190681a495e1daa13952973604076646c2b3dbb8,processed/nclimgrid_daily/county_tavg/2001/county_tavg_200108.csv,96317,"nclimgrid-daily_v1-0-0_snap2026-07-30, start: 1951-01, end: 2026-06, status: scaled}",/Users/andrewpark/Desktop/Code/WeatherDerivativePricing,2026-09-02T15:42:54+00:00,Thu Apr  6 11:26:17 2017,True
tavg,2001-09,scaled,https://www.ncei.noaa.gov/data/nclimgrid-daily/access/averages/2001/tavg-200109-cty-scaled.csv,raw/nclimgrid_daily/averages/2001/tavg-200109-cty-scaled.csv,2026-07-30T03:40:02+00:00,1093490,90c5bd62137d61bfb4125e2f8d0dd27fdcc682d9b3a0c7f977b0614478aed170,"""10af72-5e7a47153f608""","Thu, 01 Sep 2022 21:39:05 GMT",https://www.ncei.noaa.gov/data/nclimgrid-daily/access/averages/2001/ncdd-200109-version.txt,raw/nclimgrid_daily/version/2001/ncdd-200109-version.txt,2f680e5ceab38d52eae7b2ebc39a3bd62a7e43eee036d3ca5cf66569bb1903d6,processed/nclimgrid_daily/county_tavg/2001/county_tavg_200109.csv,93210,"nclimgrid-daily_v1-0-0_snap2026-07-30, start: 1951-01, end: 2026-06, status: scaled}",/Users/andrewpark/Desktop/Code/WeatherDerivativePricing,2026-09-02T15:42:54+00:00,Thu Apr  6 11:26:54 2017,True
tavg,2001-10,scaled,https://www.ncei.noaa.gov/data/nclimgrid-daily/access/averages/2001/tavg-200110-cty-scaled.csv,raw/nclimgrid_daily/averages/2001/tavg-200110-cty-scaled.csv,2026-07-30T03:40:03+00:00,1093490,101dce9154858536e48f587a080c95b5bd849032b1674800d9ad6ba886344a03,"""10af72-5e7a472bdd2bf""","Thu, 01 Sep 2022 21:39:29 GMT",https://www.ncei.noaa.gov/data/nclimgrid-daily/access/averages/2001/ncdd-200110-version.txt,raw/nclimgrid_daily/version/2001/ncdd-200110-version.txt,9564523641e5ea960abfe6a8231f0c212d9174a442d9dd2f7d3829422c2a1376,processed/nclimgrid_daily/county_tavg/2001/county_tavg_200110.csv,96317,"nclimgrid-daily_v1-0-0_snap2026-07-30, start: 1951-01, end: 2026-06, status: scaled}",/Users/andrewpark/Desktop/Code/WeatherDerivativePricing,2026-09-02T15:42:54+00:00,Thu Apr  6 11:27:31 2017,True
tavg,2001-11,scaled,https://www.ncei.noaa.gov/data/nclimgrid-daily/access/averages/2001/tavg-200111-cty-scaled.csv,raw/nclimgrid_daily/averages/2001/tavg-200111-cty-scaled.csv,2026-07-30T03:40:03+00:00,1093490,23a653f6585337849548395a51fc0aaf9dbae53a5d93bd40120d1d0cfb4c190c,"""10af72-5e7a47412857f""","Thu, 01 Sep 2022 21:39:51 GMT",https://www.ncei.noaa.gov/data/nclimgrid-daily/access/averages/2001/ncdd-200111-version.txt,raw/nclimgrid_daily/version/2001/ncdd-200111-version.txt,ae5903e94cb99a43f44a00005c130acdb53cc924c49886b7f78c74f7b856d443,processed/nclimgrid_daily/county_tavg/2001/county_tavg_200111.csv,93210,"nclimgrid-daily_v1-0-0_snap2026-07-30, start: 1951-01, end: 2026-06, status: scaled}",/Users/andrewpark/Desktop/Code/WeatherDerivativePricing,2026-09-02T15:42:54+00:00,Thu Apr  6 11:28:08 2017,True
tavg,2001-12,scaled,https://www.ncei.noaa.gov/data/nclimgrid-daily/access/averages/2001/tavg-200112-cty-scaled.csv,raw/nclimgrid_daily/averages/2001/tavg-200112-cty-scaled.csv,2026-07-30T03:40:04+00:00,1093490,056db95232cd0ac4a6daa2a9c3311b7bbc624929580310cc6df995341eb59f23,"""10af72-5e7a47570294e""","Thu, 01 Sep 2022 21:40:14 GMT",https://www.ncei.noaa.gov/data/nclimgrid-daily/access/averages/2001/ncdd-200112-version.txt,raw/nclimgrid_daily/version/2001/ncdd-200112-version.txt,43f63da7b90da0d45a775b8bc696019f5ece57bb148c3fab4ae05c2cc3e2fa68,processed/nclimgrid_daily/county_tavg/2001/county_tavg_200112.csv,96317,"nclimgrid-daily_v1-0-0_snap2026-07-30, start: 1951-01, end: 2026-06, status: scaled}",/Users/andrewpark/Desktop/Code/WeatherDerivativePricing,2026-09-02T15:42:54+00:00,Thu Apr  6 11:28:48 2017,True
tavg,2002-01,scaled,https://www.ncei.noaa.gov/data/nclimgrid-daily/access/averages/2002/tavg-200201-cty-scaled.csv,raw/nclimgrid_daily/averages/2002/tavg-200201-cty-scaled.csv,2026-07-30T03:40:04+00:00,1093490,17e761598690c74ef5dc2cbb2829c4d38f209ac7c391a2765a335d97111df0c5,"""10af72-5e7a476c397d6""","Thu, 01 Sep 2022 21:40:36 GMT",https://www.ncei.noaa.gov/data/nclimgrid-daily/access/averages/2002/ncdd-200201-version.txt,raw/nclimgrid_daily/version/2002/ncdd-200201-version.txt,be8bd5f097390bc8656ab0664f6075cc4ad15af1dd11c912a588baac50923fde,processed/nclimgrid_daily/county_tavg/2002/county_tavg_200201.csv,96317,"nclimgrid-daily_v1-0-0_snap2026-07-30, start: 1951-01, end: 2026-06, status: scaled}",/Users/andrewpark/Desktop/Code/WeatherDerivativePricing,2026-09-02T15:42:54+00:00,Wed Apr 19 11:17:21 2017,True
tavg,2002-02,scaled,https://www.ncei.noaa.gov/data/nclimgrid-daily/access/averages/2002/tavg-200202-cty-scaled.csv,raw/nclimgrid_daily/averages/2002/tavg-200202-cty-scaled.csv,2026-07-30T03:40:05+00:00,1093490,6e0813817260713b73af3882cc77d52ac412801112176ea5bed791bf936a2135,"""10af72-5e7a47804af0d""","Thu, 01 Sep 2022 21:40:57 GMT",https://www.ncei.noaa.gov/data/nclimgrid-daily/access/averages/2002/ncdd-200202-version.txt,raw/nclimgrid_daily/version/2002/ncdd-200202-version.txt,5e7f7487cf7fb72ac0347d4c4d7ede910bc478a729a67776a5ded8d06b0a928d,processed/nclimgrid_daily/county_tavg/2002/county_tavg_200202.csv,86996,"nclimgrid-daily_v1-0-0_snap2026-07-30, start: 1951-01, end: 2026-06, status: scaled}",/Users/andrewpark/Desktop/Code/WeatherDerivativePricing,2026-09-02T15:42:54+00:00,Wed Apr 19 11:17:52 2017,True
tavg,2002-03,scaled,https://www.ncei.noaa.gov/data/nclimgrid-daily/access/averages/2002/tavg-200203-cty-scaled.csv,raw/nclimgrid_daily/averages/2002/tavg-200203-cty-scaled.csv,2026-07-30T03:40:06+00:00,1093490,547d65f65bd0d6abb510582349b14c60ff55e284fd8dd43e4891a24fbb25a555,"""10af72-5e7a4794c36b5""","Thu, 01 Sep 2022 21:41:19 GMT",https://www.ncei.noaa.gov/data/nclimgrid-daily/access/averages/2002/ncdd-200203-version.txt,raw/nclimgrid_daily/version/2002/ncdd-200203-version.txt,a7102e05f914a5c5b4bc5f14ebea4c35e033f532779d47fde73d865f8704c436,processed/nclimgrid_daily/county_tavg/2002/county_tavg_200203.csv,96317,"nclimgrid-daily_v1-0-0_snap2026-07-30, start: 1951-01, end: 2026-06, status: scaled}",/Users/andrewpark/Desktop/Code/WeatherDerivativePricing,2026-09-02T15:42:54+00:00,Wed Apr 19 11:18:26 2017,True
tavg,2002-04,scaled,https://www.ncei.noaa.gov/data/nclimgrid-daily/access/averages/2002/tavg-200204-cty-scaled.csv,raw/nclimgrid_daily/averages/2002/tavg-200204-cty-scaled.csv,2026-07-30T03:40:06+00:00,1093490,3977aa63730fa5cd7809b82d275d529cdf8010b2a764593a20e108d8f34987e7,"""10af72-5e7a47aa06c74""","Thu, 01 Sep 2022 21:41:41 GMT",https://www.ncei.noaa.gov/data/nclimgrid-daily/access/averages/2002/ncdd-200204-version.txt,raw/nclimgrid_daily/version/2002/ncdd-200204-version.txt,9af0c9c41e62b37fd995eaf201348fba168fa9791c681e6e255fca0a7d1cc6d2,processed/nclimgrid_daily/county_tavg/2002/county_tavg_200204.csv,93210,"nclimgrid-daily_v1-0-0_snap2026-07-30, start: 1951-01, end: 2026-06, status: scaled}",/Users/andrewpark/Desktop/Code/WeatherDerivativePricing,2026-09-02T15:42:54+00:00,Wed Apr 19 11:18:57 2017,True
tavg,2002-05,scaled,https://www.ncei.noaa.gov/data/nclimgrid-daily/access/averages/2002/tavg-200205-cty-scaled.csv,raw/nclimgrid_daily/averages/2002/tavg-200205-cty-scaled.csv,2026-07-30T03:40:07+00:00,1093490,fbce434361b17a23efa60ae8a2b3fca4dbe1417a415b5b0785ce02e359d8ef8d,"""10af72-5e7a47be30a4b""","Thu, 01 Sep 2022 21:42:02 GMT",https://www.ncei.noaa.gov/data/nclimgrid-daily/access/averages/2002/ncdd-200205-version.txt,raw/nclimgrid_daily/version/2002/ncdd-200205-version.txt,72c40e3f375c646f539353e1e572d6fbdb2fb841a3883e64b3eedb99bffbf32c,processed/nclimgrid_daily/county_tavg/2002/county_tavg_200205.csv,96317,"nclimgrid-daily_v1-0-0_snap2026-07-30, start: 1951-01, end: 2026-06, status: scaled}",/Users/andrewpark/Desktop/Code/WeatherDerivativePricing,2026-09-02T15:42:54+00:00,Wed Apr 19 11:19:30 2017,True
tavg,2002-06,scaled,https://www.ncei.noaa.gov/data/nclimgrid-daily/access/averages/2002/tavg-200206-cty-scaled.csv,raw/nclimgrid_daily/averages/2002/tavg-200206-cty-scaled.csv,2026-07-30T03:40:07+00:00,1093490,57fe22573b9f69f96b67933a90da2a81ac53e6724d4606c63db724cf1653f91c,"""10af72-5e7a47d526d13""","Thu, 01 Sep 2022 21:42:26 GMT",https://www.ncei.noaa.gov/data/nclimgrid-daily/access/averages/2002/ncdd-200206-version.txt,raw/nclimgrid_daily/version/2002/ncdd-200206-version.txt,40e632161434da61485c9d22516ab653d7bcc9018a4bdbcd4ae7fe33fbcdc6b3,processed/nclimgrid_daily/county_tavg/2002/county_tavg_200206.csv,93210,"nclimgrid-daily_v1-0-0_snap2026-07-30, start: 1951-01, end: 2026-06, status: scaled}",/Users/andrewpark/Desktop/Code/WeatherDerivativePricing,2026-09-02T15:42:54+00:00,Wed Apr 19 11:20:04 2017,True
tavg,2002-07,scaled,https://www.ncei.noaa.gov/data/nclimgrid-daily/access/averages/2002/tavg-200207-cty-scaled.csv,raw/nclimgrid_daily/averages/2002/tavg-200207-cty-scaled.csv,2026-07-30T03:40:08+00:00,1093490,d4f9327e2f41b244cfb9b2e9eea54acb31ed380fcd99a9974e7ef8ea8f04fa3b,"""10af72-5e7a47e893b7a""","Thu, 01 Sep 2022 21:42:47 GMT",https://www.ncei.noaa.gov/data/nclimgrid-daily/access/averages/2002/ncdd-200207-version.txt,raw/nclimgrid_daily/version/2002/ncdd-200207-version.txt,5485094ecbd4b17fb6ccc855117d55195009f65def651c2d7f6854f4d5aa230b,processed/nclimgrid_daily/county_tavg/2002/county_tavg_200207.csv,96317,"nclimgrid-daily_v1-0-0_snap2026-07-30, start: 1951-01, end: 2026-06, status: scaled}",/Users/andrewpark/Desktop/Code/WeatherDerivativePricing,2026-09-02T15:42:54+00:00,Wed Apr 19 11:20:40 2017,True
tavg,2002-08,scaled,https://www.ncei.noaa.gov/data/nclimgrid-daily/access/averages/2002/tavg-200208-cty-scaled.csv,raw/nclimgrid_daily/averages/2002/tavg-200208-cty-scaled.csv,2026-07-30T03:40:09+00:00,1093490,58392c3275fc7dfc22e0b692486dbbd089119545e64431cc32604335b5237aa4,"""10af72-5e7a47fd7d3ba""","Thu, 01 Sep 2022 21:43:09 GMT",https://www.ncei.noaa.gov/data/nclimgrid-daily/access/averages/2002/ncdd-200208-version.txt,raw/nclimgrid_daily/version/2002/ncdd-200208-version.txt,269245cc84464d212e1bf13339130f6322cb1f846cde616f9d0b5153f3ed1c2a,processed/nclimgrid_daily/county_tavg/2002/county_tavg_200208.csv,96317,"nclimgrid-daily_v1-0-0_snap2026-07-30, start: 1951-01, end: 2026-06, status: scaled}",/Users/andrewpark/Desktop/Code/WeatherDerivativePricing,2026-09-02T15:42:54+00:00,Wed Apr 19 11:21:17 2017,True
tavg,2002-09,scaled,https://www.ncei.noaa.gov/data/nclimgrid-daily/access/averages/2002/tavg-200209-cty-scaled.csv,raw/nclimgrid_daily/averages/2002/tavg-200209-cty-scaled.csv,2026-07-30T03:40:09+00:00,1093490,4a2b3f1b1a8fc891caf2afb99590489de3e6e8baac1d6fa6f8218bbc056ad0e2,"""10af72-5e7a4812ec0c9""","Thu, 01 Sep 2022 21:43:31 GMT",https://www.ncei.noaa.gov/data/nclimgrid-daily/access/averages/2002/ncdd-200209-version.txt,raw/nclimgrid_daily/version/2002/ncdd-200209-version.txt,5aab46df7292d9ef68e6702a11491bf80fe00057df54ae4d38a5c820df2cdaf4,processed/nclimgrid_daily/county_tavg/2002/county_tavg_200209.csv,93210,"nclimgrid-daily_v1-0-0_snap2026-07-30, start: 1951-01, end: 2026-06, status: scaled}",/Users/andrewpark/Desktop/Code/WeatherDerivativePricing,2026-09-02T15:42:54+00:00,Wed Apr 19 11:21:55 2017,True
tavg,2002-10,scaled,https://www.ncei.noaa.gov/data/nclimgrid-daily/access/averages/2002/tavg-200210-cty-scaled.csv,raw/nclimgrid_daily/averages/2002/tavg-200210-cty-scaled.csv,2026-07-30T03:40:10+00:00,1093490,16c78c940b82d35c0d6cf7aa5c4016cae0c91b6275d5848f6ac7681aa4af7ea3,"""10af72-5e7a482758520""","Thu, 01 Sep 2022 21:43:52 GMT",https://www.ncei.noaa.gov/data/nclimgrid-daily/access/averages/2002/ncdd-200210-version.txt,raw/nclimgrid_daily/version/2002/ncdd-200210-version.txt,8a6ca7460823ca5f420e3a81d520232c651fd420ed88abed6c6d4cea274ddbb3,processed/nclimgrid_daily/county_tavg/2002/county_tavg_200210.csv,96317,"nclimgrid-daily_v1-0-0_snap2026-07-30, start: 1951-01, end: 2026-06, status: scaled}",/Users/andrewpark/Desktop/Code/WeatherDerivativePricing,2026-09-02T15:42:54+00:00,Wed Apr 19 11:22:35 2017,True
tavg,2002-11,scaled,https://www.ncei.noaa.gov/data/nclimgrid-daily/access/averages/2002/tavg-200211-cty-scaled.csv,raw/nclimgrid_daily/averages/2002/tavg-200211-cty-scaled.csv,2026-07-30T03:40:11+00:00,1093490,7424d5285ff58d04dbfcfcaaa802dd6d2927108bfd70630e79807a2789c63b5a,"""10af72-5e7a483b1e168""","Thu, 01 Sep 2022 21:44:13 GMT",https://www.ncei.noaa.gov/data/nclimgrid-daily/access/averages/2002/ncdd-200211-version.txt,raw/nclimgrid_daily/version/2002/ncdd-200211-version.txt,9e097a12a861364ac76dbcbf6d606cbc4ac3e459e3292aeb1ed45c086c6d20b7,processed/nclimgrid_daily/county_tavg/2002/county_tavg_200211.csv,93210,"nclimgrid-daily_v1-0-0_snap2026-07-30, start: 1951-01, end: 2026-06, status: scaled}",/Users/andrewpark/Desktop/Code/WeatherDerivativePricing,2026-09-02T15:42:54+00:00,Wed Apr 19 11:23:14 2017,True
tavg,2002-12,scaled,https://www.ncei.noaa.gov/data/nclimgrid-daily/access/averages/2002/tavg-200212-cty-scaled.csv,raw/nclimgrid_daily/averages/2002/tavg-200212-cty-scaled.csv,2026-07-30T03:40:11+00:00,1093490,96c5eb9314e49dda5a0ec395f58ef7d8ef73c897dcef70b4dd58f2a612568f42,"""10af72-5e7a48519f12f""","Thu, 01 Sep 2022 21:44:37 GMT",https://www.ncei.noaa.gov/data/nclimgrid-daily/access/averages/2002/ncdd-200212-version.txt,raw/nclimgrid_daily/version/2002/ncdd-200212-version.txt,d2c532b13d584c150ca1b81d06eaebb2bdf5c9538fc6ca0d287c8441001083fc,processed/nclimgrid_daily/county_tavg/2002/county_tavg_200212.csv,96317,"nclimgrid-daily_v1-0-0_snap2026-07-30, start: 1951-01, end: 2026-06, status: scaled}",/Users/andrewpark/Desktop/Code/WeatherDerivativePricing,2026-09-02T15:42:54+00:00,Wed Apr 19 11:23:54 2017,True
tavg,2003-01,scaled,https://www.ncei.noaa.gov/data/nclimgrid-daily/access/averages/2003/tavg-200301-cty-scaled.csv,raw/nclimgrid_daily/averages/2003/tavg-200301-cty-scaled.csv,2026-07-30T03:40:12+00:00,1093490,290c6f6514b9545bbb13a4bdd476495c755c3061d15c74f07bee2353d1b26923,"""10af72-5e7a48672af17""","Thu, 01 Sep 2022 21:44:59 GMT",https://www.ncei.noaa.gov/data/nclimgrid-daily/access/averages/2003/ncdd-200301-version.txt,raw/nclimgrid_daily/version/2003/ncdd-200301-version.txt,837950e1eac07fb72dba8a3cecaff907cf855e71d19c6f7ab5f8c7bca11c0ab2,processed/nclimgrid_daily/county_tavg/2003/county_tavg_200301.csv,96317,"nclimgrid-daily_v1-0-0_snap2026-07-30, start: 1951-01, end: 2026-06, status: scaled}",/Users/andrewpark/Desktop/Code/WeatherDerivativePricing,2026-09-02T15:42:54+00:00,Fri Apr  7 17:21:58 2017,True
tavg,2003-02,scaled,https://www.ncei.noaa.gov/data/nclimgrid-daily/access/averages/2003/tavg-200302-cty-scaled.csv,raw/nclimgrid_daily/averages/2003/tavg-200302-cty-scaled.csv,2026-07-30T03:40:13+00:00,1093490,28960d5e9cb27f5be5d94216041bb72c6deba85b284c8555b920c16c8dc56605,"""10af72-5e7a487b1e9be""","Thu, 01 Sep 2022 21:45:20 GMT",https://www.ncei.noaa.gov/data/nclimgrid-daily/access/averages/2003/ncdd-200302-version.txt,raw/nclimgrid_daily/version/2003/ncdd-200302-version.txt,529d026c6e43e9a1f83dd40cab3d3ad48a12ba24f6ebaa00ce6e190226965ed9,processed/nclimgrid_daily/county_tavg/2003/county_tavg_200302.csv,86996,"nclimgrid-daily_v1-0-0_snap2026-07-30, start: 1951-01, end: 2026-06, status: scaled}",/Users/andrewpark/Desktop/Code/WeatherDerivativePricing,2026-09-02T15:42:54+00:00,Fri Apr  7 17:22:39 2017,True
tavg,2003-03,scaled,https://www.ncei.noaa.gov/data/nclimgrid-daily/access/averages/2003/tavg-200303-cty-scaled.csv,raw/nclimgrid_daily/averages/2003/tavg-200303-cty-scaled.csv,2026-07-30T03:40:13+00:00,1093490,d655bdebef6f4cf08ca113e95ae1dfc2829f78a6f1ff00c60ebc147c9d1c1518,"""10af72-5e7a4892c3195""","Thu, 01 Sep 2022 21:45:45 GMT",https://www.ncei.noaa.gov/data/nclimgrid-daily/access/averages/2003/ncdd-200303-version.txt,raw/nclimgrid_daily/version/2003/ncdd-200303-version.txt,30b18b75c3b464b23eec350cad88b277c6b7490e5d101655b0dd73a30df3b139,processed/nclimgrid_daily/county_tavg/2003/county_tavg_200303.csv,96317,"nclimgrid-daily_v1-0-0_snap2026-07-30, start: 1951-01, end: 2026-06, status: scaled}",/Users/andrewpark/Desktop/Code/WeatherDerivativePricing,2026-09-02T15:42:54+00:00,Fri Apr  7 17:23:23 2017,True
tavg,2003-04,scaled,https://www.ncei.noaa.gov/data/nclimgrid-daily/access/averages/2003/tavg-200304-cty-scaled.csv,raw/nclimgrid_daily/averages/2003/tavg-200304-cty-scaled.csv,2026-07-30T03:40:15+00:00,1093490,4c65e1f1a85903f756700170eb47200ab5758f1249f0a1d2d5d87c3b183f72ea,"""10af72-5e7a48a74d665""","Thu, 01 Sep 2022 21:46:07 GMT",https://www.ncei.noaa.gov/data/nclimgrid-daily/access/averages/2003/ncdd-200304-version.txt,raw/nclimgrid_daily/version/2003/ncdd-200304-version.txt,eb6eebd8f52b76e046d62de75b2c59fae71c585127aacba2363a7b4d1f65e716,processed/nclimgrid_daily/county_tavg/2003/county_tavg_200304.csv,93210,"nclimgrid-daily_v1-0-0_snap2026-07-30, start: 1951-01, end: 2026-06, status: scaled}",/Users/andrewpark/Desktop/Code/WeatherDerivativePricing,2026-09-02T15:42:54+00:00,Fri Apr  7 17:24:05 2017,True
tavg,2003-05,scaled,https://www.ncei.noaa.gov/data/nclimgrid-daily/access/averages/2003/tavg-200305-cty-scaled.csv,raw/nclimgrid_daily/averages/2003/tavg-200305-cty-scaled.csv,2026-07-30T03:40:15+00:00,1093490,e32208e2187aeca145543a8ee32a9ec3c20de78f8044303194208c98fb5325a7,"""10af72-5e7a48bd0f394""","Thu, 01 Sep 2022 21:46:29 GMT",https://www.ncei.noaa.gov/data/nclimgrid-daily/access/averages/2003/ncdd-200305-version.txt,raw/nclimgrid_daily/version/2003/ncdd-200305-version.txt,dda66a69ec98dae3bfe155779b5b861330390a446c57fb78a177154dbb37bf48,processed/nclimgrid_daily/county_tavg/2003/county_tavg_200305.csv,96317,"nclimgrid-daily_v1-0-0_snap2026-07-30, start: 1951-01, end: 2026-06, status: scaled}",/Users/andrewpark/Desktop/Code/WeatherDerivativePricing,2026-09-02T15:42:54+00:00,Fri Apr  7 17:24:50 2017,True
tavg,2003-06,scaled,https://www.ncei.noaa.gov/data/nclimgrid-daily/access/averages/2003/tavg-200306-cty-scaled.csv,raw/nclimgrid_daily/averages/2003/tavg-200306-cty-scaled.csv,2026-07-30T03:40:16+00:00,1093490,4c5d765b4556c6d604953ac9854906d2ec2a314f86a8a6af580074de2ab8d4b3,"""10af72-5e7a48d148784""","Thu, 01 Sep 2022 21:46:51 GMT",https://www.ncei.noaa.gov/data/nclimgrid-daily/access/averages/2003/ncdd-200306-version.txt,raw/nclimgrid_daily/version/2003/ncdd-200306-version.txt,aeb88dd5f6277d3dccd190d06f50c428dbece455ea91663eb50d97270991087d,processed/nclimgrid_daily/county_tavg/2003/county_tavg_200306.csv,93210,"nclimgrid-daily_v1-0-0_snap2026-07-30, start: 1951-01, end: 2026-06, status: scaled}",/Users/andrewpark/Desktop/Code/WeatherDerivativePricing,2026-09-02T15:42:54+00:00,Fri Apr  7 17:25:35 2017,True
tavg,2003-07,scaled,https://www.ncei.noaa.gov/data/nclimgrid-daily/access/averages/2003/tavg-200307-cty-scaled.csv,raw/nclimgrid_daily/averages/2003/tavg-200307-cty-scaled.csv,2026-07-30T03:40:17+00:00,1093490,706ec17f38d8aaad2b2ea5b985a05273502f65d8f9e2470f3cc8d04aea219ca2,"""10af72-5e7a48e74ee5b""","Thu, 01 Sep 2022 21:47:14 GMT",https://www.ncei.noaa.gov/data/nclimgrid-daily/access/averages/2003/ncdd-200307-version.txt,raw/nclimgrid_daily/version/2003/ncdd-200307-version.txt,2720e6b92917ca6dced1b8c35e84f8484ac2649bc3a67f0a6c69a62a21a8b81e,processed/nclimgrid_daily/county_tavg/2003/county_tavg_200307.csv,96317,"nclimgrid-daily_v1-0-0_snap2026-07-30, start: 1951-01, end: 2026-06, status: scaled}",/Users/andrewpark/Desktop/Code/WeatherDerivativePricing,2026-09-02T15:42:54+00:00,Fri Apr  7 17:26:19 2017,True
tavg,2003-08,scaled,https://www.ncei.noaa.gov/data/nclimgrid-daily/access/averages/2003/tavg-200308-cty-scaled.csv,raw/nclimgrid_daily/averages/2003/tavg-200308-cty-scaled.csv,2026-07-30T03:40:17+00:00,1093490,f277911222058eb71206cc3a612080b5090ae588a86be990445c9a6e863ca9c7,"""10af72-5e7a48fc1f82a""","Thu, 01 Sep 2022 21:47:36 GMT",https://www.ncei.noaa.gov/data/nclimgrid-daily/access/averages/2003/ncdd-200308-version.txt,raw/nclimgrid_daily/version/2003/ncdd-200308-version.txt,8b11217ca352824be4111320c66773d9912e8e4018e6a77ddf0c4d91561c4d7e,processed/nclimgrid_daily/county_tavg/2003/county_tavg_200308.csv,96317,"nclimgrid-daily_v1-0-0_snap2026-07-30, start: 1951-01, end: 2026-06, status: scaled}",/Users/andrewpark/Desktop/Code/WeatherDerivativePricing,2026-09-02T15:42:54+00:00,Fri Apr  7 17:27:06 2017,True
tavg,2003-09,scaled,https://www.ncei.noaa.gov/data/nclimgrid-daily/access/averages/2003/tavg-200309-cty-scaled.csv,raw/nclimgrid_daily/averages/2003/tavg-200309-cty-scaled.csv,2026-07-30T03:40:18+00:00,1093490,7c2002608f3f22fc809dccf6382101c7b4f08dea9509afdd8f9646490ea58ce3,"""10af72-5e7a490fb4f02""","Thu, 01 Sep 2022 21:47:56 GMT",https://www.ncei.noaa.gov/data/nclimgrid-daily/access/averages/2003/ncdd-200309-version.txt,raw/nclimgrid_daily/version/2003/ncdd-200309-version.txt,298683d6f02b93ce1f74ee83e60d5cebb97d74c376b08171249c9d02822dde8d,processed/nclimgrid_daily/county_tavg/2003/county_tavg_200309.csv,93210,"nclimgrid-daily_v1-0-0_snap2026-07-30, start: 1951-01, end: 2026-06, status: scaled}",/Users/andrewpark/Desktop/Code/WeatherDerivativePricing,2026-09-02T15:42:54+00:00,Fri Apr  7 17:27:51 2017,True
tavg,2003-10,scaled,https://www.ncei.noaa.gov/data/nclimgrid-daily/access/averages/2003/tavg-200310-cty-scaled.csv,raw/nclimgrid_daily/averages/2003/tavg-200310-cty-scaled.csv,2026-07-30T03:40:18+00:00,1093490,58a0cca491116b3e7f788d0d8cb6dba08c7503cf4d416c11bc0088fbe9e073b0,"""10af72-5e7a49240cf21""","Thu, 01 Sep 2022 21:48:17 GMT",https://www.ncei.noaa.gov/data/nclimgrid-daily/access/averages/2003/ncdd-200310-version.txt,raw/nclimgrid_daily/version/2003/ncdd-200310-version.txt,50cb005c2fd1d271d0856be6b1e02a6c1ab7ec542bb52e5866e830221a0b12b3,processed/nclimgrid_daily/county_tavg/2003/county_tavg_200310.csv,96317,"nclimgrid-daily_v1-0-0_snap2026-07-30, start: 1951-01, end: 2026-06, status: scaled}",/Users/andrewpark/Desktop/Code/WeatherDerivativePricing,2026-09-02T15:42:54+00:00,Fri Apr  7 17:28:38 2017,True
tavg,2003-11,scaled,https://www.ncei.noaa.gov/data/nclimgrid-daily/access/averages/2003/tavg-200311-cty-scaled.csv,raw/nclimgrid_daily/averages/2003/tavg-200311-cty-scaled.csv,2026-07-30T03:40:19+00:00,1093490,97186e393f3225d7e86c179290b1ceeb3f718ad30f93642261542a3e9be8fa3f,"""10af72-5e7a49381daa1""","Thu, 01 Sep 2022 21:48:38 GMT",https://www.ncei.noaa.gov/data/nclimgrid-daily/access/averages/2003/ncdd-200311-version.txt,raw/nclimgrid_daily/version/2003/ncdd-200311-version.txt,2884f96a53c175d342ebc277090f7c699c440e5c532268a87dedd275c8711d97,processed/nclimgrid_daily/county_tavg/2003/county_tavg_200311.csv,93210,"nclimgrid-daily_v1-0-0_snap2026-07-30, start: 1951-01, end: 2026-06, status: scaled}",/Users/andrewpark/Desktop/Code/WeatherDerivativePricing,2026-09-02T15:42:54+00:00,Fri Apr  7 17:29:24 2017,True
tavg,2003-12,scaled,https://www.ncei.noaa.gov/data/nclimgrid-daily/access/averages/2003/tavg-200312-cty-scaled.csv,raw/nclimgrid_daily/averages/2003/tavg-200312-cty-scaled.csv,2026-07-30T03:40:20+00:00,1093490,26f32a819d82d60638304c7eadf5ce2ea73f9ee7734c831cd29b0214ee35edee,"""10af72-5e7a494d98ee8""","Thu, 01 Sep 2022 21:49:01 GMT",https://www.ncei.noaa.gov/data/nclimgrid-daily/access/averages/2003/ncdd-200312-version.txt,raw/nclimgrid_daily/version/2003/ncdd-200312-version.txt,4505a4bb2c6ed8823772bdf57cd64c4431af2359cf226d24c45e51b8e3b336b6,processed/nclimgrid_daily/county_tavg/2003/county_tavg_200312.csv,96317,"nclimgrid-daily_v1-0-0_snap2026-07-30, start: 1951-01, end: 2026-06, status: scaled}",/Users/andrewpark/Desktop/Code/WeatherDerivativePricing,2026-09-02T15:42:54+00:00,Fri Apr  7 17:30:13 2017,True
tavg,2004-01,scaled,https://www.ncei.noaa.gov/data/nclimgrid-daily/access/averages/2004/tavg-200401-cty-scaled.csv,raw/nclimgrid_daily/averages/2004/tavg-200401-cty-scaled.csv,2026-07-30T03:40:20+00:00,1093490,95b811c7d0698bc8b122be4344479562286198c52a45dcd9345954767b1fccdf,"""10af72-5e7a4964ae1c7""","Thu, 01 Sep 2022 21:49:25 GMT",https://www.ncei.noaa.gov/data/nclimgrid-daily/access/averages/2004/ncdd-200401-version.txt,raw/nclimgrid_daily/version/2004/ncdd-200401-version.txt,5943717c18cfdf183e73c9a1266f675baeda8dd533f87b8cb450b02d8c2daae8,processed/nclimgrid_daily/county_tavg/2004/county_tavg_200401.csv,96317,"nclimgrid-daily_v1-0-0_snap2026-07-30, start: 1951-01, end: 2026-06, status: scaled}",/Users/andrewpark/Desktop/Code/WeatherDerivativePricing,2026-09-02T15:42:54+00:00,Sat Apr  8 18:21:27 2017,True
tavg,2004-02,scaled,https://www.ncei.noaa.gov/data/nclimgrid-daily/access/averages/2004/tavg-200402-cty-scaled.csv,raw/nclimgrid_daily/averages/2004/tavg-200402-cty-scaled.csv,2026-07-30T03:40:21+00:00,1093490,610f96c4a05c342e5a2e8cd9e5c339cf731ed0d2011c620ae01b23a4b9eacb92,"""10af72-5e7a4978c27df""","Thu, 01 Sep 2022 21:49:46 GMT",https://www.ncei.noaa.gov/data/nclimgrid-daily/access/averages/2004/ncdd-200402-version.txt,raw/nclimgrid_daily/version/2004/ncdd-200402-version.txt,bdfe80060707e13edcfc221e821bc2bfee8d0bca57261dcc8973c83ec8b4f596,processed/nclimgrid_daily/county_tavg/2004/county_tavg_200402.csv,90103,"nclimgrid-daily_v1-0-0_snap2026-07-30, start: 1951-01, end: 2026-06, status: scaled}",/Users/andrewpark/Desktop/Code/WeatherDerivativePricing,2026-09-02T15:42:54+00:00,Sat Apr  8 18:22:11 2017,True
tavg,2004-03,scaled,https://www.ncei.noaa.gov/data/nclimgrid-daily/access/averages/2004/tavg-200403-cty-scaled.csv,raw/nclimgrid_daily/averages/2004/tavg-200403-cty-scaled.csv,2026-07-30T03:40:22+00:00,1093490,59e249145d452aed39d8a608562228332022b25eede495f25594ee9b515a9514,"""10af72-5e7a498f85e26""","Thu, 01 Sep 2022 21:50:10 GMT",https://www.ncei.noaa.gov/data/nclimgrid-daily/access/averages/2004/ncdd-200403-version.txt,raw/nclimgrid_daily/version/2004/ncdd-200403-version.txt,9f99caf2dc002b7a51302a2a9211367828bf4f55592728b5bcf3d28bdcb65979,processed/nclimgrid_daily/county_tavg/2004/county_tavg_200403.csv,96317,"nclimgrid-daily_v1-0-0_snap2026-07-30, start: 1951-01, end: 2026-06, status: scaled}",/Users/andrewpark/Desktop/Code/WeatherDerivativePricing,2026-09-02T15:42:54+00:00,Sat Apr  8 18:22:57 2017,True
tavg,2004-04,scaled,https://www.ncei.noaa.gov/data/nclimgrid-daily/access/averages/2004/tavg-200404-cty-scaled.csv,raw/nclimgrid_daily/averages/2004/tavg-200404-cty-scaled.csv,2026-07-30T03:40:22+00:00,1093490,212d7b3a56461aa8e6da3559871e6e4b55aa66591bdc5d14624057dd1fb9543c,"""10af72-5e7a49a4208ae""","Thu, 01 Sep 2022 21:50:32 GMT",https://www.ncei.noaa.gov/data/nclimgrid-daily/access/averages/2004/ncdd-200404-version.txt,raw/nclimgrid_daily/version/2004/ncdd-200404-version.txt,de323c312c120e6fc1913ef6cd0b9e2e14bb8ec9e17e66d44f2d3801fbf695a6,processed/nclimgrid_daily/county_tavg/2004/county_tavg_200404.csv,93210,"nclimgrid-daily_v1-0-0_snap2026-07-30, start: 1951-01, end: 2026-06, status: scaled}",/Users/andrewpark/Desktop/Code/WeatherDerivativePricing,2026-09-02T15:42:54+00:00,Sat Apr  8 18:23:44 2017,True
tavg,2004-05,scaled,https://www.ncei.noaa.gov/data/nclimgrid-daily/access/averages/2004/tavg-200405-cty-scaled.csv,raw/nclimgrid_daily/averages/2004/tavg-200405-cty-scaled.csv,2026-07-30T03:40:23+00:00,1093490,f723130952a5c372e63816424bd1c6e249fc57bf346a560d842238b8e2437d86,"""10af72-5e7a49b6dd2c5""","Thu, 01 Sep 2022 21:50:51 GMT",https://www.ncei.noaa.gov/data/nclimgrid-daily/access/averages/2004/ncdd-200405-version.txt,raw/nclimgrid_daily/version/2004/ncdd-200405-version.txt,40243e045c3f8ae86daa495137c4112590f90ed6758f46837a4fef7724f94df1,processed/nclimgrid_daily/county_tavg/2004/county_tavg_200405.csv,96317,"nclimgrid-daily_v1-0-0_snap2026-07-30, start: 1951-01, end: 2026-06, status: scaled}",/Users/andrewpark/Desktop/Code/WeatherDerivativePricing,2026-09-02T15:42:54+00:00,Sat Apr  8 18:24:30 2017,True
tavg,2004-06,scaled,https://www.ncei.noaa.gov/data/nclimgrid-daily/access/averages/2004/tavg-200406-cty-scaled.csv,raw/nclimgrid_daily/averages/2004/tavg-200406-cty-scaled.csv,2026-07-30T03:40:23+00:00,1093490,29e28d34b5123e61b2f9b792c070d8a957423bd607e014824eae693352fdab4a,"""10af72-5e7a49cb17655""","Thu, 01 Sep 2022 21:51:13 GMT",https://www.ncei.noaa.gov/data/nclimgrid-daily/access/averages/2004/ncdd-200406-version.txt,raw/nclimgrid_daily/version/2004/ncdd-200406-version.txt,eef00df39c910900e2374ecaa5d12652e13148cd0fd3c43099f5594b1099a728,processed/nclimgrid_daily/county_tavg/2004/county_tavg_200406.csv,93210,"nclimgrid-daily_v1-0-0_snap2026-07-30, start: 1951-01, end: 2026-06, status: scaled}",/Users/andrewpark/Desktop/Code/WeatherDerivativePricing,2026-09-02T15:42:54+00:00,Sat Apr  8 18:25:18 2017,True
tavg,2004-07,scaled,https://www.ncei.noaa.gov/data/nclimgrid-daily/access/averages/2004/tavg-200407-cty-scaled.csv,raw/nclimgrid_daily/averages/2004/tavg-200407-cty-scaled.csv,2026-07-30T03:40:24+00:00,1093490,4563d1fcce19d9a06db92f83dc74db99f96e184e3b4c95eb3db6bbc96906ee7d,"""10af72-5e7a49e410f34""","Thu, 01 Sep 2022 21:51:39 GMT",https://www.ncei.noaa.gov/data/nclimgrid-daily/access/averages/2004/ncdd-200407-version.txt,raw/nclimgrid_daily/version/2004/ncdd-200407-version.txt,4c47414a275ba2fc17c3b6a91df1325018430850e896b8e68a742d2c3becca0e,processed/nclimgrid_daily/county_tavg/2004/county_tavg_200407.csv,96317,"nclimgrid-daily_v1-0-0_snap2026-07-30, start: 1951-01, end: 2026-06, status: scaled}",/Users/andrewpark/Desktop/Code/WeatherDerivativePricing,2026-09-02T15:42:54+00:00,Sat Apr  8 18:26:09 2017,True
tavg,2004-08,scaled,https://www.ncei.noaa.gov/data/nclimgrid-daily/access/averages/2004/tavg-200408-cty-scaled.csv,raw/nclimgrid_daily/averages/2004/tavg-200408-cty-scaled.csv,2026-07-30T03:40:25+00:00,1093490,01c323835d9ddfeb9d72c7e9ae66d13e6d124702227f45ab2db7b74949471537,"""10af72-5e7a49f8c9a33""","Thu, 01 Sep 2022 21:52:00 GMT",https://www.ncei.noaa.gov/data/nclimgrid-daily/access/averages/2004/ncdd-200408-version.txt,raw/nclimgrid_daily/version/2004/ncdd-200408-version.txt,1c26dbbc1452312be997432af6da087284df4c187f7b0d935d69d966888df03a,processed/nclimgrid_daily/county_tavg/2004/county_tavg_200408.csv,96317,"nclimgrid-daily_v1-0-0_snap2026-07-30, start: 1951-01, end: 2026-06, status: scaled}",/Users/andrewpark/Desktop/Code/WeatherDerivativePricing,2026-09-02T15:42:54+00:00,Sat Apr  8 18:26:59 2017,True
tavg,2004-09,scaled,https://www.ncei.noaa.gov/data/nclimgrid-daily/access/averages/2004/tavg-200409-cty-scaled.csv,raw/nclimgrid_daily/averages/2004/tavg-200409-cty-scaled.csv,2026-07-30T03:40:25+00:00,1093490,dc495f0aae6af2c9e36d95cf6c704b4bca531633a2ff389626c7581ab6570dc7,"""10af72-5e7a4a0cb86bb""","Thu, 01 Sep 2022 21:52:21 GMT",https://www.ncei.noaa.gov/data/nclimgrid-daily/access/averages/2004/ncdd-200409-version.txt,raw/nclimgrid_daily/version/2004/ncdd-200409-version.txt,9eddbe1e3041bc9b7516235b729f373d6fcf476246ed138835ab8ce6179cbe58,processed/nclimgrid_daily/county_tavg/2004/county_tavg_200409.csv,93210,"nclimgrid-daily_v1-0-0_snap2026-07-30, start: 1951-01, end: 2026-06, status: scaled}",/Users/andrewpark/Desktop/Code/WeatherDerivativePricing,2026-09-02T15:42:54+00:00,Sat Apr  8 18:27:48 2017,True
tavg,2004-10,scaled,https://www.ncei.noaa.gov/data/nclimgrid-daily/access/averages/2004/tavg-200410-cty-scaled.csv,raw/nclimgrid_daily/averages/2004/tavg-200410-cty-scaled.csv,2026-07-30T03:40:26+00:00,1093490,1804ca149039425148d2ed9d585d67548d9674522ee016b0c5ce94ba57fcbf18,"""10af72-5e7a4a21763c2""","Thu, 01 Sep 2022 21:52:43 GMT",https://www.ncei.noaa.gov/data/nclimgrid-daily/access/averages/2004/ncdd-200410-version.txt,raw/nclimgrid_daily/version/2004/ncdd-200410-version.txt,c5735b3bd72d6f4357b2895636f5f796cf2748966d1ec7e560bcffab9a062965,processed/nclimgrid_daily/county_tavg/2004/county_tavg_200410.csv,96317,"nclimgrid-daily_v1-0-0_snap2026-07-30, start: 1951-01, end: 2026-06, status: scaled}",/Users/andrewpark/Desktop/Code/WeatherDerivativePricing,2026-09-02T15:42:54+00:00,Sat Apr  8 18:28:43 2017,True
tavg,2004-11,scaled,https://www.ncei.noaa.gov/data/nclimgrid-daily/access/averages/2004/tavg-200411-cty-scaled.csv,raw/nclimgrid_daily/averages/2004/tavg-200411-cty-scaled.csv,2026-07-30T03:40:26+00:00,1093490,d396e8e436d7b3f0dd06f280f47870753f7b725745fb1a8e4f2ccf6c636f0f47,"""10af72-5e7a4a36b4b61""","Thu, 01 Sep 2022 21:53:05 GMT",https://www.ncei.noaa.gov/data/nclimgrid-daily/access/averages/2004/ncdd-200411-version.txt,raw/nclimgrid_daily/version/2004/ncdd-200411-version.txt,07c879b854ea7de0712381b1f02c3e94d25c8695968d215180600e1f1114bcf0,processed/nclimgrid_daily/county_tavg/2004/county_tavg_200411.csv,93210,"nclimgrid-daily_v1-0-0_snap2026-07-30, start: 1951-01, end: 2026-06, status: scaled}",/Users/andrewpark/Desktop/Code/WeatherDerivativePricing,2026-09-02T15:42:54+00:00,Sat Apr  8 18:29:38 2017,True
tavg,2004-12,scaled,https://www.ncei.noaa.gov/data/nclimgrid-daily/access/averages/2004/tavg-200412-cty-scaled.csv,raw/nclimgrid_daily/averages/2004/tavg-200412-cty-scaled.csv,2026-07-30T03:40:29+00:00,1093490,4c9193099462e5c324081b4750fcb4d816ad34aabc0e8b9c943745ed01386396,"""10af72-5e7a4a4c11f31""","Thu, 01 Sep 2022 21:53:28 GMT",https://www.ncei.noaa.gov/data/nclimgrid-daily/access/averages/2004/ncdd-200412-version.txt,raw/nclimgrid_daily/version/2004/ncdd-200412-version.txt,887e70782f9b3b06fa0fe2691438c9ce4d1c5af978975b82241ec5d3a343d347,processed/nclimgrid_daily/county_tavg/2004/county_tavg_200412.csv,96317,"nclimgrid-daily_v1-0-0_snap2026-07-30, start: 1951-01, end: 2026-06, status: scaled}",/Users/andrewpark/Desktop/Code/WeatherDerivativePricing,2026-09-02T15:42:54+00:00,Sat Apr  8 18:30:39 2017,True
tavg,2005-01,scaled,https://www.ncei.noaa.gov/data/nclimgrid-daily/access/averages/2005/tavg-200501-cty-scaled.csv,raw/nclimgrid_daily/averages/2005/tavg-200501-cty-scaled.csv,2026-07-30T03:40:30+00:00,1093490,8fe039931f71276d1689d3686d35eb8679a4f820884fdb08423f8efa1a39889e,"""10af72-5e7a4a61e78c8""","Thu, 01 Sep 2022 21:53:51 GMT",https://www.ncei.noaa.gov/data/nclimgrid-daily/access/averages/2005/ncdd-200501-version.txt,raw/nclimgrid_daily/version/2005/ncdd-200501-version.txt,657e6e536566546014c23b3e0d330810b90d1e7baca86d7cd9c84fc1ccf96cb3,processed/nclimgrid_daily/county_tavg/2005/county_tavg_200501.csv,96317,"nclimgrid-daily_v1-0-0_snap2026-07-30, start: 1951-01, end: 2026-06, status: scaled}",/Users/andrewpark/Desktop/Code/WeatherDerivativePricing,2026-09-02T15:42:54+00:00,Thu Apr 20 11:32:36 2017,True
tavg,2005-02,scaled,https://www.ncei.noaa.gov/data/nclimgrid-daily/access/averages/2005/tavg-200502-cty-scaled.csv,raw/nclimgrid_daily/averages/2005/tavg-200502-cty-scaled.csv,2026-07-30T03:40:31+00:00,1093490,a0024a253f60f8159f4fdb171aac281967627f3ef87b9d410d1b4f58ea868fa0,"""10af72-5e7a4a76a5da0""","Thu, 01 Sep 2022 21:54:12 GMT",https://www.ncei.noaa.gov/data/nclimgrid-daily/access/averages/2005/ncdd-200502-version.txt,raw/nclimgrid_daily/version/2005/ncdd-200502-version.txt,8e78b7a887b4cb83a37ac4bb0a474294767fc06a05b3a807e058fd9adde52373,processed/nclimgrid_daily/county_tavg/2005/county_tavg_200502.csv,86996,"nclimgrid-daily_v1-0-0_snap2026-07-30, start: 1951-01, end: 2026-06, status: scaled}",/Users/andrewpark/Desktop/Code/WeatherDerivativePricing,2026-09-02T15:42:54+00:00,Thu Apr 20 11:33:07 2017,True
tavg,2005-03,scaled,https://www.ncei.noaa.gov/data/nclimgrid-daily/access/averages/2005/tavg-200503-cty-scaled.csv,raw/nclimgrid_daily/averages/2005/tavg-200503-cty-scaled.csv,2026-07-30T03:40:31+00:00,1093490,b286bee221815459a475ea713210f01cb7bae980a34dc69df8e25c34220c5768,"""10af72-5e7a4a8a81d5f""","Thu, 01 Sep 2022 21:54:33 GMT",https://www.ncei.noaa.gov/data/nclimgrid-daily/access/averages/2005/ncdd-200503-version.txt,raw/nclimgrid_daily/version/2005/ncdd-200503-version.txt,c5829be388e322e3a3aebbb8c3d29c37fdad798ebc85140d11af9f1a1364e473,processed/nclimgrid_daily/county_tavg/2005/county_tavg_200503.csv,96317,"nclimgrid-daily_v1-0-0_snap2026-07-30, start: 1951-01, end: 2026-06, status: scaled}",/Users/andrewpark/Desktop/Code/WeatherDerivativePricing,2026-09-02T15:42:54+00:00,Thu Apr 20 11:33:41 2017,True
tavg,2005-04,scaled,https://www.ncei.noaa.gov/data/nclimgrid-daily/access/averages/2005/tavg-200504-cty-scaled.csv,raw/nclimgrid_daily/averages/2005/tavg-200504-cty-scaled.csv,2026-07-30T03:40:32+00:00,1093490,cc990ad39a3046ca85b7d5584332ce07b4aa8fefe2e5140a401ab3e1bf18e508,"""10af72-5e7a4a9f3e2f7""","Thu, 01 Sep 2022 21:54:55 GMT",https://www.ncei.noaa.gov/data/nclimgrid-daily/access/averages/2005/ncdd-200504-version.txt,raw/nclimgrid_daily/version/2005/ncdd-200504-version.txt,7c63add7783f5aaf13fee420df9bc62d280320d16fd87dee33ac72595eb35784,processed/nclimgrid_daily/county_tavg/2005/county_tavg_200504.csv,93210,"nclimgrid-daily_v1-0-0_snap2026-07-30, start: 1951-01, end: 2026-06, status: scaled}",/Users/andrewpark/Desktop/Code/WeatherDerivativePricing,2026-09-02T15:42:54+00:00,Thu Apr 20 11:34:16 2017,True
tavg,2005-05,scaled,https://www.ncei.noaa.gov/data/nclimgrid-daily/access/averages/2005/tavg-200505-cty-scaled.csv,raw/nclimgrid_daily/averages/2005/tavg-200505-cty-scaled.csv,2026-07-30T03:40:32+00:00,1093490,1ab75b39125179cad69acb19c82c9052fc5506f3c7d2475ca35d0c7ddb39a44d,"""10af72-5e7a4ab36695e""","Thu, 01 Sep 2022 21:55:16 GMT",https://www.ncei.noaa.gov/data/nclimgrid-daily/access/averages/2005/ncdd-200505-version.txt,raw/nclimgrid_daily/version/2005/ncdd-200505-version.txt,8a51ffa149aa4dc836567bd442d97e33222e4e2db21de463e0cd43f7daf6fd29,processed/nclimgrid_daily/county_tavg/2005/county_tavg_200505.csv,96317,"nclimgrid-daily_v1-0-0_snap2026-07-30, start: 1951-01, end: 2026-06, status: scaled}",/Users/andrewpark/Desktop/Code/WeatherDerivativePricing,2026-09-02T15:42:54+00:00,Thu Apr 20 11:34:53 2017,True
tavg,2005-06,scaled,https://www.ncei.noaa.gov/data/nclimgrid-daily/access/averages/2005/tavg-200506-cty-scaled.csv,raw/nclimgrid_daily/averages/2005/tavg-200506-cty-scaled.csv,2026-07-30T03:40:33+00:00,1093490,298779851bde02e3a8af158631d2c8ad1da41cca8f8b9bf0693471766a54496c,"""10af72-5e7a4ac74aded""","Thu, 01 Sep 2022 21:55:37 GMT",https://www.ncei.noaa.gov/data/nclimgrid-daily/access/averages/2005/ncdd-200506-version.txt,raw/nclimgrid_daily/version/2005/ncdd-200506-version.txt,b98ac2cd652371f9fa123376d97b6f6caa35347c5dbef10c9905302ffea2f695,processed/nclimgrid_daily/county_tavg/2005/county_tavg_200506.csv,93210,"nclimgrid-daily_v1-0-0_snap2026-07-30, start: 1951-01, end: 2026-06, status: scaled}",/Users/andrewpark/Desktop/Code/WeatherDerivativePricing,2026-09-02T15:42:54+00:00,Thu Apr 20 11:35:29 2017,True
tavg,2005-07,scaled,https://www.ncei.noaa.gov/data/nclimgrid-daily/access/averages/2005/tavg-200507-cty-scaled.csv,raw/nclimgrid_daily/averages/2005/tavg-200507-cty-scaled.csv,2026-07-30T03:40:34+00:00,1093490,f8a00d454f4cc42b4b40fb64dd140bbecc68ee76906ec6e9d50f90f0844dc2c1,"""10af72-5e7a4adbbf715""","Thu, 01 Sep 2022 21:55:58 GMT",https://www.ncei.noaa.gov/data/nclimgrid-daily/access/averages/2005/ncdd-200507-version.txt,raw/nclimgrid_daily/version/2005/ncdd-200507-version.txt,2fb4342c28e5e6120fd046ee5ad02769b1620dee19eee655d017adf135ca3a33,processed/nclimgrid_daily/county_tavg/2005/county_tavg_200507.csv,96317,"nclimgrid-daily_v1-0-0_snap2026-07-30, start: 1951-01, end: 2026-06, status: scaled}",/Users/andrewpark/Desktop/Code/WeatherDerivativePricing,2026-09-02T15:42:54+00:00,Thu Apr 20 11:36:07 2017,True
tavg,2005-08,scaled,https://www.ncei.noaa.gov/data/nclimgrid-daily/access/averages/2005/tavg-200508-cty-scaled.csv,raw/nclimgrid_daily/averages/2005/tavg-200508-cty-scaled.csv,2026-07-30T03:40:34+00:00,1093490,4ef17afb106475ada3770ca791780f1987dfcfc4c85b73a51c22ac0a3360381b,"""10af72-5e7a4aef37d14""","Thu, 01 Sep 2022 21:56:19 GMT",https://www.ncei.noaa.gov/data/nclimgrid-daily/access/averages/2005/ncdd-200508-version.txt,raw/nclimgrid_daily/version/2005/ncdd-200508-version.txt,9a4d7406b8fddcfd95a39e35aa9945b9005db9b5adcb036a1f670dbffcb58781,processed/nclimgrid_daily/county_tavg/2005/county_tavg_200508.csv,96317,"nclimgrid-daily_v1-0-0_snap2026-07-30, start: 1951-01, end: 2026-06, status: scaled}",/Users/andrewpark/Desktop/Code/WeatherDerivativePricing,2026-09-02T15:42:54+00:00,Thu Apr 20 11:36:46 2017,True
tavg,2005-09,scaled,https://www.ncei.noaa.gov/data/nclimgrid-daily/access/averages/2005/tavg-200509-cty-scaled.csv,raw/nclimgrid_daily/averages/2005/tavg-200509-cty-scaled.csv,2026-07-30T03:40:35+00:00,1093490,14a724e9ed18526f045beb2b7d8cc9e43b44b000aca113f223142a9b93293524,"""10af72-5e7a4b061322c""","Thu, 01 Sep 2022 21:56:43 GMT",https://www.ncei.noaa.gov/data/nclimgrid-daily/access/averages/2005/ncdd-200509-version.txt,raw/nclimgrid_daily/version/2005/ncdd-200509-version.txt,09d660e8737378f6ab4a33b85969601c6c8de49de8c2ec0f00f5f8f2fcadec0f,processed/nclimgrid_daily/county_tavg/2005/county_tavg_200509.csv,93210,"nclimgrid-daily_v1-0-0_snap2026-07-30, start: 1951-01, end: 2026-06, status: scaled}",/Users/andrewpark/Desktop/Code/WeatherDerivativePricing,2026-09-02T15:42:54+00:00,Thu Apr 20 11:37:22 2017,True
tavg,2005-10,scaled,https://www.ncei.noaa.gov/data/nclimgrid-daily/access/averages/2005/tavg-200510-cty-scaled.csv,raw/nclimgrid_daily/averages/2005/tavg-200510-cty-scaled.csv,2026-07-30T03:40:35+00:00,1093490,985876bdc5691ef795588fb5d4f402f9030597eb6fa7b38861e1da70e3b3d59d,"""10af72-5e7a4b197971b""","Thu, 01 Sep 2022 21:57:03 GMT",https://www.ncei.noaa.gov/data/nclimgrid-daily/access/averages/2005/ncdd-200510-version.txt,raw/nclimgrid_daily/version/2005/ncdd-200510-version.txt,b5bcc0d288a1c55d41faa05176376200beac2cf8203b9efb43479e4c24790cd4,processed/nclimgrid_daily/county_tavg/2005/county_tavg_200510.csv,96317,"nclimgrid-daily_v1-0-0_snap2026-07-30, start: 1951-01, end: 2026-06, status: scaled}",/Users/andrewpark/Desktop/Code/WeatherDerivativePricing,2026-09-02T15:42:54+00:00,Thu Apr 20 11:38:00 2017,True
tavg,2005-11,scaled,https://www.ncei.noaa.gov/data/nclimgrid-daily/access/averages/2005/tavg-200511-cty-scaled.csv,raw/nclimgrid_daily/averages/2005/tavg-200511-cty-scaled.csv,2026-07-30T03:40:36+00:00,1093490,65459a3ad9f6614c48bfdd46f4b5308f3385695c0bb7280aa03e2c565687331a,"""10af72-5e7a4b2d147cb""","Thu, 01 Sep 2022 21:57:24 GMT",https://www.ncei.noaa.gov/data/nclimgrid-daily/access/averages/2005/ncdd-200511-version.txt,raw/nclimgrid_daily/version/2005/ncdd-200511-version.txt,7cab817a0b14377a393fab650629e60369584a30a6fc8f27cc4784e23c14e4bb,processed/nclimgrid_daily/county_tavg/2005/county_tavg_200511.csv,93210,"nclimgrid-daily_v1-0-0_snap2026-07-30, start: 1951-01, end: 2026-06, status: scaled}",/Users/andrewpark/Desktop/Code/WeatherDerivativePricing,2026-09-02T15:42:54+00:00,Thu Apr 20 11:38:41 2017,True
tavg,2005-12,scaled,https://www.ncei.noaa.gov/data/nclimgrid-daily/access/averages/2005/tavg-200512-cty-scaled.csv,raw/nclimgrid_daily/averages/2005/tavg-200512-cty-scaled.csv,2026-07-30T03:40:37+00:00,1093490,e07fe06139f1148737ee97e790cd2890779e28cb0838815fd83d21ac09bbbc6e,"""10af72-5e7a4b41f6ada""","Thu, 01 Sep 2022 21:57:46 GMT",https://www.ncei.noaa.gov/data/nclimgrid-daily/access/averages/2005/ncdd-200512-version.txt,raw/nclimgrid_daily/version/2005/ncdd-200512-version.txt,3f605e74c734e37982d34de2a8d1be3f90b7889cbcc723724027f00f9b17a013,processed/nclimgrid_daily/county_tavg/2005/county_tavg_200512.csv,96317,"nclimgrid-daily_v1-0-0_snap2026-07-30, start: 1951-01, end: 2026-06, status: scaled}",/Users/andrewpark/Desktop/Code/WeatherDerivativePricing,2026-09-02T15:42:54+00:00,Thu Apr 20 11:39:23 2017,True
tavg,2006-01,scaled,https://www.ncei.noaa.gov/data/nclimgrid-daily/access/averages/2006/tavg-200601-cty-scaled.csv,raw/nclimgrid_daily/averages/2006/tavg-200601-cty-scaled.csv,2026-07-30T03:40:37+00:00,1093490,fe09521c7a7b5fdf60a70bedbe604e00d8a1e9096262f82f295b176a8b80c651,"""10af72-5e7a4b556ae71""","Thu, 01 Sep 2022 21:58:06 GMT",https://www.ncei.noaa.gov/data/nclimgrid-daily/access/averages/2006/ncdd-200601-version.txt,raw/nclimgrid_daily/version/2006/ncdd-200601-version.txt,877f55de3b3fe4673b7397460b4c3ad961593df3950f2b7695debfb1b03f4283,processed/nclimgrid_daily/county_tavg/2006/county_tavg_200601.csv,96317,"nclimgrid-daily_v1-0-0_snap2026-07-30, start: 1951-01, end: 2026-06, status: scaled}",/Users/andrewpark/Desktop/Code/WeatherDerivativePricing,2026-09-02T15:42:54+00:00,Mon Apr 10 23:37:22 2017,True
tavg,2006-02,scaled,https://www.ncei.noaa.gov/data/nclimgrid-daily/access/averages/2006/tavg-200602-cty-scaled.csv,raw/nclimgrid_daily/averages/2006/tavg-200602-cty-scaled.csv,2026-07-30T03:40:38+00:00,1093490,5989aae61b36c60e8fbf9d0591a21ffa4ab1a3a7e7a54a66631931a020b76f08,"""10af72-5e7a4b68f8c31""","Thu, 01 Sep 2022 21:58:27 GMT",https://www.ncei.noaa.gov/data/nclimgrid-daily/access/averages/2006/ncdd-200602-version.txt,raw/nclimgrid_daily/version/2006/ncdd-200602-version.txt,eb6ebb697366e64cf5cde590ffd9b57799e4d392f64c4912605f21f8a26df484,processed/nclimgrid_daily/county_tavg/2006/county_tavg_200602.csv,86996,"nclimgrid-daily_v1-0-0_snap2026-07-30, start: 1951-01, end: 2026-06, status: scaled}",/Users/andrewpark/Desktop/Code/WeatherDerivativePricing,2026-09-02T15:42:54+00:00,Mon Apr 10 23:38:18 2017,True
tavg,2006-03,scaled,https://www.ncei.noaa.gov/data/nclimgrid-daily/access/averages/2006/tavg-200603-cty-scaled.csv,raw/nclimgrid_daily/averages/2006/tavg-200603-cty-scaled.csv,2026-07-30T03:40:39+00:00,1093490,6c790a6288c2a10c12b627b4ef85a3aaa9ae42d0dd142797f6e766e47d32d480,"""10af72-5e7a4b7f85b60""","Thu, 01 Sep 2022 21:58:50 GMT",https://www.ncei.noaa.gov/data/nclimgrid-daily/access/averages/2006/ncdd-200603-version.txt,raw/nclimgrid_daily/version/2006/ncdd-200603-version.txt,be037ba12487e55d4ba90f4dafa3d7728ea3ddb12b2c102984fea8d6bc7242c3,processed/nclimgrid_daily/county_tavg/2006/county_tavg_200603.csv,96317,"nclimgrid-daily_v1-0-0_snap2026-07-30, start: 1951-01, end: 2026-06, status: scaled}",/Users/andrewpark/Desktop/Code/WeatherDerivativePricing,2026-09-02T15:42:54+00:00,Mon Apr 10 23:39:39 2017,True
tavg,2006-04,scaled,https://www.ncei.noaa.gov/data/nclimgrid-daily/access/averages/2006/tavg-200604-cty-scaled.csv,raw/nclimgrid_daily/averages/2006/tavg-200604-cty-scaled.csv,2026-07-30T03:40:39+00:00,1093490,0bec863c926c5003a9c96c6ab00ca9eaef6148c1c16c84a5abf7e971523df651,"""10af72-5e7a4b942b1c8""","Thu, 01 Sep 2022 21:59:12 GMT",https://www.ncei.noaa.gov/data/nclimgrid-daily/access/averages/2006/ncdd-200604-version.txt,raw/nclimgrid_daily/version/2006/ncdd-200604-version.txt,be28ccdbabac689c0e93519ad16c9b08aa6442cc30524dbb5aa76ea04bc4c201,processed/nclimgrid_daily/county_tavg/2006/county_tavg_200604.csv,93210,"nclimgrid-daily_v1-0-0_snap2026-07-30, start: 1951-01, end: 2026-06, status: scaled}",/Users/andrewpark/Desktop/Code/WeatherDerivativePricing,2026-09-02T15:42:54+00:00,Mon Apr 10 23:40:59 2017,True
tavg,2006-05,scaled,https://www.ncei.noaa.gov/data/nclimgrid-daily/access/averages/2006/tavg-200605-cty-scaled.csv,raw/nclimgrid_daily/averages/2006/tavg-200605-cty-scaled.csv,2026-07-30T03:40:40+00:00,1093490,fd33edfb20fd5517f472c1b9a3f79d57f2364a0b62b73c8f0f178021753a2739,"""10af72-5e7a4ba7ebc07""","Thu, 01 Sep 2022 21:59:33 GMT",https://www.ncei.noaa.gov/data/nclimgrid-daily/access/averages/2006/ncdd-200605-version.txt,raw/nclimgrid_daily/version/2006/ncdd-200605-version.txt,022d2cc16c9499e7acd279978935e58da2ef5a489449f0cc774b050afd0229ed,processed/nclimgrid_daily/county_tavg/2006/county_tavg_200605.csv,96317,"nclimgrid-daily_v1-0-0_snap2026-07-30, start: 1951-01, end: 2026-06, status: scaled}",/Users/andrewpark/Desktop/Code/WeatherDerivativePricing,2026-09-02T15:42:54+00:00,Mon Apr 10 23:42:13 2017,True
tavg,2006-06,scaled,https://www.ncei.noaa.gov/data/nclimgrid-daily/access/averages/2006/tavg-200606-cty-scaled.csv,raw/nclimgrid_daily/averages/2006/tavg-200606-cty-scaled.csv,2026-07-30T03:40:40+00:00,1093490,e7297e20dd2fd66c106d90fa9c9c42194b9c3e66bcc060a3d0df560b92a1d241,"""10af72-5e7a4bbc67a5e""","Thu, 01 Sep 2022 21:59:54 GMT",https://www.ncei.noaa.gov/data/nclimgrid-daily/access/averages/2006/ncdd-200606-version.txt,raw/nclimgrid_daily/version/2006/ncdd-200606-version.txt,b2d1ce26fa0f0ff379d3d39e4db235642916b971e17ab361f19abd7993524338,processed/nclimgrid_daily/county_tavg/2006/county_tavg_200606.csv,93210,"nclimgrid-daily_v1-0-0_snap2026-07-30, start: 1951-01, end: 2026-06, status: scaled}",/Users/andrewpark/Desktop/Code/WeatherDerivativePricing,2026-09-02T15:42:54+00:00,Mon Apr 10 23:43:44 2017,True
tavg,2006-07,scaled,https://www.ncei.noaa.gov/data/nclimgrid-daily/access/averages/2006/tavg-200607-cty-scaled.csv,raw/nclimgrid_daily/averages/2006/tavg-200607-cty-scaled.csv,2026-07-30T03:40:41+00:00,1093490,e23ac252c909c2b7b4e753d9547ea79645c0a8d01d2789ae068130d8965c57b1,"""10af72-5e7a4bd312236""","Thu, 01 Sep 2022 22:00:18 GMT",https://www.ncei.noaa.gov/data/nclimgrid-daily/access/averages/2006/ncdd-200607-version.txt,raw/nclimgrid_daily/version/2006/ncdd-200607-version.txt,ba719be7ada61d6bc340f0838c2c1d0a1f229a246d082484116efd02c60c7ba8,processed/nclimgrid_daily/county_tavg/2006/county_tavg_200607.csv,96317,"nclimgrid-daily_v1-0-0_snap2026-07-30, start: 1951-01, end: 2026-06, status: scaled}",/Users/andrewpark/Desktop/Code/WeatherDerivativePricing,2026-09-02T15:42:54+00:00,Mon Apr 10 23:45:16 2017,True
tavg,2006-08,scaled,https://www.ncei.noaa.gov/data/nclimgrid-daily/access/averages/2006/tavg-200608-cty-scaled.csv,raw/nclimgrid_daily/averages/2006/tavg-200608-cty-scaled.csv,2026-07-30T03:40:42+00:00,1093490,1f4e95940a3d4373ff4b1a172b8800c5377b97b7f93e8b5e17f5ef3fac49ea53,"""10af72-5e7a4be8e0a85""","Thu, 01 Sep 2022 22:00:41 GMT",https://www.ncei.noaa.gov/data/nclimgrid-daily/access/averages/2006/ncdd-200608-version.txt,raw/nclimgrid_daily/version/2006/ncdd-200608-version.txt,dce9e43828f290f8c1fc280962ba07e54554aeefd820d8b5f04ac4d6aeb011d1,processed/nclimgrid_daily/county_tavg/2006/county_tavg_200608.csv,96317,"nclimgrid-daily_v1-0-0_snap2026-07-30, start: 1951-01, end: 2026-06, status: scaled}",/Users/andrewpark/Desktop/Code/WeatherDerivativePricing,2026-09-02T15:42:54+00:00,Mon Apr 10 23:46:55 2017,True
tavg,2006-09,scaled,https://www.ncei.noaa.gov/data/nclimgrid-daily/access/averages/2006/tavg-200609-cty-scaled.csv,raw/nclimgrid_daily/averages/2006/tavg-200609-cty-scaled.csv,2026-07-30T03:40:43+00:00,1093490,463f52119348d2c7c66618b84c12b9993c066d8006abc758cbc5f78f71a54cee,"""10af72-5e7a4bff20b3d""","Thu, 01 Sep 2022 22:01:04 GMT",https://www.ncei.noaa.gov/data/nclimgrid-daily/access/averages/2006/ncdd-200609-version.txt,raw/nclimgrid_daily/version/2006/ncdd-200609-version.txt,b2006453ec53a6a5923b2a6d737697aeddf55b3eba0440780235b16edd8ae82e,processed/nclimgrid_daily/county_tavg/2006/county_tavg_200609.csv,93210,"nclimgrid-daily_v1-0-0_snap2026-07-30, start: 1951-01, end: 2026-06, status: scaled}",/Users/andrewpark/Desktop/Code/WeatherDerivativePricing,2026-09-02T15:42:54+00:00,Mon Apr 10 23:48:33 2017,True
tavg,2006-10,scaled,https://www.ncei.noaa.gov/data/nclimgrid-daily/access/averages/2006/tavg-200610-cty-scaled.csv,raw/nclimgrid_daily/averages/2006/tavg-200610-cty-scaled.csv,2026-07-30T03:40:43+00:00,1093490,33ff3b7aa74bab4e7fc8a9a0e0894f1921401f797427ec2cdd94cc54f6437192,"""10af72-5e7a4c16d54e4""","Thu, 01 Sep 2022 22:01:29 GMT",https://www.ncei.noaa.gov/data/nclimgrid-daily/access/averages/2006/ncdd-200610-version.txt,raw/nclimgrid_daily/version/2006/ncdd-200610-version.txt,3117662d4c111cd2307f26232424e482c7ede7cb615f420dc64942b4bc387d54,processed/nclimgrid_daily/county_tavg/2006/county_tavg_200610.csv,96317,"nclimgrid-daily_v1-0-0_snap2026-07-30, start: 1951-01, end: 2026-06, status: scaled}",/Users/andrewpark/Desktop/Code/WeatherDerivativePricing,2026-09-02T15:42:54+00:00,Mon Apr 10 23:49:56 2017,True
tavg,2006-11,scaled,https://www.ncei.noaa.gov/data/nclimgrid-daily/access/averages/2006/tavg-200611-cty-scaled.csv,raw/nclimgrid_daily/averages/2006/tavg-200611-cty-scaled.csv,2026-07-30T03:40:44+00:00,1093490,86101538621d2cd7fffbfdeea73ff69b98261a31aceef2dd2a0030102445fb29,"""10af72-5e7a4c2bde50b""","Thu, 01 Sep 2022 22:01:51 GMT",https://www.ncei.noaa.gov/data/nclimgrid-daily/access/averages/2006/ncdd-200611-version.txt,raw/nclimgrid_daily/version/2006/ncdd-200611-version.txt,ee7a6624423ea693727f811bdf9e74721939da6becba7cdbdf7202dfde7aee45,processed/nclimgrid_daily/county_tavg/2006/county_tavg_200611.csv,93210,"nclimgrid-daily_v1-0-0_snap2026-07-30, start: 1951-01, end: 2026-06, status: scaled}",/Users/andrewpark/Desktop/Code/WeatherDerivativePricing,2026-09-02T15:42:54+00:00,Mon Apr 10 23:51:29 2017,True
tavg,2006-12,scaled,https://www.ncei.noaa.gov/data/nclimgrid-daily/access/averages/2006/tavg-200612-cty-scaled.csv,raw/nclimgrid_daily/averages/2006/tavg-200612-cty-scaled.csv,2026-07-30T03:40:45+00:00,1093490,7c8dacca9fe6cdd1e741c0f0d8dccc00ad75fc2ab5b887b2b3b5ad376fa23938,"""10af72-5e7a4c42a55eb""","Thu, 01 Sep 2022 22:02:15 GMT",https://www.ncei.noaa.gov/data/nclimgrid-daily/access/averages/2006/ncdd-200612-version.txt,raw/nclimgrid_daily/version/2006/ncdd-200612-version.txt,edec74fd9e9f7cfbb4c7efb7dcef424261ccc57cb955ac417b77ed0bd209a6fd,processed/nclimgrid_daily/county_tavg/2006/county_tavg_200612.csv,96317,"nclimgrid-daily_v1-0-0_snap2026-07-30, start: 1951-01, end: 2026-06, status: scaled}",/Users/andrewpark/Desktop/Code/WeatherDerivativePricing,2026-09-02T15:42:54+00:00,Mon Apr 10 23:52:45 2017,True
tavg,2007-01,scaled,https://www.ncei.noaa.gov/data/nclimgrid-daily/access/averages/2007/tavg-200701-cty-scaled.csv,raw/nclimgrid_daily/averages/2007/tavg-200701-cty-scaled.csv,2026-07-30T03:40:45+00:00,1093490,8e1b092defb0134f9fbeaff02822a9043fd513418c6feb55249d139e940318e4,"""10af72-5e7a4c5b30d12""","Thu, 01 Sep 2022 22:02:41 GMT",https://www.ncei.noaa.gov/data/nclimgrid-daily/access/averages/2007/ncdd-200701-version.txt,raw/nclimgrid_daily/version/2007/ncdd-200701-version.txt,7eefe0adb520259eea395a678602c19eeb510ae312488613839622aeb7e5366e,processed/nclimgrid_daily/county_tavg/2007/county_tavg_200701.csv,96317,"nclimgrid-daily_v1-0-0_snap2026-07-30, start: 1951-01, end: 2026-06, status: scaled}",/Users/andrewpark/Desktop/Code/WeatherDerivativePricing,2026-09-02T15:42:54+00:00,Wed Apr 12 18:20:00 2017,True
tavg,2007-02,scaled,https://www.ncei.noaa.gov/data/nclimgrid-daily/access/averages/2007/tavg-200702-cty-scaled.csv,raw/nclimgrid_daily/averages/2007/tavg-200702-cty-scaled.csv,2026-07-30T03:40:46+00:00,1093490,ed5021ba117ccd540135af2b2144455d78e5240120408df39b7063b9c8e5a4ae,"""10af72-5e7a4c6edc761""","Thu, 01 Sep 2022 22:03:01 GMT",https://www.ncei.noaa.gov/data/nclimgrid-daily/access/averages/2007/ncdd-200702-version.txt,raw/nclimgrid_daily/version/2007/ncdd-200702-version.txt,09f3a272500dd8f8608182a0d471f18ea8b2bddc81acaf3e84784ff22ab6d746,processed/nclimgrid_daily/county_tavg/2007/county_tavg_200702.csv,86996,"nclimgrid-daily_v1-0-0_snap2026-07-30, start: 1951-01, end: 2026-06, status: scaled}",/Users/andrewpark/Desktop/Code/WeatherDerivativePricing,2026-09-02T15:42:54+00:00,Wed Apr 12 18:20:41 2017,True
tavg,2007-03,scaled,https://www.ncei.noaa.gov/data/nclimgrid-daily/access/averages/2007/tavg-200703-cty-scaled.csv,raw/nclimgrid_daily/averages/2007/tavg-200703-cty-scaled.csv,2026-07-30T03:40:47+00:00,1093490,71ffc7a2008abcfd963acf7c367689bfa7883a480abe1cbc1f1f59c2982e9de2,"""10af72-5e7a4c865b5a9""","Thu, 01 Sep 2022 22:03:26 GMT",https://www.ncei.noaa.gov/data/nclimgrid-daily/access/averages/2007/ncdd-200703-version.txt,raw/nclimgrid_daily/version/2007/ncdd-200703-version.txt,98639593c5434934995fdaf4b12564624a168c4bbcbc80ab465cf8b84453c127,processed/nclimgrid_daily/county_tavg/2007/county_tavg_200703.csv,96317,"nclimgrid-daily_v1-0-0_snap2026-07-30, start: 1951-01, end: 2026-06, status: scaled}",/Users/andrewpark/Desktop/Code/WeatherDerivativePricing,2026-09-02T15:42:54+00:00,Wed Apr 12 18:21:27 2017,True
tavg,2007-04,scaled,https://www.ncei.noaa.gov/data/nclimgrid-daily/access/averages/2007/tavg-200704-cty-scaled.csv,raw/nclimgrid_daily/averages/2007/tavg-200704-cty-scaled.csv,2026-07-30T03:40:47+00:00,1093490,c8e19433fbe980a99e6b985c38f1d69e9487218aa608c1504c101e0c3242f2f2,"""10af72-5e7a4c9b65570""","Thu, 01 Sep 2022 22:03:48 GMT",https://www.ncei.noaa.gov/data/nclimgrid-daily/access/averages/2007/ncdd-200704-version.txt,raw/nclimgrid_daily/version/2007/ncdd-200704-version.txt,7c0ea50f25343858f28dd283229a9b4f79c2a64d3460367e4f72143dfa963c04,processed/nclimgrid_daily/county_tavg/2007/county_tavg_200704.csv,93210,"nclimgrid-daily_v1-0-0_snap2026-07-30, start: 1951-01, end: 2026-06, status: scaled}",/Users/andrewpark/Desktop/Code/WeatherDerivativePricing,2026-09-02T15:42:54+00:00,Wed Apr 12 18:22:12 2017,True
tavg,2007-05,scaled,https://www.ncei.noaa.gov/data/nclimgrid-daily/access/averages/2007/tavg-200705-cty-scaled.csv,raw/nclimgrid_daily/averages/2007/tavg-200705-cty-scaled.csv,2026-07-30T03:40:48+00:00,1093490,25a07029b420c8828cd918f9d53b941b44a0f59309b547bf299871e34b752e5a,"""10af72-5e7a4caf03cd0""","Thu, 01 Sep 2022 22:04:08 GMT",https://www.ncei.noaa.gov/data/nclimgrid-daily/access/averages/2007/ncdd-200705-version.txt,raw/nclimgrid_daily/version/2007/ncdd-200705-version.txt,326d2310527799958b001d73fae00541d747d89f8f192185571f24e28b789023,processed/nclimgrid_daily/county_tavg/2007/county_tavg_200705.csv,96317,"nclimgrid-daily_v1-0-0_snap2026-07-30, start: 1951-01, end: 2026-06, status: scaled}",/Users/andrewpark/Desktop/Code/WeatherDerivativePricing,2026-09-02T15:42:54+00:00,Wed Apr 12 18:23:01 2017,True
tavg,2007-06,scaled,https://www.ncei.noaa.gov/data/nclimgrid-daily/access/averages/2007/tavg-200706-cty-scaled.csv,raw/nclimgrid_daily/averages/2007/tavg-200706-cty-scaled.csv,2026-07-30T03:40:49+00:00,1093490,28d3aa7ebfe414b1cd5fc2b3f10bc27219f4f7b658f13e1358b2cc2d6e8ff594,"""10af72-5e7a4cc54ca27""","Thu, 01 Sep 2022 22:04:32 GMT",https://www.ncei.noaa.gov/data/nclimgrid-daily/access/averages/2007/ncdd-200706-version.txt,raw/nclimgrid_daily/version/2007/ncdd-200706-version.txt,bf154adde54bcf34e8d8c82e8dcc8ed3b7a5ea7599b53928595811b22daf3cf0,processed/nclimgrid_daily/county_tavg/2007/county_tavg_200706.csv,93210,"nclimgrid-daily_v1-0-0_snap2026-07-30, start: 1951-01, end: 2026-06, status: scaled}",/Users/andrewpark/Desktop/Code/WeatherDerivativePricing,2026-09-02T15:42:54+00:00,Wed Apr 12 18:23:50 2017,True
tavg,2007-07,scaled,https://www.ncei.noaa.gov/data/nclimgrid-daily/access/averages/2007/tavg-200707-cty-scaled.csv,raw/nclimgrid_daily/averages/2007/tavg-200707-cty-scaled.csv,2026-07-30T03:40:49+00:00,1093490,0dab176a1cec825afa19b565f93ee1afc1ec8c843338b894c5f6ce9453043e18,"""10af72-5e7a4cda6a656""","Thu, 01 Sep 2022 22:04:54 GMT",https://www.ncei.noaa.gov/data/nclimgrid-daily/access/averages/2007/ncdd-200707-version.txt,raw/nclimgrid_daily/version/2007/ncdd-200707-version.txt,f2f48f1160b24aabbbbe881a4a0e3e2e33f5caedc5dbd53378ed46fb83584bc8,processed/nclimgrid_daily/county_tavg/2007/county_tavg_200707.csv,96317,"nclimgrid-daily_v1-0-0_snap2026-07-30, start: 1951-01, end: 2026-06, status: scaled}",/Users/andrewpark/Desktop/Code/WeatherDerivativePricing,2026-09-02T15:42:54+00:00,Wed Apr 12 18:24:40 2017,True
tavg,2007-08,scaled,https://www.ncei.noaa.gov/data/nclimgrid-daily/access/averages/2007/tavg-200708-cty-scaled.csv,raw/nclimgrid_daily/averages/2007/tavg-200708-cty-scaled.csv,2026-07-30T03:40:50+00:00,1093490,6f6258389b518b80e49b2ecb2cbc9ca7d3ca1f453346eb4244023f54b6d382dd,"""10af72-5e7a4cedf93b6""","Thu, 01 Sep 2022 22:05:14 GMT",https://www.ncei.noaa.gov/data/nclimgrid-daily/access/averages/2007/ncdd-200708-version.txt,raw/nclimgrid_daily/version/2007/ncdd-200708-version.txt,aa25bbbe0952caf07982d00c6c8e1b1e896a306b69b16308b993eb0163de264e,processed/nclimgrid_daily/county_tavg/2007/county_tavg_200708.csv,96317,"nclimgrid-daily_v1-0-0_snap2026-07-30, start: 1951-01, end: 2026-06, status: scaled}",/Users/andrewpark/Desktop/Code/WeatherDerivativePricing,2026-09-02T15:42:54+00:00,Wed Apr 12 18:25:31 2017,True
tavg,2007-09,scaled,https://www.ncei.noaa.gov/data/nclimgrid-daily/access/averages/2007/tavg-200709-cty-scaled.csv,raw/nclimgrid_daily/averages/2007/tavg-200709-cty-scaled.csv,2026-07-30T03:40:51+00:00,1093490,de53f620dfe9f5c16da49fe3399e82c7908fff312e7be651662d7cb98d259cb8,"""10af72-5e7a4d0281d2d""","Thu, 01 Sep 2022 22:05:36 GMT",https://www.ncei.noaa.gov/data/nclimgrid-daily/access/averages/2007/ncdd-200709-version.txt,raw/nclimgrid_daily/version/2007/ncdd-200709-version.txt,4b84c8beda6529bbc60c06e4fbe1ff45a0ba90b06f264f318f589e4ab2d0ee33,processed/nclimgrid_daily/county_tavg/2007/county_tavg_200709.csv,93210,"nclimgrid-daily_v1-0-0_snap2026-07-30, start: 1951-01, end: 2026-06, status: scaled}",/Users/andrewpark/Desktop/Code/WeatherDerivativePricing,2026-09-02T15:42:54+00:00,Wed Apr 12 18:26:30 2017,True
tavg,2007-10,scaled,https://www.ncei.noaa.gov/data/nclimgrid-daily/access/averages/2007/tavg-200710-cty-scaled.csv,raw/nclimgrid_daily/averages/2007/tavg-200710-cty-scaled.csv,2026-07-30T03:40:52+00:00,1093490,03916a5062d854d0134dd0f5f5fa8bb26a3ec6fbe05098901c4c263c1eeec2d1,"""10af72-5e7a4d174bd85""","Thu, 01 Sep 2022 22:05:58 GMT",https://www.ncei.noaa.gov/data/nclimgrid-daily/access/averages/2007/ncdd-200710-version.txt,raw/nclimgrid_daily/version/2007/ncdd-200710-version.txt,d634bfbcacf4d947b24d2842127d2b51ea2fdffbe7b3e9f67a6382a37ae47941,processed/nclimgrid_daily/county_tavg/2007/county_tavg_200710.csv,96317,"nclimgrid-daily_v1-0-0_snap2026-07-30, start: 1951-01, end: 2026-06, status: scaled}",/Users/andrewpark/Desktop/Code/WeatherDerivativePricing,2026-09-02T15:42:54+00:00,Wed Apr 12 18:27:42 2017,True
tavg,2007-11,scaled,https://www.ncei.noaa.gov/data/nclimgrid-daily/access/averages/2007/tavg-200711-cty-scaled.csv,raw/nclimgrid_daily/averages/2007/tavg-200711-cty-scaled.csv,2026-07-30T03:40:52+00:00,1093490,9aa8cc095b107c4e94b277219f0d8a977ae39a2d5cd5d02c6c544d1777c4af42,"""10af72-5e7a4d2c8b0dc""","Thu, 01 Sep 2022 22:06:20 GMT",https://www.ncei.noaa.gov/data/nclimgrid-daily/access/averages/2007/ncdd-200711-version.txt,raw/nclimgrid_daily/version/2007/ncdd-200711-version.txt,49357cdad037c038d8e06dd405f8ef4f4ce685173b318b340556f9e6ee854bbd,processed/nclimgrid_daily/county_tavg/2007/county_tavg_200711.csv,93210,"nclimgrid-daily_v1-0-0_snap2026-07-30, start: 1951-01, end: 2026-06, status: scaled}",/Users/andrewpark/Desktop/Code/WeatherDerivativePricing,2026-09-02T15:42:54+00:00,Wed Apr 12 18:28:32 2017,True
tavg,2007-12,scaled,https://www.ncei.noaa.gov/data/nclimgrid-daily/access/averages/2007/tavg-200712-cty-scaled.csv,raw/nclimgrid_daily/averages/2007/tavg-200712-cty-scaled.csv,2026-07-30T03:40:53+00:00,1093490,0ac70fb39db6cbcb790837ffeac1a67b07469748ff6f44960288ef6285d1881b,"""10af72-5e7a4d4167243""","Thu, 01 Sep 2022 22:06:42 GMT",https://www.ncei.noaa.gov/data/nclimgrid-daily/access/averages/2007/ncdd-200712-version.txt,raw/nclimgrid_daily/version/2007/ncdd-200712-version.txt,ee576ec526c4a7ce35dfe372f61af1be4e2f9f541ee99ef65ae52eaa2ab77364,processed/nclimgrid_daily/county_tavg/2007/county_tavg_200712.csv,96317,"nclimgrid-daily_v1-0-0_snap2026-07-30, start: 1951-01, end: 2026-06, status: scaled}",/Users/andrewpark/Desktop/Code/WeatherDerivativePricing,2026-09-02T15:42:54+00:00,Wed Apr 12 18:29:27 2017,True
tavg,2008-01,scaled,https://www.ncei.noaa.gov/data/nclimgrid-daily/access/averages/2008/tavg-200801-cty-scaled.csv,raw/nclimgrid_daily/averages/2008/tavg-200801-cty-scaled.csv,2026-07-30T03:40:55+00:00,1093490,f51bdd32764ffa7f90987d0511c2f451cae5b4ecf2782ce5eafdce56bee329fd,"""10af72-5e7a4d581ed0b""","Thu, 01 Sep 2022 22:07:06 GMT",https://www.ncei.noaa.gov/data/nclimgrid-daily/access/averages/2008/ncdd-200801-version.txt,raw/nclimgrid_daily/version/2008/ncdd-200801-version.txt,c98ad9ce69a3ac15c58d049d1327fb60314655b7f3832223cf7af5761eb2763c,processed/nclimgrid_daily/county_tavg/2008/county_tavg_200801.csv,96317,"nclimgrid-daily_v1-0-0_snap2026-07-30, start: 1951-01, end: 2026-06, status: scaled}",/Users/andrewpark/Desktop/Code/WeatherDerivativePricing,2026-09-02T15:42:54+00:00,Thu Apr 13 20:25:31 2017,True
tavg,2008-02,scaled,https://www.ncei.noaa.gov/data/nclimgrid-daily/access/averages/2008/tavg-200802-cty-scaled.csv,raw/nclimgrid_daily/averages/2008/tavg-200802-cty-scaled.csv,2026-07-30T03:40:55+00:00,1093490,cb57364df557eaa036a2a1806d4c5593d92de24c639f9e24f24416327bccb980,"""10af72-5e7a4d6d94392""","Thu, 01 Sep 2022 22:07:28 GMT",https://www.ncei.noaa.gov/data/nclimgrid-daily/access/averages/2008/ncdd-200802-version.txt,raw/nclimgrid_daily/version/2008/ncdd-200802-version.txt,fa7784ed3ff1f0be296198b1bdff4e17d6f4f431f824800bbebb8d6c54414cb3,processed/nclimgrid_daily/county_tavg/2008/county_tavg_200802.csv,90103,"nclimgrid-daily_v1-0-0_snap2026-07-30, start: 1951-01, end: 2026-06, status: scaled}",/Users/andrewpark/Desktop/Code/WeatherDerivativePricing,2026-09-02T15:42:54+00:00,Thu Apr 13 20:26:13 2017,True
tavg,2008-03,scaled,https://www.ncei.noaa.gov/data/nclimgrid-daily/access/averages/2008/tavg-200803-cty-scaled.csv,raw/nclimgrid_daily/averages/2008/tavg-200803-cty-scaled.csv,2026-07-30T03:40:56+00:00,1093490,acc9e83e5705a7084f93f04d2794269a013ad896687cd1e9ec61aa432665294a,"""10af72-5e7a4d81fc96a""","Thu, 01 Sep 2022 22:07:50 GMT",https://www.ncei.noaa.gov/data/nclimgrid-daily/access/averages/2008/ncdd-200803-version.txt,raw/nclimgrid_daily/version/2008/ncdd-200803-version.txt,b89704071b7c9d74f488df96d4a98792f9b2d6580a6e4318fbf9b8c39a3ff32f,processed/nclimgrid_daily/county_tavg/2008/county_tavg_200803.csv,96317,"nclimgrid-daily_v1-0-0_snap2026-07-30, start: 1951-01, end: 2026-06, status: scaled}",/Users/andrewpark/Desktop/Code/WeatherDerivativePricing,2026-09-02T15:42:54+00:00,Thu Apr 13 20:27:00 2017,True
tavg,2008-04,scaled,https://www.ncei.noaa.gov/data/nclimgrid-daily/access/averages/2008/tavg-200804-cty-scaled.csv,raw/nclimgrid_daily/averages/2008/tavg-200804-cty-scaled.csv,2026-07-30T03:40:56+00:00,1093490,c77ed6880b68aa75d5283fe4371d11da5baccafa691aedd8b040d7641e9c31c8,"""10af72-5e7a4d95ebdc1""","Thu, 01 Sep 2022 22:08:11 GMT",https://www.ncei.noaa.gov/data/nclimgrid-daily/access/averages/2008/ncdd-200804-version.txt,raw/nclimgrid_daily/version/2008/ncdd-200804-version.txt,91163172e3db5323412dc684df19ef1355f67885b54d40fe0d76549bac1fa189,processed/nclimgrid_daily/county_tavg/2008/county_tavg_200804.csv,93210,"nclimgrid-daily_v1-0-0_snap2026-07-30, start: 1951-01, end: 2026-06, status: scaled}",/Users/andrewpark/Desktop/Code/WeatherDerivativePricing,2026-09-02T15:42:54+00:00,Thu Apr 13 20:27:50 2017,True
tavg,2008-05,scaled,https://www.ncei.noaa.gov/data/nclimgrid-daily/access/averages/2008/tavg-200805-cty-scaled.csv,raw/nclimgrid_daily/averages/2008/tavg-200805-cty-scaled.csv,2026-07-30T03:40:57+00:00,1093490,4781e96575e69d9cdb44c88921a70eb67f466ce1c72cd7108750334314e915e5,"""10af72-5e7a4da871cd9""","Thu, 01 Sep 2022 22:08:30 GMT",https://www.ncei.noaa.gov/data/nclimgrid-daily/access/averages/2008/ncdd-200805-version.txt,raw/nclimgrid_daily/version/2008/ncdd-200805-version.txt,2df6033ff5caf6eb58b81b5e4ab681af986820fd366610d68cabf8b5ef7d33c3,processed/nclimgrid_daily/county_tavg/2008/county_tavg_200805.csv,96317,"nclimgrid-daily_v1-0-0_snap2026-07-30, start: 1951-01, end: 2026-06, status: scaled}",/Users/andrewpark/Desktop/Code/WeatherDerivativePricing,2026-09-02T15:42:54+00:00,Thu Apr 13 20:28:42 2017,True
tavg,2008-06,scaled,https://www.ncei.noaa.gov/data/nclimgrid-daily/access/averages/2008/tavg-200806-cty-scaled.csv,raw/nclimgrid_daily/averages/2008/tavg-200806-cty-scaled.csv,2026-07-30T03:40:58+00:00,1093490,cc23fa329e5574f2124a8ffe325424ea8f1ef13fd834f179cbd3679fc05b9776,"""10af72-5e7a4dbcebfd8""","Thu, 01 Sep 2022 22:08:51 GMT",https://www.ncei.noaa.gov/data/nclimgrid-daily/access/averages/2008/ncdd-200806-version.txt,raw/nclimgrid_daily/version/2008/ncdd-200806-version.txt,c2e17bc86687fe8152ad04608a110953777c136649c1b89f6ff455bc7439895c,processed/nclimgrid_daily/county_tavg/2008/county_tavg_200806.csv,93210,"nclimgrid-daily_v1-0-0_snap2026-07-30, start: 1951-01, end: 2026-06, status: scaled}",/Users/andrewpark/Desktop/Code/WeatherDerivativePricing,2026-09-02T15:42:54+00:00,Thu Apr 13 20:29:31 2017,True
tavg,2008-07,scaled,https://www.ncei.noaa.gov/data/nclimgrid-daily/access/averages/2008/tavg-200807-cty-scaled.csv,raw/nclimgrid_daily/averages/2008/tavg-200807-cty-scaled.csv,2026-07-30T03:40:58+00:00,1093490,f26b5d98dad333f6f86c24e5f0413254f3ba128eeb860b832466add182ea5dc2,"""10af72-5e7a4dd0d8d1f""","Thu, 01 Sep 2022 22:09:12 GMT",https://www.ncei.noaa.gov/data/nclimgrid-daily/access/averages/2008/ncdd-200807-version.txt,raw/nclimgrid_daily/version/2008/ncdd-200807-version.txt,3fa4357d4077a188fce2628f00d4fd7677148f28e313b256683ca8f39f100db6,processed/nclimgrid_daily/county_tavg/2008/county_tavg_200807.csv,96317,"nclimgrid-daily_v1-0-0_snap2026-07-30, start: 1951-01, end: 2026-06, status: scaled}",/Users/andrewpark/Desktop/Code/WeatherDerivativePricing,2026-09-02T15:42:54+00:00,Thu Apr 13 20:30:23 2017,True
tavg,2008-08,scaled,https://www.ncei.noaa.gov/data/nclimgrid-daily/access/averages/2008/tavg-200808-cty-scaled.csv,raw/nclimgrid_daily/averages/2008/tavg-200808-cty-scaled.csv,2026-07-30T03:40:59+00:00,1093490,9cae30fcb2f9a0ec79758560262ec9e20f2bce54718bf6b39e26120e6cde336b,"""10af72-5e7a4de70a377""","Thu, 01 Sep 2022 22:09:36 GMT",https://www.ncei.noaa.gov/data/nclimgrid-daily/access/averages/2008/ncdd-200808-version.txt,raw/nclimgrid_daily/version/2008/ncdd-200808-version.txt,52ecafc493f7ba2fb5983c81e75928f5306aba321f61a2ff54fe895a5ebcfab2,processed/nclimgrid_daily/county_tavg/2008/county_tavg_200808.csv,96317,"nclimgrid-daily_v1-0-0_snap2026-07-30, start: 1951-01, end: 2026-06, status: scaled}",/Users/andrewpark/Desktop/Code/WeatherDerivativePricing,2026-09-02T15:42:54+00:00,Thu Apr 13 20:31:18 2017,True
tavg,2008-09,scaled,https://www.ncei.noaa.gov/data/nclimgrid-daily/access/averages/2008/tavg-200809-cty-scaled.csv,raw/nclimgrid_daily/averages/2008/tavg-200809-cty-scaled.csv,2026-07-30T03:40:59+00:00,1093490,231e4f118b09d53410dc53532800a5270eef682ec9ca3eaf69a3eec2789ef91b,"""10af72-5e7a4dfbe35fe""","Thu, 01 Sep 2022 22:09:57 GMT",https://www.ncei.noaa.gov/data/nclimgrid-daily/access/averages/2008/ncdd-200809-version.txt,raw/nclimgrid_daily/version/2008/ncdd-200809-version.txt,aeb2b8e048764105754735ad8b491a76cec4926721e291a36ceba026d07d6b5b,processed/nclimgrid_daily/county_tavg/2008/county_tavg_200809.csv,93210,"nclimgrid-daily_v1-0-0_snap2026-07-30, start: 1951-01, end: 2026-06, status: scaled}",/Users/andrewpark/Desktop/Code/WeatherDerivativePricing,2026-09-02T15:42:54+00:00,Thu Apr 13 20:32:12 2017,True
tavg,2008-10,scaled,https://www.ncei.noaa.gov/data/nclimgrid-daily/access/averages/2008/tavg-200810-cty-scaled.csv,raw/nclimgrid_daily/averages/2008/tavg-200810-cty-scaled.csv,2026-07-30T03:41:00+00:00,1093490,8f8741850d89da68be31fb79ccfa04758d79bbc1723a196e84d74c747d31dbc0,"""10af72-5e7a4e107211e""","Thu, 01 Sep 2022 22:10:19 GMT",https://www.ncei.noaa.gov/data/nclimgrid-daily/access/averages/2008/ncdd-200810-version.txt,raw/nclimgrid_daily/version/2008/ncdd-200810-version.txt,c3a63a0ca292c36689f539747376a387872bd0fc530f7bcb371d017f78fdaa5e,processed/nclimgrid_daily/county_tavg/2008/county_tavg_200810.csv,96317,"nclimgrid-daily_v1-0-0_snap2026-07-30, start: 1951-01, end: 2026-06, status: scaled}",/Users/andrewpark/Desktop/Code/WeatherDerivativePricing,2026-09-02T15:42:54+00:00,Thu Apr 13 20:33:09 2017,True
tavg,2008-11,scaled,https://www.ncei.noaa.gov/data/nclimgrid-daily/access/averages/2008/tavg-200811-cty-scaled.csv,raw/nclimgrid_daily/averages/2008/tavg-200811-cty-scaled.csv,2026-07-30T03:41:01+00:00,1093490,d74d4bfa11a5e045133797607223faa1b40828ce306f97bfe61f19d1409c33c7,"""10af72-5e7a4e255442d""","Thu, 01 Sep 2022 22:10:41 GMT",https://www.ncei.noaa.gov/data/nclimgrid-daily/access/averages/2008/ncdd-200811-version.txt,raw/nclimgrid_daily/version/2008/ncdd-200811-version.txt,84ec315ba467cb5f3cd26d5d4c2d38a1db95840a6cb67500f251c6ce5664fe26,processed/nclimgrid_daily/county_tavg/2008/county_tavg_200811.csv,93210,"nclimgrid-daily_v1-0-0_snap2026-07-30, start: 1951-01, end: 2026-06, status: scaled}",/Users/andrewpark/Desktop/Code/WeatherDerivativePricing,2026-09-02T15:42:54+00:00,Thu Apr 13 20:34:01 2017,True
tavg,2008-12,scaled,https://www.ncei.noaa.gov/data/nclimgrid-daily/access/averages/2008/tavg-200812-cty-scaled.csv,raw/nclimgrid_daily/averages/2008/tavg-200812-cty-scaled.csv,2026-07-30T03:41:01+00:00,1093490,dcf7e50a7e7c14fffd7307f05473392f2966f4e27c07accb8b21ac9856570da8,"""10af72-5e7a4e3ac296c""","Thu, 01 Sep 2022 22:11:03 GMT",https://www.ncei.noaa.gov/data/nclimgrid-daily/access/averages/2008/ncdd-200812-version.txt,raw/nclimgrid_daily/version/2008/ncdd-200812-version.txt,fbbb35d3cd793a49ab915eb40c85a485d2b64e131e5bbd72a04102e3f4705a86,processed/nclimgrid_daily/county_tavg/2008/county_tavg_200812.csv,96317,"nclimgrid-daily_v1-0-0_snap2026-07-30, start: 1951-01, end: 2026-06, status: scaled}",/Users/andrewpark/Desktop/Code/WeatherDerivativePricing,2026-09-02T15:42:54+00:00,Thu Apr 13 20:34:57 2017,True
tavg,2009-01,scaled,https://www.ncei.noaa.gov/data/nclimgrid-daily/access/averages/2009/tavg-200901-cty-scaled.csv,raw/nclimgrid_daily/averages/2009/tavg-200901-cty-scaled.csv,2026-07-30T03:41:02+00:00,1093490,830969976e5393e2be5a8f745defb66aa9e19f7905d4dfb0aab9d84aa8a8dacc,"""10af72-5e7a4e4ea27ac""","Thu, 01 Sep 2022 22:11:24 GMT",https://www.ncei.noaa.gov/data/nclimgrid-daily/access/averages/2009/ncdd-200901-version.txt,raw/nclimgrid_daily/version/2009/ncdd-200901-version.txt,4dee5ae8a6f0a3f91b34362b240ab694218fc64ce02725d695a7950badc9212b,processed/nclimgrid_daily/county_tavg/2009/county_tavg_200901.csv,96317,"nclimgrid-daily_v1-0-0_snap2026-07-30, start: 1951-01, end: 2026-06, status: scaled}",/Users/andrewpark/Desktop/Code/WeatherDerivativePricing,2026-09-02T15:42:54+00:00,Sat Apr 15 01:58:17 2017,True
tavg,2009-02,scaled,https://www.ncei.noaa.gov/data/nclimgrid-daily/access/averages/2009/tavg-200902-cty-scaled.csv,raw/nclimgrid_daily/averages/2009/tavg-200902-cty-scaled.csv,2026-07-30T03:41:03+00:00,1093490,7d3dab75767d92862c4a2f5f9bd6811207e13f64f46c70b22e6578a81768a2ca,"""10af72-5e7a4e62ff203""","Thu, 01 Sep 2022 22:11:46 GMT",https://www.ncei.noaa.gov/data/nclimgrid-daily/access/averages/2009/ncdd-200902-version.txt,raw/nclimgrid_daily/version/2009/ncdd-200902-version.txt,efcd799b6d609ec2672e98b9b8c7e261d651bac1fe55773d98639f2599ad3093,processed/nclimgrid_daily/county_tavg/2009/county_tavg_200902.csv,86996,"nclimgrid-daily_v1-0-0_snap2026-07-30, start: 1951-01, end: 2026-06, status: scaled}",/Users/andrewpark/Desktop/Code/WeatherDerivativePricing,2026-09-02T15:42:54+00:00,Sat Apr 15 01:59:03 2017,True
tavg,2009-03,scaled,https://www.ncei.noaa.gov/data/nclimgrid-daily/access/averages/2009/tavg-200903-cty-scaled.csv,raw/nclimgrid_daily/averages/2009/tavg-200903-cty-scaled.csv,2026-07-30T03:41:04+00:00,1093490,7f206554db2b0e52c85d2f820b6f439cc1e300f30984ed6c8345014b4ea2d05f,"""10af72-5e7a4e76bd14b""","Thu, 01 Sep 2022 22:12:06 GMT",https://www.ncei.noaa.gov/data/nclimgrid-daily/access/averages/2009/ncdd-200903-version.txt,raw/nclimgrid_daily/version/2009/ncdd-200903-version.txt,367e358b9dc9479554eaf413f2af9ca904e22c574ca272bd40a4a39b44ea465d,processed/nclimgrid_daily/county_tavg/2009/county_tavg_200903.csv,96317,"nclimgrid-daily_v1-0-0_snap2026-07-30, start: 1951-01, end: 2026-06, status: scaled}",/Users/andrewpark/Desktop/Code/WeatherDerivativePricing,2026-09-02T15:42:54+00:00,Sat Apr 15 01:59:54 2017,True
tavg,2009-04,scaled,https://www.ncei.noaa.gov/data/nclimgrid-daily/access/averages/2009/tavg-200904-cty-scaled.csv,raw/nclimgrid_daily/averages/2009/tavg-200904-cty-scaled.csv,2026-07-30T03:41:04+00:00,1093490,b8a9323393687c8cadaedd836c9636f751ba11ddfdc60802a6b2de20f5320cd8,"""10af72-5e7a4e8960cf2""","Thu, 01 Sep 2022 22:12:26 GMT",https://www.ncei.noaa.gov/data/nclimgrid-daily/access/averages/2009/ncdd-200904-version.txt,raw/nclimgrid_daily/version/2009/ncdd-200904-version.txt,15bbf3b2b90972059625d22f710b10b3700720fc0babf1c62b6b75bad5a9f0ad,processed/nclimgrid_daily/county_tavg/2009/county_tavg_200904.csv,93210,"nclimgrid-daily_v1-0-0_snap2026-07-30, start: 1951-01, end: 2026-06, status: scaled}",/Users/andrewpark/Desktop/Code/WeatherDerivativePricing,2026-09-02T15:42:54+00:00,Sat Apr 15 02:00:53 2017,True
tavg,2009-05,scaled,https://www.ncei.noaa.gov/data/nclimgrid-daily/access/averages/2009/tavg-200905-cty-scaled.csv,raw/nclimgrid_daily/averages/2009/tavg-200905-cty-scaled.csv,2026-07-30T03:41:05+00:00,1093490,a0afbc00f95c4eb6f5d68f6469d36d07a52a1ebb390e1f76e39a76724b3e98ab,"""10af72-5e7a4e9dfb77a""","Thu, 01 Sep 2022 22:12:47 GMT",https://www.ncei.noaa.gov/data/nclimgrid-daily/access/averages/2009/ncdd-200905-version.txt,raw/nclimgrid_daily/version/2009/ncdd-200905-version.txt,98a63f05e2b0fe92b8246b8ea4d7eba25ab6651a0cf560c7337b03bf2906e484,processed/nclimgrid_daily/county_tavg/2009/county_tavg_200905.csv,96317,"nclimgrid-daily_v1-0-0_snap2026-07-30, start: 1951-01, end: 2026-06, status: scaled}",/Users/andrewpark/Desktop/Code/WeatherDerivativePricing,2026-09-02T15:42:54+00:00,Sat Apr 15 02:01:52 2017,True
tavg,2009-06,scaled,https://www.ncei.noaa.gov/data/nclimgrid-daily/access/averages/2009/tavg-200906-cty-scaled.csv,raw/nclimgrid_daily/averages/2009/tavg-200906-cty-scaled.csv,2026-07-30T03:41:05+00:00,1093490,1bf862fc286cac2b5f73b9ef1ff555e02af4816a1e94f7a31c248a18bc3a2c82,"""10af72-5e7a4eb177bf9""","Thu, 01 Sep 2022 22:13:08 GMT",https://www.ncei.noaa.gov/data/nclimgrid-daily/access/averages/2009/ncdd-200906-version.txt,raw/nclimgrid_daily/version/2009/ncdd-200906-version.txt,a80e9aa78c3f64a16b1f513fe29695afeaa6fe9f35a73505a07e1f1e1e7fa092,processed/nclimgrid_daily/county_tavg/2009/county_tavg_200906.csv,93210,"nclimgrid-daily_v1-0-0_snap2026-07-30, start: 1951-01, end: 2026-06, status: scaled}",/Users/andrewpark/Desktop/Code/WeatherDerivativePricing,2026-09-02T15:42:54+00:00,Sat Apr 15 02:02:53 2017,True
tavg,2009-07,scaled,https://www.ncei.noaa.gov/data/nclimgrid-daily/access/averages/2009/tavg-200907-cty-scaled.csv,raw/nclimgrid_daily/averages/2009/tavg-200907-cty-scaled.csv,2026-07-30T03:41:06+00:00,1093490,26941a6f9101ae5fd7463014985aa23685607b356f2198ae15c882f0804ba5e4,"""10af72-5e7a4ec654918""","Thu, 01 Sep 2022 22:13:30 GMT",https://www.ncei.noaa.gov/data/nclimgrid-daily/access/averages/2009/ncdd-200907-version.txt,raw/nclimgrid_daily/version/2009/ncdd-200907-version.txt,f80de38559832f6d95317ff71942c97c88ad11f54aa585ec6f9fdde81218b0b2,processed/nclimgrid_daily/county_tavg/2009/county_tavg_200907.csv,96317,"nclimgrid-daily_v1-0-0_snap2026-07-30, start: 1951-01, end: 2026-06, status: scaled}",/Users/andrewpark/Desktop/Code/WeatherDerivativePricing,2026-09-02T15:42:54+00:00,Sat Apr 15 02:03:50 2017,True
tavg,2009-08,scaled,https://www.ncei.noaa.gov/data/nclimgrid-daily/access/averages/2009/tavg-200908-cty-scaled.csv,raw/nclimgrid_daily/averages/2009/tavg-200908-cty-scaled.csv,2026-07-30T03:41:07+00:00,1093490,83952f868e2c5bef8653be32adefb7d311eb1dc4c48009f55f6c30fb31ad58df,"""10af72-5e7a4eda41660""","Thu, 01 Sep 2022 22:13:51 GMT",https://www.ncei.noaa.gov/data/nclimgrid-daily/access/averages/2009/ncdd-200908-version.txt,raw/nclimgrid_daily/version/2009/ncdd-200908-version.txt,e7944c472460ef73c40bf52a159e4314cd97c033006ce9f994c0142365ed66ce,processed/nclimgrid_daily/county_tavg/2009/county_tavg_200908.csv,96317,"nclimgrid-daily_v1-0-0_snap2026-07-30, start: 1951-01, end: 2026-06, status: scaled}",/Users/andrewpark/Desktop/Code/WeatherDerivativePricing,2026-09-02T15:42:54+00:00,Sat Apr 15 02:04:47 2017,True
tavg,2009-09,scaled,https://www.ncei.noaa.gov/data/nclimgrid-daily/access/averages/2009/tavg-200909-cty-scaled.csv,raw/nclimgrid_daily/averages/2009/tavg-200909-cty-scaled.csv,2026-07-30T03:41:07+00:00,1093490,e496506cd791f97e980268c39cc7c4c9951d892db4f3bb3780bd29665a0a627b,"""10af72-5e7a4eef27fbf""","Thu, 01 Sep 2022 22:14:13 GMT",https://www.ncei.noaa.gov/data/nclimgrid-daily/access/averages/2009/ncdd-200909-version.txt,raw/nclimgrid_daily/version/2009/ncdd-200909-version.txt,8923925a2f8c234d42812b1d8f999c3fd167119a622f3ca77878f4da840809ea,processed/nclimgrid_daily/county_tavg/2009/county_tavg_200909.csv,93210,"nclimgrid-daily_v1-0-0_snap2026-07-30, start: 1951-01, end: 2026-06, status: scaled}",/Users/andrewpark/Desktop/Code/WeatherDerivativePricing,2026-09-02T15:42:54+00:00,Sat Apr 15 02:05:44 2017,True
tavg,2009-10,scaled,https://www.ncei.noaa.gov/data/nclimgrid-daily/access/averages/2009/tavg-200910-cty-scaled.csv,raw/nclimgrid_daily/averages/2009/tavg-200910-cty-scaled.csv,2026-07-30T03:41:08+00:00,1093490,b805427418436fd36c95b02fc42d189ff4cd24c675c2a19a9d87bc6501eef6fa,"""10af72-5e7a4f02185f7""","Thu, 01 Sep 2022 22:14:32 GMT",https://www.ncei.noaa.gov/data/nclimgrid-daily/access/averages/2009/ncdd-200910-version.txt,raw/nclimgrid_daily/version/2009/ncdd-200910-version.txt,7c9e20bf7d359a65f42905a4b5e027311a79edc7404eb0e354aa458b8ee3dd34,processed/nclimgrid_daily/county_tavg/2009/county_tavg_200910.csv,96317,"nclimgrid-daily_v1-0-0_snap2026-07-30, start: 1951-01, end: 2026-06, status: scaled}",/Users/andrewpark/Desktop/Code/WeatherDerivativePricing,2026-09-02T15:42:54+00:00,Sat Apr 15 02:06:44 2017,True
tavg,2009-11,scaled,https://www.ncei.noaa.gov/data/nclimgrid-daily/access/averages/2009/tavg-200911-cty-scaled.csv,raw/nclimgrid_daily/averages/2009/tavg-200911-cty-scaled.csv,2026-07-30T03:41:09+00:00,1093490,50bd3ef50ad407fb013476a7ac64a780af1b025d032f98ccd626a056ee6d981f,"""10af72-5e7a4f14b3177""","Thu, 01 Sep 2022 22:14:52 GMT",https://www.ncei.noaa.gov/data/nclimgrid-daily/access/averages/2009/ncdd-200911-version.txt,raw/nclimgrid_daily/version/2009/ncdd-200911-version.txt,6e3b6955dc40a885afc14fdb91ca93a575228a8c0f8a33a2ada5145d4e473936,processed/nclimgrid_daily/county_tavg/2009/county_tavg_200911.csv,93210,"nclimgrid-daily_v1-0-0_snap2026-07-30, start: 1951-01, end: 2026-06, status: scaled}",/Users/andrewpark/Desktop/Code/WeatherDerivativePricing,2026-09-02T15:42:54+00:00,Sat Apr 15 02:07:44 2017,True
tavg,2009-12,scaled,https://www.ncei.noaa.gov/data/nclimgrid-daily/access/averages/2009/tavg-200912-cty-scaled.csv,raw/nclimgrid_daily/averages/2009/tavg-200912-cty-scaled.csv,2026-07-30T03:41:09+00:00,1093490,f0eef37e3dd290c659825d93184ba5bbfcef8a4a41686726b90dd7c6f39de7e7,"""10af72-5e7a4f29da217""","Thu, 01 Sep 2022 22:15:14 GMT",https://www.ncei.noaa.gov/data/nclimgrid-daily/access/averages/2009/ncdd-200912-version.txt,raw/nclimgrid_daily/version/2009/ncdd-200912-version.txt,757b4b6864373b166ceddcc3e2c318250e7747865808f23ecacef0002cc604e2,processed/nclimgrid_daily/county_tavg/2009/county_tavg_200912.csv,96317,"nclimgrid-daily_v1-0-0_snap2026-07-30, start: 1951-01, end: 2026-06, status: scaled}",/Users/andrewpark/Desktop/Code/WeatherDerivativePricing,2026-09-02T15:42:54+00:00,Sat Apr 15 02:08:46 2017,True
tavg,2010-01,scaled,https://www.ncei.noaa.gov/data/nclimgrid-daily/access/averages/2010/tavg-201001-cty-scaled.csv,raw/nclimgrid_daily/averages/2010/tavg-201001-cty-scaled.csv,2026-07-30T03:41:10+00:00,1093490,d726b0798f5b12a2376a0cb0e82685d374f014b968f1740803fd645a92b1b5f3,"""10af72-5e7a4f3ed7aa6""","Thu, 01 Sep 2022 22:15:36 GMT",https://www.ncei.noaa.gov/data/nclimgrid-daily/access/averages/2010/ncdd-201001-version.txt,raw/nclimgrid_daily/version/2010/ncdd-201001-version.txt,6f83ac368569142c9bf0580356925fc5be6fc1ffce1d6a4f42e12d6997cdd420,processed/nclimgrid_daily/county_tavg/2010/county_tavg_201001.csv,96317,"nclimgrid-daily_v1-0-0_snap2026-07-30, start: 1951-01, end: 2026-06, status: scaled}",/Users/andrewpark/Desktop/Code/WeatherDerivativePricing,2026-09-02T15:42:54+00:00,Sun Apr 16 09:22:50 2017,True
tavg,2010-02,scaled,https://www.ncei.noaa.gov/data/nclimgrid-daily/access/averages/2010/tavg-201002-cty-scaled.csv,raw/nclimgrid_daily/averages/2010/tavg-201002-cty-scaled.csv,2026-07-30T03:41:11+00:00,1093490,b190c593816497ab1f176d19d41b0530c0fcc6daf34a9308bb5bc1cd140c99a5,"""10af72-5e7a4f53dbcae""","Thu, 01 Sep 2022 22:15:58 GMT",https://www.ncei.noaa.gov/data/nclimgrid-daily/access/averages/2010/ncdd-201002-version.txt,raw/nclimgrid_daily/version/2010/ncdd-201002-version.txt,a4fa3ee5622d9ba4dd0c5c1107cc528ef07421036561f2dac3179dac6df22b4d,processed/nclimgrid_daily/county_tavg/2010/county_tavg_201002.csv,86996,"nclimgrid-daily_v1-0-0_snap2026-07-30, start: 1951-01, end: 2026-06, status: scaled}",/Users/andrewpark/Desktop/Code/WeatherDerivativePricing,2026-09-02T15:42:54+00:00,Sun Apr 16 09:23:41 2017,True
tavg,2010-03,scaled,https://www.ncei.noaa.gov/data/nclimgrid-daily/access/averages/2010/tavg-201003-cty-scaled.csv,raw/nclimgrid_daily/averages/2010/tavg-201003-cty-scaled.csv,2026-07-30T03:41:11+00:00,1093490,ba89914796a886d40d9aebb385e3b96cc59815d4c6f30b98ebd8fcf12fafe70c,"""10af72-5e7a4f682f67d""","Thu, 01 Sep 2022 22:16:19 GMT",https://www.ncei.noaa.gov/data/nclimgrid-daily/access/averages/2010/ncdd-201003-version.txt,raw/nclimgrid_daily/version/2010/ncdd-201003-version.txt,8b0ca9ba7ba0c513f44a6d8d152d1db1a5e7cfde45e5eb27c16a76fb5375c762,processed/nclimgrid_daily/county_tavg/2010/county_tavg_201003.csv,96317,"nclimgrid-daily_v1-0-0_snap2026-07-30, start: 1951-01, end: 2026-06, status: scaled}",/Users/andrewpark/Desktop/Code/WeatherDerivativePricing,2026-09-02T15:42:54+00:00,Sun Apr 16 09:24:40 2017,True
tavg,2010-04,scaled,https://www.ncei.noaa.gov/data/nclimgrid-daily/access/averages/2010/tavg-201004-cty-scaled.csv,raw/nclimgrid_daily/averages/2010/tavg-201004-cty-scaled.csv,2026-07-30T03:41:12+00:00,1093490,ca19e4d2d5ab075bed5b4395fdc8a2e75d9630d71e0b2eb88029e4154d3a61d4,"""10af72-5e7a4f7f71fec""","Thu, 01 Sep 2022 22:16:44 GMT",https://www.ncei.noaa.gov/data/nclimgrid-daily/access/averages/2010/ncdd-201004-version.txt,raw/nclimgrid_daily/version/2010/ncdd-201004-version.txt,a4a170666f0c80d991124a5652d57e98519723cd76e96c10ac9e56a90089cb52,processed/nclimgrid_daily/county_tavg/2010/county_tavg_201004.csv,93210,"nclimgrid-daily_v1-0-0_snap2026-07-30, start: 1951-01, end: 2026-06, status: scaled}",/Users/andrewpark/Desktop/Code/WeatherDerivativePricing,2026-09-02T15:42:54+00:00,Sun Apr 16 09:25:38 2017,True
tavg,2010-05,scaled,https://www.ncei.noaa.gov/data/nclimgrid-daily/access/averages/2010/tavg-201005-cty-scaled.csv,raw/nclimgrid_daily/averages/2010/tavg-201005-cty-scaled.csv,2026-07-30T03:41:12+00:00,1093490,fb9ef9135a108bb5109c8b7f5c126f8151eb27e3f540e0b44e2bc3720bb33475,"""10af72-5e7a4f94d3624""","Thu, 01 Sep 2022 22:17:06 GMT",https://www.ncei.noaa.gov/data/nclimgrid-daily/access/averages/2010/ncdd-201005-version.txt,raw/nclimgrid_daily/version/2010/ncdd-201005-version.txt,3993f47ee5f79164de9dc3364428c66896c9eb40b13ff564e09cdc4117239efa,processed/nclimgrid_daily/county_tavg/2010/county_tavg_201005.csv,96317,"nclimgrid-daily_v1-0-0_snap2026-07-30, start: 1951-01, end: 2026-06, status: scaled}",/Users/andrewpark/Desktop/Code/WeatherDerivativePricing,2026-09-02T15:42:54+00:00,Sun Apr 16 09:26:36 2017,True
tavg,2010-06,scaled,https://www.ncei.noaa.gov/data/nclimgrid-daily/access/averages/2010/tavg-201006-cty-scaled.csv,raw/nclimgrid_daily/averages/2010/tavg-201006-cty-scaled.csv,2026-07-30T03:41:13+00:00,1093490,ac8b32d1d26e03d89d335cb7088ba0f6af4fb61da5f26cbbbf34df4dbdbdafa6,"""10af72-5e7a4faa2e2e3""","Thu, 01 Sep 2022 22:17:29 GMT",https://www.ncei.noaa.gov/data/nclimgrid-daily/access/averages/2010/ncdd-201006-version.txt,raw/nclimgrid_daily/version/2010/ncdd-201006-version.txt,3fc8dcc08e07b944ca111a2719541a3f31a7ad00e8c2911843f4f8f9ea0a21f7,processed/nclimgrid_daily/county_tavg/2010/county_tavg_201006.csv,93210,"nclimgrid-daily_v1-0-0_snap2026-07-30, start: 1951-01, end: 2026-06, status: scaled}",/Users/andrewpark/Desktop/Code/WeatherDerivativePricing,2026-09-02T15:42:54+00:00,Sun Apr 16 09:27:36 2017,True
tavg,2010-07,scaled,https://www.ncei.noaa.gov/data/nclimgrid-daily/access/averages/2010/tavg-201007-cty-scaled.csv,raw/nclimgrid_daily/averages/2010/tavg-201007-cty-scaled.csv,2026-07-30T03:41:14+00:00,1093490,fd8e31aa3b8175aa6d3fd01d335f8b07efc1c19dc1863af0992559cc97c4ba71,"""10af72-5e7a4fc1241c2""","Thu, 01 Sep 2022 22:17:53 GMT",https://www.ncei.noaa.gov/data/nclimgrid-daily/access/averages/2010/ncdd-201007-version.txt,raw/nclimgrid_daily/version/2010/ncdd-201007-version.txt,5227ef9cd5248a316aa2db56804505f273a99ab45a1d03b604fe69cb4ac07d28,processed/nclimgrid_daily/county_tavg/2010/county_tavg_201007.csv,96317,"nclimgrid-daily_v1-0-0_snap2026-07-30, start: 1951-01, end: 2026-06, status: scaled}",/Users/andrewpark/Desktop/Code/WeatherDerivativePricing,2026-09-02T15:42:54+00:00,Sun Apr 16 09:28:37 2017,True
tavg,2010-08,scaled,https://www.ncei.noaa.gov/data/nclimgrid-daily/access/averages/2010/tavg-201008-cty-scaled.csv,raw/nclimgrid_daily/averages/2010/tavg-201008-cty-scaled.csv,2026-07-30T03:41:15+00:00,1093490,8be66e76d0661cc161d0698307c49d9c5de203974c851c64291dfd44f5de1370,"""10af72-5e7a4fd611882""","Thu, 01 Sep 2022 22:18:15 GMT",https://www.ncei.noaa.gov/data/nclimgrid-daily/access/averages/2010/ncdd-201008-version.txt,raw/nclimgrid_daily/version/2010/ncdd-201008-version.txt,7a51a5c6eb50fdef9b2cd3fc94e0abe94a2f370327d1b65c78ac0f2c0f78beb3,processed/nclimgrid_daily/county_tavg/2010/county_tavg_201008.csv,96317,"nclimgrid-daily_v1-0-0_snap2026-07-30, start: 1951-01, end: 2026-06, status: scaled}",/Users/andrewpark/Desktop/Code/WeatherDerivativePricing,2026-09-02T15:42:54+00:00,Sun Apr 16 09:29:39 2017,True
tavg,2010-09,scaled,https://www.ncei.noaa.gov/data/nclimgrid-daily/access/averages/2010/tavg-201009-cty-scaled.csv,raw/nclimgrid_daily/averages/2010/tavg-201009-cty-scaled.csv,2026-07-30T03:41:15+00:00,1093490,024ec21ce38be9f3e4799126733f666ea429e6f7c41f4e88682665cfc41e65c9,"""10af72-5e7a4feaa3669""","Thu, 01 Sep 2022 22:18:36 GMT",https://www.ncei.noaa.gov/data/nclimgrid-daily/access/averages/2010/ncdd-201009-version.txt,raw/nclimgrid_daily/version/2010/ncdd-201009-version.txt,b19d8bc1eaa00ccc3d8a4a8b45a6f6ca60abe95548113acb98f798f75387462b,processed/nclimgrid_daily/county_tavg/2010/county_tavg_201009.csv,93210,"nclimgrid-daily_v1-0-0_snap2026-07-30, start: 1951-01, end: 2026-06, status: scaled}",/Users/andrewpark/Desktop/Code/WeatherDerivativePricing,2026-09-02T15:42:54+00:00,Sun Apr 16 09:30:38 2017,True
tavg,2010-10,scaled,https://www.ncei.noaa.gov/data/nclimgrid-daily/access/averages/2010/tavg-201010-cty-scaled.csv,raw/nclimgrid_daily/averages/2010/tavg-201010-cty-scaled.csv,2026-07-30T03:41:16+00:00,1093490,5817b77cbbeac17292d370633ffea6a2454bad74548125c5875bf5157ca7be5d,"""10af72-5e7a4ffee08d9""","Thu, 01 Sep 2022 22:18:57 GMT",https://www.ncei.noaa.gov/data/nclimgrid-daily/access/averages/2010/ncdd-201010-version.txt,raw/nclimgrid_daily/version/2010/ncdd-201010-version.txt,604e7c73ae86b0419a99926e40458acd30227329bd9d5cc5dd5790855b74ff18,processed/nclimgrid_daily/county_tavg/2010/county_tavg_201010.csv,96317,"nclimgrid-daily_v1-0-0_snap2026-07-30, start: 1951-01, end: 2026-06, status: scaled}",/Users/andrewpark/Desktop/Code/WeatherDerivativePricing,2026-09-02T15:42:54+00:00,Sun Apr 16 09:31:41 2017,True
tavg,2010-11,scaled,https://www.ncei.noaa.gov/data/nclimgrid-daily/access/averages/2010/tavg-201011-cty-scaled.csv,raw/nclimgrid_daily/averages/2010/tavg-201011-cty-scaled.csv,2026-07-30T03:41:17+00:00,1093490,75d0a5d20bf5aaf912aa0973f01053455507a8f548a63d5362efb4913b38a06d,"""10af72-5e7a50127d8c8""","Thu, 01 Sep 2022 22:19:18 GMT",https://www.ncei.noaa.gov/data/nclimgrid-daily/access/averages/2010/ncdd-201011-version.txt,raw/nclimgrid_daily/version/2010/ncdd-201011-version.txt,a0325e3071509d6a65e984e4d58e8ae1dfdaff80afbe8f4ee378c94e03312223,processed/nclimgrid_daily/county_tavg/2010/county_tavg_201011.csv,93210,"nclimgrid-daily_v1-0-0_snap2026-07-30, start: 1951-01, end: 2026-06, status: scaled}",/Users/andrewpark/Desktop/Code/WeatherDerivativePricing,2026-09-02T15:42:54+00:00,Sun Apr 16 09:32:41 2017,True
tavg,2010-12,scaled,https://www.ncei.noaa.gov/data/nclimgrid-daily/access/averages/2010/tavg-201012-cty-scaled.csv,raw/nclimgrid_daily/averages/2010/tavg-201012-cty-scaled.csv,2026-07-30T03:41:17+00:00,1093490,40c9c9043e2555d7c4048e337b7be06b4653820c0d43732a9e40706651472f2b,"""10af72-5e7a5025d5f10""","Thu, 01 Sep 2022 22:19:38 GMT",https://www.ncei.noaa.gov/data/nclimgrid-daily/access/averages/2010/ncdd-201012-version.txt,raw/nclimgrid_daily/version/2010/ncdd-201012-version.txt,3e15c4a5f4470ab1c9b04ce849a2b06c8c71334c8cc62c278e081f266b75f9ba,processed/nclimgrid_daily/county_tavg/2010/county_tavg_201012.csv,96317,"nclimgrid-daily_v1-0-0_snap2026-07-30, start: 1951-01, end: 2026-06, status: scaled}",/Users/andrewpark/Desktop/Code/WeatherDerivativePricing,2026-09-02T15:42:54+00:00,Sun Apr 16 09:33:44 2017,True
tavg,2011-01,scaled,https://www.ncei.noaa.gov/data/nclimgrid-daily/access/averages/2011/tavg-201101-cty-scaled.csv,raw/nclimgrid_daily/averages/2011/tavg-201101-cty-scaled.csv,2026-07-30T03:41:18+00:00,1093490,356d346b231fc67d74f234d42f5d81aa1981ae7d2807bc9654fbea1190f7a5e4,"""10af72-5e7a503aec60f""","Thu, 01 Sep 2022 22:20:00 GMT",https://www.ncei.noaa.gov/data/nclimgrid-daily/access/averages/2011/ncdd-201101-version.txt,raw/nclimgrid_daily/version/2011/ncdd-201101-version.txt,9aa81a2d7a25ad4e0ac8b50197ed86f662854cf48c97e4ac61e9f63a479ad471,processed/nclimgrid_daily/county_tavg/2011/county_tavg_201101.csv,96317,"nclimgrid-daily_v1-0-0_snap2026-07-30, start: 1951-01, end: 2026-06, status: scaled}",/Users/andrewpark/Desktop/Code/WeatherDerivativePricing,2026-09-02T15:42:54+00:00,Mon Apr 17 16:39:58 2017,True
tavg,2011-02,scaled,https://www.ncei.noaa.gov/data/nclimgrid-daily/access/averages/2011/tavg-201102-cty-scaled.csv,raw/nclimgrid_daily/averages/2011/tavg-201102-cty-scaled.csv,2026-07-30T03:41:18+00:00,1093490,1bcd2503b3bc36a2ef86f1bf1622665f1dc315d4939f26cdb8642de33efae8fe,"""10af72-5e7a505271216""","Thu, 01 Sep 2022 22:20:25 GMT",https://www.ncei.noaa.gov/data/nclimgrid-daily/access/averages/2011/ncdd-201102-version.txt,raw/nclimgrid_daily/version/2011/ncdd-201102-version.txt,92718ee9c55d3b30655d97a6a02d9c51c4bc1c8c185d5c255713742a990e0e4a,processed/nclimgrid_daily/county_tavg/2011/county_tavg_201102.csv,86996,"nclimgrid-daily_v1-0-0_snap2026-07-30, start: 1951-01, end: 2026-06, status: scaled}",/Users/andrewpark/Desktop/Code/WeatherDerivativePricing,2026-09-02T15:42:54+00:00,Mon Apr 17 16:41:01 2017,True
tavg,2011-03,scaled,https://www.ncei.noaa.gov/data/nclimgrid-daily/access/averages/2011/tavg-201103-cty-scaled.csv,raw/nclimgrid_daily/averages/2011/tavg-201103-cty-scaled.csv,2026-07-30T03:41:19+00:00,1093490,81cecda3bb8e7cbf273c6e2a6fa20b1e09dc4c483221cb0aae6e2c75ee5796aa,"""10af72-5e7a5066625ae""","Thu, 01 Sep 2022 22:20:46 GMT",https://www.ncei.noaa.gov/data/nclimgrid-daily/access/averages/2011/ncdd-201103-version.txt,raw/nclimgrid_daily/version/2011/ncdd-201103-version.txt,8ded3243f64c6d5c4b19b91d20f0bac3f1c4c06c3d0758c5492bb6cc6c9a5d6c,processed/nclimgrid_daily/county_tavg/2011/county_tavg_201103.csv,96317,"nclimgrid-daily_v1-0-0_snap2026-07-30, start: 1951-01, end: 2026-06, status: scaled}",/Users/andrewpark/Desktop/Code/WeatherDerivativePricing,2026-09-02T15:42:54+00:00,Mon Apr 17 16:42:07 2017,True
tavg,2011-04,scaled,https://www.ncei.noaa.gov/data/nclimgrid-daily/access/averages/2011/tavg-201104-cty-scaled.csv,raw/nclimgrid_daily/averages/2011/tavg-201104-cty-scaled.csv,2026-07-30T03:41:20+00:00,1093490,7c85078324c8e3b84b68915113e2e6ce45e45c041a090288da46729c2adfe11e,"""10af72-5e7a507b221f5""","Thu, 01 Sep 2022 22:21:08 GMT",https://www.ncei.noaa.gov/data/nclimgrid-daily/access/averages/2011/ncdd-201104-version.txt,raw/nclimgrid_daily/version/2011/ncdd-201104-version.txt,428d9c03a548222a3056028b55421b244a5493c19e8cbaaecc88cdb6f31ab5a2,processed/nclimgrid_daily/county_tavg/2011/county_tavg_201104.csv,93210,"nclimgrid-daily_v1-0-0_snap2026-07-30, start: 1951-01, end: 2026-06, status: scaled}",/Users/andrewpark/Desktop/Code/WeatherDerivativePricing,2026-09-02T15:42:54+00:00,Mon Apr 17 16:43:14 2017,True
tavg,2011-05,scaled,https://www.ncei.noaa.gov/data/nclimgrid-daily/access/averages/2011/tavg-201105-cty-scaled.csv,raw/nclimgrid_daily/averages/2011/tavg-201105-cty-scaled.csv,2026-07-30T03:41:20+00:00,1093490,d749fb87dbdfb21c5197f5b8d1c51b8519ef07df17a37277df2e8e6707c53d76,"""10af72-5e7a5091baca5""","Thu, 01 Sep 2022 22:21:31 GMT",https://www.ncei.noaa.gov/data/nclimgrid-daily/access/averages/2011/ncdd-201105-version.txt,raw/nclimgrid_daily/version/2011/ncdd-201105-version.txt,8ddcc8534642d9353b8b279db8757d7bae46a9add34afc9e9eb212972ece4bb7,processed/nclimgrid_daily/county_tavg/2011/county_tavg_201105.csv,96317,"nclimgrid-daily_v1-0-0_snap2026-07-30, start: 1951-01, end: 2026-06, status: scaled}",/Users/andrewpark/Desktop/Code/WeatherDerivativePricing,2026-09-02T15:42:54+00:00,Mon Apr 17 16:44:19 2017,True
tavg,2011-06,scaled,https://www.ncei.noaa.gov/data/nclimgrid-daily/access/averages/2011/tavg-201106-cty-scaled.csv,raw/nclimgrid_daily/averages/2011/tavg-201106-cty-scaled.csv,2026-07-30T03:41:21+00:00,1093490,ec97cec4461b7a2070ed7d984ab8eed1ba49c2bc75e1256232932af737fd813f,"""10af72-5e7a50a5d8344""","Thu, 01 Sep 2022 22:21:53 GMT",https://www.ncei.noaa.gov/data/nclimgrid-daily/access/averages/2011/ncdd-201106-version.txt,raw/nclimgrid_daily/version/2011/ncdd-201106-version.txt,5501eabdc0ee573284c7a338c966653158258313e6de9cba147ac92774544fdc,processed/nclimgrid_daily/county_tavg/2011/county_tavg_201106.csv,93210,"nclimgrid-daily_v1-0-0_snap2026-07-30, start: 1951-01, end: 2026-06, status: scaled}",/Users/andrewpark/Desktop/Code/WeatherDerivativePricing,2026-09-02T15:42:54+00:00,Mon Apr 17 16:45:19 2017,True
tavg,2011-07,scaled,https://www.ncei.noaa.gov/data/nclimgrid-daily/access/averages/2011/tavg-201107-cty-scaled.csv,raw/nclimgrid_daily/averages/2011/tavg-201107-cty-scaled.csv,2026-07-30T03:41:22+00:00,1093490,204d1697dc575fbc99d9f83a18aa34969f48c4802f76b4701fd172d348fd9cd7,"""10af72-5e7a50bcaea3b""","Thu, 01 Sep 2022 22:22:17 GMT",https://www.ncei.noaa.gov/data/nclimgrid-daily/access/averages/2011/ncdd-201107-version.txt,raw/nclimgrid_daily/version/2011/ncdd-201107-version.txt,2fcccc5f399a5155b4e905ede7236702a6c2cbd23fbf74856d02df00c17c7e4e,processed/nclimgrid_daily/county_tavg/2011/county_tavg_201107.csv,96317,"nclimgrid-daily_v1-0-0_snap2026-07-30, start: 1951-01, end: 2026-06, status: scaled}",/Users/andrewpark/Desktop/Code/WeatherDerivativePricing,2026-09-02T15:42:54+00:00,Mon Apr 17 16:46:21 2017,True
tavg,2011-08,scaled,https://www.ncei.noaa.gov/data/nclimgrid-daily/access/averages/2011/tavg-201108-cty-scaled.csv,raw/nclimgrid_daily/averages/2011/tavg-201108-cty-scaled.csv,2026-07-30T03:41:22+00:00,1093490,8afc77ed4c1d0366698c4c5ae7e8bb3c654750280b2fe9d5bf3b5a84d8b39674,"""10af72-5e7a50d193073""","Thu, 01 Sep 2022 22:22:38 GMT",https://www.ncei.noaa.gov/data/nclimgrid-daily/access/averages/2011/ncdd-201108-version.txt,raw/nclimgrid_daily/version/2011/ncdd-201108-version.txt,f4329925ab85bdf9013bbf580c049e13ae9df4364bdb0fdfbb2b9b53e3d5a5fe,processed/nclimgrid_daily/county_tavg/2011/county_tavg_201108.csv,96317,"nclimgrid-daily_v1-0-0_snap2026-07-30, start: 1951-01, end: 2026-06, status: scaled}",/Users/andrewpark/Desktop/Code/WeatherDerivativePricing,2026-09-02T15:42:54+00:00,Mon Apr 17 16:47:24 2017,True
tavg,2011-09,scaled,https://www.ncei.noaa.gov/data/nclimgrid-daily/access/averages/2011/tavg-201109-cty-scaled.csv,raw/nclimgrid_daily/averages/2011/tavg-201109-cty-scaled.csv,2026-07-30T03:41:23+00:00,1093490,a1ad27519d092c7c19e74de173ecef05bade277fe64c0dd2bdef28546a9be7ae,"""10af72-5e7a50e9d635a""","Thu, 01 Sep 2022 22:23:04 GMT",https://www.ncei.noaa.gov/data/nclimgrid-daily/access/averages/2011/ncdd-201109-version.txt,raw/nclimgrid_daily/version/2011/ncdd-201109-version.txt,5effa4bc7d7439bf93d2ee31cf78650fab1ecb85327cf5229b0ede8cdfffcd15,processed/nclimgrid_daily/county_tavg/2011/county_tavg_201109.csv,93210,"nclimgrid-daily_v1-0-0_snap2026-07-30, start: 1951-01, end: 2026-06, status: scaled}",/Users/andrewpark/Desktop/Code/WeatherDerivativePricing,2026-09-02T15:42:54+00:00,Mon Apr 17 16:48:29 2017,True
tavg,2011-10,scaled,https://www.ncei.noaa.gov/data/nclimgrid-daily/access/averages/2011/tavg-201110-cty-scaled.csv,raw/nclimgrid_daily/averages/2011/tavg-201110-cty-scaled.csv,2026-07-30T03:41:24+00:00,1093490,ca4ea7757f8981243278a3c072ec45e98cfc2a9638b38dda376606185fe5a8c2,"""10af72-5e7a50ffbb6f1""","Thu, 01 Sep 2022 22:23:27 GMT",https://www.ncei.noaa.gov/data/nclimgrid-daily/access/averages/2011/ncdd-201110-version.txt,raw/nclimgrid_daily/version/2011/ncdd-201110-version.txt,02a224b17b663371c2a9ba88f5418027690c48ec71cddb31aa017ffc456b98e5,processed/nclimgrid_daily/county_tavg/2011/county_tavg_201110.csv,96317,"nclimgrid-daily_v1-0-0_snap2026-07-30, start: 1951-01, end: 2026-06, status: scaled}",/Users/andrewpark/Desktop/Code/WeatherDerivativePricing,2026-09-02T15:42:54+00:00,Mon Apr 17 16:49:34 2017,True
tavg,2011-11,scaled,https://www.ncei.noaa.gov/data/nclimgrid-daily/access/averages/2011/tavg-201111-cty-scaled.csv,raw/nclimgrid_daily/averages/2011/tavg-201111-cty-scaled.csv,2026-07-30T03:41:24+00:00,1093490,5de8342d0e685d81182ebeaeac9f9f091b0f7fc5202107779b6bd882a8432180,"""10af72-5e7a5113e4141""","Thu, 01 Sep 2022 22:23:48 GMT",https://www.ncei.noaa.gov/data/nclimgrid-daily/access/averages/2011/ncdd-201111-version.txt,raw/nclimgrid_daily/version/2011/ncdd-201111-version.txt,2a46adf16ffb3778be58ff0da95070d6f3d820a01039dbc6a3a175b4d53e9281,processed/nclimgrid_daily/county_tavg/2011/county_tavg_201111.csv,93210,"nclimgrid-daily_v1-0-0_snap2026-07-30, start: 1951-01, end: 2026-06, status: scaled}",/Users/andrewpark/Desktop/Code/WeatherDerivativePricing,2026-09-02T15:42:54+00:00,Mon Apr 17 16:50:40 2017,True
tavg,2011-12,scaled,https://www.ncei.noaa.gov/data/nclimgrid-daily/access/averages/2011/tavg-201112-cty-scaled.csv,raw/nclimgrid_daily/averages/2011/tavg-201112-cty-scaled.csv,2026-07-30T03:41:25+00:00,1093490,a47fef3ba476b27cc10ff3315a60622cea034d5cd2fc5f4730edfb7a11072cf4,"""10af72-5e7a5127a3028""","Thu, 01 Sep 2022 22:24:09 GMT",https://www.ncei.noaa.gov/data/nclimgrid-daily/access/averages/2011/ncdd-201112-version.txt,raw/nclimgrid_daily/version/2011/ncdd-201112-version.txt,ea890ec156b580f7ea53b784870fbdffe533aa64570f0b3e47b552f4afe59ef4,processed/nclimgrid_daily/county_tavg/2011/county_tavg_201112.csv,96317,"nclimgrid-daily_v1-0-0_snap2026-07-30, start: 1951-01, end: 2026-06, status: scaled}",/Users/andrewpark/Desktop/Code/WeatherDerivativePricing,2026-09-02T15:42:54+00:00,Mon Apr 17 16:51:47 2017,True
tavg,2012-01,scaled,https://www.ncei.noaa.gov/data/nclimgrid-daily/access/averages/2012/tavg-201201-cty-scaled.csv,raw/nclimgrid_daily/averages/2012/tavg-201201-cty-scaled.csv,2026-07-30T03:41:26+00:00,1093490,aa9a34cfff38deb0a3e075b06ffcdd206042b051f9930d5cbf82cca01ed8c71c,"""10af72-5e7a513bfd758""","Thu, 01 Sep 2022 22:24:30 GMT",https://www.ncei.noaa.gov/data/nclimgrid-daily/access/averages/2012/ncdd-201201-version.txt,raw/nclimgrid_daily/version/2012/ncdd-201201-version.txt,b2f9d1ae2d1a4ba235bd8f7a98e1b52e49dfe98247d775a04db1f2e29436af12,processed/nclimgrid_daily/county_tavg/2012/county_tavg_201201.csv,96317,"nclimgrid-daily_v1-0-0_snap2026-07-30, start: 1951-01, end: 2026-06, status: scaled}",/Users/andrewpark/Desktop/Code/WeatherDerivativePricing,2026-09-02T15:42:54+00:00,Sat Apr 22 05:12:52 2017,True
tavg,2012-02,scaled,https://www.ncei.noaa.gov/data/nclimgrid-daily/access/averages/2012/tavg-201202-cty-scaled.csv,raw/nclimgrid_daily/averages/2012/tavg-201202-cty-scaled.csv,2026-07-30T03:41:26+00:00,1093490,b9046cfeb6b16f6a91655b6abd32b2bc8baf98f875e997b7b5dbca197f462242,"""10af72-5e7a51516d7ef""","Thu, 01 Sep 2022 22:24:52 GMT",https://www.ncei.noaa.gov/data/nclimgrid-daily/access/averages/2012/ncdd-201202-version.txt,raw/nclimgrid_daily/version/2012/ncdd-201202-version.txt,94afc3edd9f2d0d7f41b53c4ac21ef7d031dfdc213be161fb78581f208d1669b,processed/nclimgrid_daily/county_tavg/2012/county_tavg_201202.csv,90103,"nclimgrid-daily_v1-0-0_snap2026-07-30, start: 1951-01, end: 2026-06, status: scaled}",/Users/andrewpark/Desktop/Code/WeatherDerivativePricing,2026-09-02T15:42:54+00:00,Sat Apr 22 05:13:42 2017,True
tavg,2012-03,scaled,https://www.ncei.noaa.gov/data/nclimgrid-daily/access/averages/2012/tavg-201203-cty-scaled.csv,raw/nclimgrid_daily/averages/2012/tavg-201203-cty-scaled.csv,2026-07-30T03:41:27+00:00,1093490,2c1a3c8a172bc1298590678c8dca163301f2b61cf3e548d00c1704005c9f250e,"""10af72-5e7a5166c1367""","Thu, 01 Sep 2022 22:25:15 GMT",https://www.ncei.noaa.gov/data/nclimgrid-daily/access/averages/2012/ncdd-201203-version.txt,raw/nclimgrid_daily/version/2012/ncdd-201203-version.txt,222da3e27019ce2925ec4659b3f424e7ef606206bfdfdaee8977bd02a47c61d7,processed/nclimgrid_daily/county_tavg/2012/county_tavg_201203.csv,96317,"nclimgrid-daily_v1-0-0_snap2026-07-30, start: 1951-01, end: 2026-06, status: scaled}",/Users/andrewpark/Desktop/Code/WeatherDerivativePricing,2026-09-02T15:42:54+00:00,Mon Mar 19 09:42:03 2018,True
tavg,2012-04,scaled,https://www.ncei.noaa.gov/data/nclimgrid-daily/access/averages/2012/tavg-201204-cty-scaled.csv,raw/nclimgrid_daily/averages/2012/tavg-201204-cty-scaled.csv,2026-07-30T03:41:27+00:00,1093490,21c7d2105983fd093315219d41c4bb18f097d327ef85a977fb3bd9334e4efa18,"""10af72-5e7a517bdbcce""","Thu, 01 Sep 2022 22:25:37 GMT",https://www.ncei.noaa.gov/data/nclimgrid-daily/access/averages/2012/ncdd-201204-version.txt,raw/nclimgrid_daily/version/2012/ncdd-201204-version.txt,7acd469221d12ef0b4c65c42ce6fef68b16b43d33a306ba202007f1de9106deb,processed/nclimgrid_daily/county_tavg/2012/county_tavg_201204.csv,93210,"nclimgrid-daily_v1-0-0_snap2026-07-30, start: 1951-01, end: 2026-06, status: scaled}",/Users/andrewpark/Desktop/Code/WeatherDerivativePricing,2026-09-02T15:42:54+00:00,Mon Mar 19 09:43:57 2018,True
tavg,2012-05,scaled,https://www.ncei.noaa.gov/data/nclimgrid-daily/access/averages/2012/tavg-201205-cty-scaled.csv,raw/nclimgrid_daily/averages/2012/tavg-201205-cty-scaled.csv,2026-07-30T03:41:28+00:00,1093490,0e28dc852a6705b57357356581d6a084eb635d5cd0f537880f1965331094689b,"""10af72-5e7a51910e11d""","Thu, 01 Sep 2022 22:25:59 GMT",https://www.ncei.noaa.gov/data/nclimgrid-daily/access/averages/2012/ncdd-201205-version.txt,raw/nclimgrid_daily/version/2012/ncdd-201205-version.txt,46600979a6d37fdbda26cd11f7f794b68d5ed6217b8fc8268642724cb5618025,processed/nclimgrid_daily/county_tavg/2012/county_tavg_201205.csv,96317,"nclimgrid-daily_v1-0-0_snap2026-07-30, start: 1951-01, end: 2026-06, status: scaled}",/Users/andrewpark/Desktop/Code/WeatherDerivativePricing,2026-09-02T15:42:54+00:00,Mon Mar 19 09:45:58 2018,True
tavg,2012-06,scaled,https://www.ncei.noaa.gov/data/nclimgrid-daily/access/averages/2012/tavg-201206-cty-scaled.csv,raw/nclimgrid_daily/averages/2012/tavg-201206-cty-scaled.csv,2026-07-30T03:41:29+00:00,1093490,570fe6237a4569adf3dba0a6a790ffe22fdcb60f124322f07042e76c0ca4c526,"""10af72-5e7a51a5f718d""","Thu, 01 Sep 2022 22:26:21 GMT",https://www.ncei.noaa.gov/data/nclimgrid-daily/access/averages/2012/ncdd-201206-version.txt,raw/nclimgrid_daily/version/2012/ncdd-201206-version.txt,4962d5fece99d4359c17c6d582bdeadf5d4b8ed5ad7b4dd846aaa308b2afbf7c,processed/nclimgrid_daily/county_tavg/2012/county_tavg_201206.csv,93210,"nclimgrid-daily_v1-0-0_snap2026-07-30, start: 1951-01, end: 2026-06, status: scaled}",/Users/andrewpark/Desktop/Code/WeatherDerivativePricing,2026-09-02T15:42:54+00:00,Mon Mar 19 09:47:58 2018,True
tavg,2012-07,scaled,https://www.ncei.noaa.gov/data/nclimgrid-daily/access/averages/2012/tavg-201207-cty-scaled.csv,raw/nclimgrid_daily/averages/2012/tavg-201207-cty-scaled.csv,2026-07-30T03:41:29+00:00,1093490,f4196c6a3cfc5847ae69011dfa5f712d9782afb378ac4f1d84595338058d0fe7,"""10af72-5e7a51b99f914""","Thu, 01 Sep 2022 22:26:42 GMT",https://www.ncei.noaa.gov/data/nclimgrid-daily/access/averages/2012/ncdd-201207-version.txt,raw/nclimgrid_daily/version/2012/ncdd-201207-version.txt,bb5c1036ef640ed7c09b2eaad16a005856676ebc391f22f12c8240ff83b58ecc,processed/nclimgrid_daily/county_tavg/2012/county_tavg_201207.csv,96317,"nclimgrid-daily_v1-0-0_snap2026-07-30, start: 1951-01, end: 2026-06, status: scaled}",/Users/andrewpark/Desktop/Code/WeatherDerivativePricing,2026-09-02T15:42:54+00:00,Sat Apr 22 05:18:09 2017,True
tavg,2012-08,scaled,https://www.ncei.noaa.gov/data/nclimgrid-daily/access/averages/2012/tavg-201208-cty-scaled.csv,raw/nclimgrid_daily/averages/2012/tavg-201208-cty-scaled.csv,2026-07-30T03:41:30+00:00,1093490,44777286c29947d52102623ac7e02021eec69c40b8e6aaae619c19fcc71a9e7e,"""10af72-5e7a51ce009bc""","Thu, 01 Sep 2022 22:27:03 GMT",https://www.ncei.noaa.gov/data/nclimgrid-daily/access/averages/2012/ncdd-201208-version.txt,raw/nclimgrid_daily/version/2012/ncdd-201208-version.txt,86df0eb3635c7294324317408773939004ba08b685182f30a3fc3220d4529fd7,processed/nclimgrid_daily/county_tavg/2012/county_tavg_201208.csv,96317,"nclimgrid-daily_v1-0-0_snap2026-07-30, start: 1951-01, end: 2026-06, status: scaled}",/Users/andrewpark/Desktop/Code/WeatherDerivativePricing,2026-09-02T15:42:54+00:00,Sat Apr 22 05:19:05 2017,True
tavg,2012-09,scaled,https://www.ncei.noaa.gov/data/nclimgrid-daily/access/averages/2012/tavg-201209-cty-scaled.csv,raw/nclimgrid_daily/averages/2012/tavg-201209-cty-scaled.csv,2026-07-30T03:41:31+00:00,1093490,e4da5b752cfb12ca6ae57a95497d01472291f4c185a3d9960ed7101bd08b31ba,"""10af72-5e7a51e257653""","Thu, 01 Sep 2022 22:27:24 GMT",https://www.ncei.noaa.gov/data/nclimgrid-daily/access/averages/2012/ncdd-201209-version.txt,raw/nclimgrid_daily/version/2012/ncdd-201209-version.txt,8e4e94434f06f8b5d3ccee84c19a93265d675ae554e3ea055399cfb2ab0205b9,processed/nclimgrid_daily/county_tavg/2012/county_tavg_201209.csv,93210,"nclimgrid-daily_v1-0-0_snap2026-07-30, start: 1951-01, end: 2026-06, status: scaled}",/Users/andrewpark/Desktop/Code/WeatherDerivativePricing,2026-09-02T15:42:54+00:00,Sat Apr 22 05:19:59 2017,True
tavg,2012-10,scaled,https://www.ncei.noaa.gov/data/nclimgrid-daily/access/averages/2012/tavg-201210-cty-scaled.csv,raw/nclimgrid_daily/averages/2012/tavg-201210-cty-scaled.csv,2026-07-30T03:41:31+00:00,1093490,2c00becf0a0214019d4df489a4eccfdf84ad27e601ce54cceac3d9f8c3990b34,"""10af72-5e7a51f6f24c2""","Thu, 01 Sep 2022 22:27:46 GMT",https://www.ncei.noaa.gov/data/nclimgrid-daily/access/averages/2012/ncdd-201210-version.txt,raw/nclimgrid_daily/version/2012/ncdd-201210-version.txt,e3bbc7af031a2a6e1569cb8a2349c97e1a52a0062fdd916881cefa89962c10d8,processed/nclimgrid_daily/county_tavg/2012/county_tavg_201210.csv,96317,"nclimgrid-daily_v1-0-0_snap2026-07-30, start: 1951-01, end: 2026-06, status: scaled}",/Users/andrewpark/Desktop/Code/WeatherDerivativePricing,2026-09-02T15:42:54+00:00,Sat Apr 22 05:20:53 2017,True
tavg,2012-11,scaled,https://www.ncei.noaa.gov/data/nclimgrid-daily/access/averages/2012/tavg-201211-cty-scaled.csv,raw/nclimgrid_daily/averages/2012/tavg-201211-cty-scaled.csv,2026-07-30T03:41:32+00:00,1093490,0d25b5c8b783f36b5df4e4878d10b8dc2bab45cb9a3204c152820b4856758813,"""10af72-5e7a520aa8322""","Thu, 01 Sep 2022 22:28:07 GMT",https://www.ncei.noaa.gov/data/nclimgrid-daily/access/averages/2012/ncdd-201211-version.txt,raw/nclimgrid_daily/version/2012/ncdd-201211-version.txt,1544a3bcc30fc4c1a67fd9bb03c7d0d0f4ed4a44f1d63a3607440d49af462d8e,processed/nclimgrid_daily/county_tavg/2012/county_tavg_201211.csv,93210,"nclimgrid-daily_v1-0-0_snap2026-07-30, start: 1951-01, end: 2026-06, status: scaled}",/Users/andrewpark/Desktop/Code/WeatherDerivativePricing,2026-09-02T15:42:54+00:00,Sat Apr 22 05:21:47 2017,True
tavg,2012-12,scaled,https://www.ncei.noaa.gov/data/nclimgrid-daily/access/averages/2012/tavg-201212-cty-scaled.csv,raw/nclimgrid_daily/averages/2012/tavg-201212-cty-scaled.csv,2026-07-30T03:41:32+00:00,1093490,f948b108ed9a4fc43be4b2567fe1ec4565a6c91d6970128ab429d308312c63d9,"""10af72-5e7a5220ca749""","Thu, 01 Sep 2022 22:28:30 GMT",https://www.ncei.noaa.gov/data/nclimgrid-daily/access/averages/2012/ncdd-201212-version.txt,raw/nclimgrid_daily/version/2012/ncdd-201212-version.txt,b0c8c649e36ac1be901380aad7f1885f6a3de46a21ae577428873303e2703ad5,processed/nclimgrid_daily/county_tavg/2012/county_tavg_201212.csv,96317,"nclimgrid-daily_v1-0-0_snap2026-07-30, start: 1951-01, end: 2026-06, status: scaled}",/Users/andrewpark/Desktop/Code/WeatherDerivativePricing,2026-09-02T15:42:54+00:00,Sat Apr 22 05:22:43 2017,True
tavg,2013-01,scaled,https://www.ncei.noaa.gov/data/nclimgrid-daily/access/averages/2013/tavg-201301-cty-scaled.csv,raw/nclimgrid_daily/averages/2013/tavg-201301-cty-scaled.csv,2026-07-30T03:41:33+00:00,1093490,f09e061e01ab5ba5b18674b1be264f183990cfd86af809b506fe3c973b60c236,"""10af72-5e7a5237b90f9""","Thu, 01 Sep 2022 22:28:54 GMT",https://www.ncei.noaa.gov/data/nclimgrid-daily/access/averages/2013/ncdd-201301-version.txt,raw/nclimgrid_daily/version/2013/ncdd-201301-version.txt,cd02b5342dba32efcfa23d24d3caced64dd6b421d3d9dad65d04b4b8bc12c785,processed/nclimgrid_daily/county_tavg/2013/county_tavg_201301.csv,96317,"nclimgrid-daily_v1-0-0_snap2026-07-30, start: 1951-01, end: 2026-06, status: scaled}",/Users/andrewpark/Desktop/Code/WeatherDerivativePricing,2026-09-02T15:42:54+00:00,Sun Apr 23 12:17:37 2017,True
tavg,2013-02,scaled,https://www.ncei.noaa.gov/data/nclimgrid-daily/access/averages/2013/tavg-201302-cty-scaled.csv,raw/nclimgrid_daily/averages/2013/tavg-201302-cty-scaled.csv,2026-07-30T03:41:34+00:00,1093490,6c254785b5193bacf365596e23b0c085635f6be54bed0e565a45816057e64149,"""10af72-5e7a524bb9e90""","Thu, 01 Sep 2022 22:29:15 GMT",https://www.ncei.noaa.gov/data/nclimgrid-daily/access/averages/2013/ncdd-201302-version.txt,raw/nclimgrid_daily/version/2013/ncdd-201302-version.txt,95bd5741c76d20d0e5a2fbbd498542cdba778ef58b5c0ce6c4aea8c1609f993e,processed/nclimgrid_daily/county_tavg/2013/county_tavg_201302.csv,86996,"nclimgrid-daily_v1-0-0_snap2026-07-30, start: 1951-01, end: 2026-06, status: scaled}",/Users/andrewpark/Desktop/Code/WeatherDerivativePricing,2026-09-02T15:42:54+00:00,Sun Apr 23 12:18:44 2017,True
tavg,2013-03,scaled,https://www.ncei.noaa.gov/data/nclimgrid-daily/access/averages/2013/tavg-201303-cty-scaled.csv,raw/nclimgrid_daily/averages/2013/tavg-201303-cty-scaled.csv,2026-07-30T03:41:34+00:00,1093490,5d2c919ae71ba405c1998f29cf55db212d3f43ad506e54d042e1ffee2edcff23,"""10af72-5e7a5260b677f""","Thu, 01 Sep 2022 22:29:37 GMT",https://www.ncei.noaa.gov/data/nclimgrid-daily/access/averages/2013/ncdd-201303-version.txt,raw/nclimgrid_daily/version/2013/ncdd-201303-version.txt,11a04b2ad377b316ff4466708954bc8f2b829dd77bb3e860e0e0923f4d6711d3,processed/nclimgrid_daily/county_tavg/2013/county_tavg_201303.csv,96317,"nclimgrid-daily_v1-0-0_snap2026-07-30, start: 1951-01, end: 2026-06, status: scaled}",/Users/andrewpark/Desktop/Code/WeatherDerivativePricing,2026-09-02T15:42:54+00:00,Sun Apr 23 12:19:56 2017,True
tavg,2013-04,scaled,https://www.ncei.noaa.gov/data/nclimgrid-daily/access/averages/2013/tavg-201304-cty-scaled.csv,raw/nclimgrid_daily/averages/2013/tavg-201304-cty-scaled.csv,2026-07-30T03:41:35+00:00,1093490,37192ca14ff7118a46d7cd4b8b996a6c24ff73fdf23c97c7341bb05a9ac4af6a,"""10af72-5e7a527863bf7""","Thu, 01 Sep 2022 22:30:02 GMT",https://www.ncei.noaa.gov/data/nclimgrid-daily/access/averages/2013/ncdd-201304-version.txt,raw/nclimgrid_daily/version/2013/ncdd-201304-version.txt,5c0fd1fef59e4c3e423ea0b6df3df327c34e97d7094a0e5a6e8d1b9a1830392d,processed/nclimgrid_daily/county_tavg/2013/county_tavg_201304.csv,93210,"nclimgrid-daily_v1-0-0_snap2026-07-30, start: 1951-01, end: 2026-06, status: scaled}",/Users/andrewpark/Desktop/Code/WeatherDerivativePricing,2026-09-02T15:42:54+00:00,Sun Apr 23 12:21:02 2017,True
tavg,2013-05,scaled,https://www.ncei.noaa.gov/data/nclimgrid-daily/access/averages/2013/tavg-201305-cty-scaled.csv,raw/nclimgrid_daily/averages/2013/tavg-201305-cty-scaled.csv,2026-07-30T03:41:36+00:00,1093490,68038aee697c6e7db555dcefaca6f72ad5dfab63e9bab3162373ee7e2b588a53,"""10af72-5e7a528bd48de""","Thu, 01 Sep 2022 22:30:22 GMT",https://www.ncei.noaa.gov/data/nclimgrid-daily/access/averages/2013/ncdd-201305-version.txt,raw/nclimgrid_daily/version/2013/ncdd-201305-version.txt,32007238c84f2c3d915d87fe4b828c54cf49a97393efda599b4547c6b400c089,processed/nclimgrid_daily/county_tavg/2013/county_tavg_201305.csv,96317,"nclimgrid-daily_v1-0-0_snap2026-07-30, start: 1951-01, end: 2026-06, status: scaled}",/Users/andrewpark/Desktop/Code/WeatherDerivativePricing,2026-09-02T15:42:54+00:00,Sun Apr 23 12:22:11 2017,True
tavg,2013-06,scaled,https://www.ncei.noaa.gov/data/nclimgrid-daily/access/averages/2013/tavg-201306-cty-scaled.csv,raw/nclimgrid_daily/averages/2013/tavg-201306-cty-scaled.csv,2026-07-30T03:41:36+00:00,1093490,998a386b6a9a5e95476aa5902b708007945732ce1c8b7f017ec5175892741a2f,"""10af72-5e7a52a06fb36""","Thu, 01 Sep 2022 22:30:44 GMT",https://www.ncei.noaa.gov/data/nclimgrid-daily/access/averages/2013/ncdd-201306-version.txt,raw/nclimgrid_daily/version/2013/ncdd-201306-version.txt,3c49280731d50b247883a683057a1cf66ec580766ff06e641c4dd77070817e06,processed/nclimgrid_daily/county_tavg/2013/county_tavg_201306.csv,93210,"nclimgrid-daily_v1-0-0_snap2026-07-30, start: 1951-01, end: 2026-06, status: scaled}",/Users/andrewpark/Desktop/Code/WeatherDerivativePricing,2026-09-02T15:42:54+00:00,Sun Apr 23 12:23:19 2017,True
tavg,2013-07,scaled,https://www.ncei.noaa.gov/data/nclimgrid-daily/access/averages/2013/tavg-201307-cty-scaled.csv,raw/nclimgrid_daily/averages/2013/tavg-201307-cty-scaled.csv,2026-07-30T03:41:37+00:00,1093490,5613608aafd2547757dfc49c52ef227a4b7564b45c32620d4a962dea5e5323a3,"""10af72-5e7a52b532275""","Thu, 01 Sep 2022 22:31:06 GMT",https://www.ncei.noaa.gov/data/nclimgrid-daily/access/averages/2013/ncdd-201307-version.txt,raw/nclimgrid_daily/version/2013/ncdd-201307-version.txt,3b0da96d83368d874cdbe1ae1caa7ad74e2dd07962b88768a99b097c152e68a0,processed/nclimgrid_daily/county_tavg/2013/county_tavg_201307.csv,96317,"nclimgrid-daily_v1-0-0_snap2026-07-30, start: 1951-01, end: 2026-06, status: scaled}",/Users/andrewpark/Desktop/Code/WeatherDerivativePricing,2026-09-02T15:42:54+00:00,Sun Apr 23 12:24:28 2017,True
tavg,2013-08,scaled,https://www.ncei.noaa.gov/data/nclimgrid-daily/access/averages/2013/tavg-201308-cty-scaled.csv,raw/nclimgrid_daily/averages/2013/tavg-201308-cty-scaled.csv,2026-07-30T03:41:37+00:00,1093490,1635339aeef79c55bb61b44e6d8154c4adf5070c2c83a28f0c8f1ec8b344bd58,"""10af72-5e7a52c80e475""","Thu, 01 Sep 2022 22:31:25 GMT",https://www.ncei.noaa.gov/data/nclimgrid-daily/access/averages/2013/ncdd-201308-version.txt,raw/nclimgrid_daily/version/2013/ncdd-201308-version.txt,82a0dd20b6b3e355524f7d966d846eeae9301745e1eec0cbbf9b0da9396b75c8,processed/nclimgrid_daily/county_tavg/2013/county_tavg_201308.csv,96317,"nclimgrid-daily_v1-0-0_snap2026-07-30, start: 1951-01, end: 2026-06, status: scaled}",/Users/andrewpark/Desktop/Code/WeatherDerivativePricing,2026-09-02T15:42:54+00:00,Sun Apr 23 12:25:37 2017,True
tavg,2013-09,scaled,https://www.ncei.noaa.gov/data/nclimgrid-daily/access/averages/2013/tavg-201309-cty-scaled.csv,raw/nclimgrid_daily/averages/2013/tavg-201309-cty-scaled.csv,2026-07-30T03:41:38+00:00,1093490,cb6da74b7d44f7b622991af50e7da57b7c0be407aa0811aaadc9f8e2f1657513,"""10af72-5e7a52db8cc1c""","Thu, 01 Sep 2022 22:31:46 GMT",https://www.ncei.noaa.gov/data/nclimgrid-daily/access/averages/2013/ncdd-201309-version.txt,raw/nclimgrid_daily/version/2013/ncdd-201309-version.txt,5beb3436e8f55847a735f0061cd934f0ee4c7467f3b90b9d2fbca23077373fde,processed/nclimgrid_daily/county_tavg/2013/county_tavg_201309.csv,93210,"nclimgrid-daily_v1-0-0_snap2026-07-30, start: 1951-01, end: 2026-06, status: scaled}",/Users/andrewpark/Desktop/Code/WeatherDerivativePricing,2026-09-02T15:42:54+00:00,Sun Apr 23 12:26:43 2017,True
tavg,2013-10,scaled,https://www.ncei.noaa.gov/data/nclimgrid-daily/access/averages/2013/tavg-201310-cty-scaled.csv,raw/nclimgrid_daily/averages/2013/tavg-201310-cty-scaled.csv,2026-07-30T03:41:39+00:00,1093490,086138b8b3e470538ab7722ee170f5d1e676dda133431497abcda80d8bf3b00e,"""10af72-5e7a52f01ceab""","Thu, 01 Sep 2022 22:32:07 GMT",https://www.ncei.noaa.gov/data/nclimgrid-daily/access/averages/2013/ncdd-201310-version.txt,raw/nclimgrid_daily/version/2013/ncdd-201310-version.txt,3aaa1fabb9cfcd19352dee8a164f10178ba78118c4fb2c60c1a2832ca29a3841,processed/nclimgrid_daily/county_tavg/2013/county_tavg_201310.csv,96317,"nclimgrid-daily_v1-0-0_snap2026-07-30, start: 1951-01, end: 2026-06, status: scaled}",/Users/andrewpark/Desktop/Code/WeatherDerivativePricing,2026-09-02T15:42:54+00:00,Sun Apr 23 12:27:53 2017,True
tavg,2013-11,scaled,https://www.ncei.noaa.gov/data/nclimgrid-daily/access/averages/2013/tavg-201311-cty-scaled.csv,raw/nclimgrid_daily/averages/2013/tavg-201311-cty-scaled.csv,2026-07-30T03:41:39+00:00,1093490,2882e5a265bae5246e9204743f76e1e7da53a6e14f998ab8bd0fe73e8f7299ff,"""10af72-5e7a530333643""","Thu, 01 Sep 2022 22:32:27 GMT",https://www.ncei.noaa.gov/data/nclimgrid-daily/access/averages/2013/ncdd-201311-version.txt,raw/nclimgrid_daily/version/2013/ncdd-201311-version.txt,caae93cc0d3b1916dc00d8146d05ccce95e6f6f4766dd0570550016de213b662,processed/nclimgrid_daily/county_tavg/2013/county_tavg_201311.csv,93210,"nclimgrid-daily_v1-0-0_snap2026-07-30, start: 1951-01, end: 2026-06, status: scaled}",/Users/andrewpark/Desktop/Code/WeatherDerivativePricing,2026-09-02T15:42:54+00:00,Sun Apr 23 12:29:00 2017,True
tavg,2013-12,scaled,https://www.ncei.noaa.gov/data/nclimgrid-daily/access/averages/2013/tavg-201312-cty-scaled.csv,raw/nclimgrid_daily/averages/2013/tavg-201312-cty-scaled.csv,2026-07-30T03:41:40+00:00,1093490,a0f3dc9021cf2cd8e5892378d21947ac87e1237df3366485307808e95b33a9ed,"""10af72-5e7a5316ebbb2""","Thu, 01 Sep 2022 22:32:48 GMT",https://www.ncei.noaa.gov/data/nclimgrid-daily/access/averages/2013/ncdd-201312-version.txt,raw/nclimgrid_daily/version/2013/ncdd-201312-version.txt,0789003a977a2ed4648d840864675a71abcb4d25479c006255e8ee894f296650,processed/nclimgrid_daily/county_tavg/2013/county_tavg_201312.csv,96317,"nclimgrid-daily_v1-0-0_snap2026-07-30, start: 1951-01, end: 2026-06, status: scaled}",/Users/andrewpark/Desktop/Code/WeatherDerivativePricing,2026-09-02T15:42:54+00:00,Sun Apr 23 12:30:10 2017,True
tavg,2014-01,scaled,https://www.ncei.noaa.gov/data/nclimgrid-daily/access/averages/2014/tavg-201401-cty-scaled.csv,raw/nclimgrid_daily/averages/2014/tavg-201401-cty-scaled.csv,2026-07-30T03:41:41+00:00,1093490,4f4d5b205a67f728e24fc2b1f00bf46a9a2d5c77a60b8ef6affcb2899b470527,"""10af72-5e7a532a3dc6a""","Thu, 01 Sep 2022 22:33:08 GMT",https://www.ncei.noaa.gov/data/nclimgrid-daily/access/averages/2014/ncdd-201401-version.txt,raw/nclimgrid_daily/version/2014/ncdd-201401-version.txt,c28e5d8e158bf2945cfe4851da52ca17a4d8c2887a6aa08b33d9dfb6ab86592d,processed/nclimgrid_daily/county_tavg/2014/county_tavg_201401.csv,96317,"nclimgrid-daily_v1-0-0_snap2026-07-30, start: 1951-01, end: 2026-06, status: scaled}",/Users/andrewpark/Desktop/Code/WeatherDerivativePricing,2026-09-02T15:42:54+00:00,Tue Sep 18 09:14:32 2018,True
tavg,2014-02,scaled,https://www.ncei.noaa.gov/data/nclimgrid-daily/access/averages/2014/tavg-201402-cty-scaled.csv,raw/nclimgrid_daily/averages/2014/tavg-201402-cty-scaled.csv,2026-07-30T03:41:41+00:00,1093490,9faccc117d47ea85b9dab0e233cf47b5f1e25ca248d2ed1d3e1e7e842d8816bb,"""10af72-5e7a53410ddd1""","Thu, 01 Sep 2022 22:33:32 GMT",https://www.ncei.noaa.gov/data/nclimgrid-daily/access/averages/2014/ncdd-201402-version.txt,raw/nclimgrid_daily/version/2014/ncdd-201402-version.txt,1729d75e3394f847b5e33820529e782ae3e1fbef8ea0d2ea2a67fdfd169ccf3e,processed/nclimgrid_daily/county_tavg/2014/county_tavg_201402.csv,86996,"nclimgrid-daily_v1-0-0_snap2026-07-30, start: 1951-01, end: 2026-06, status: scaled}",/Users/andrewpark/Desktop/Code/WeatherDerivativePricing,2026-09-02T15:42:54+00:00,Tue Sep 18 09:16:12 2018,True
tavg,2014-03,scaled,https://www.ncei.noaa.gov/data/nclimgrid-daily/access/averages/2014/tavg-201403-cty-scaled.csv,raw/nclimgrid_daily/averages/2014/tavg-201403-cty-scaled.csv,2026-07-30T03:41:42+00:00,1093490,f14c5606b5ee85bf69f5b915d62946e7b64882d9895a35fe49c85c0855434ba1,"""10af72-5e7a5356d3599""","Thu, 01 Sep 2022 22:33:55 GMT",https://www.ncei.noaa.gov/data/nclimgrid-daily/access/averages/2014/ncdd-201403-version.txt,raw/nclimgrid_daily/version/2014/ncdd-201403-version.txt,a5b249636c3dcab63aee53833ac85eb41fe23f27bffec3cd5c4dd334f2339785,processed/nclimgrid_daily/county_tavg/2014/county_tavg_201403.csv,96317,"nclimgrid-daily_v1-0-0_snap2026-07-30, start: 1951-01, end: 2026-06, status: scaled}",/Users/andrewpark/Desktop/Code/WeatherDerivativePricing,2026-09-02T15:42:54+00:00,Tue Sep 18 09:18:07 2018,True
tavg,2014-04,scaled,https://www.ncei.noaa.gov/data/nclimgrid-daily/access/averages/2014/tavg-201404-cty-scaled.csv,raw/nclimgrid_daily/averages/2014/tavg-201404-cty-scaled.csv,2026-07-30T03:41:43+00:00,1093490,b80139c39b9abff18fe6bcf3b16cede0e4fa7e7bd2ebb9eae101edb9173da3ce,"""10af72-5e7a536b257f8""","Thu, 01 Sep 2022 22:34:16 GMT",https://www.ncei.noaa.gov/data/nclimgrid-daily/access/averages/2014/ncdd-201404-version.txt,raw/nclimgrid_daily/version/2014/ncdd-201404-version.txt,17692aac8b76fb2e2e0eff4e04ab6f0fef86bc71765bf81c9f93caa65636cfaa,processed/nclimgrid_daily/county_tavg/2014/county_tavg_201404.csv,93210,"nclimgrid-daily_v1-0-0_snap2026-07-30, start: 1951-01, end: 2026-06, status: scaled}",/Users/andrewpark/Desktop/Code/WeatherDerivativePricing,2026-09-02T15:42:54+00:00,Tue Sep 18 09:20:00 2018,True
tavg,2014-05,scaled,https://www.ncei.noaa.gov/data/nclimgrid-daily/access/averages/2014/tavg-201405-cty-scaled.csv,raw/nclimgrid_daily/averages/2014/tavg-201405-cty-scaled.csv,2026-07-30T03:41:43+00:00,1093490,e800f788ae15c371c08efd23f91bfd4dfef62bbe57740406c993ddc67527f6dc,"""10af72-5e7a537ed7007""","Thu, 01 Sep 2022 22:34:37 GMT",https://www.ncei.noaa.gov/data/nclimgrid-daily/access/averages/2014/ncdd-201405-version.txt,raw/nclimgrid_daily/version/2014/ncdd-201405-version.txt,df8962b561646b96e6c84af3eb94d011611be8bd77bdbb0c552daacad00a49c7,processed/nclimgrid_daily/county_tavg/2014/county_tavg_201405.csv,96317,"nclimgrid-daily_v1-0-0_snap2026-07-30, start: 1951-01, end: 2026-06, status: scaled}",/Users/andrewpark/Desktop/Code/WeatherDerivativePricing,2026-09-02T15:42:54+00:00,Tue Sep 18 09:21:56 2018,True
tavg,2014-06,scaled,https://www.ncei.noaa.gov/data/nclimgrid-daily/access/averages/2014/tavg-201406-cty-scaled.csv,raw/nclimgrid_daily/averages/2014/tavg-201406-cty-scaled.csv,2026-07-30T03:41:44+00:00,1093490,6ed2241b35ec1da4667a2a84b7b237d2836ca17969348a83bf619dd48df7fcc5,"""10af72-5e7a53923c16f""","Thu, 01 Sep 2022 22:34:57 GMT",https://www.ncei.noaa.gov/data/nclimgrid-daily/access/averages/2014/ncdd-201406-version.txt,raw/nclimgrid_daily/version/2014/ncdd-201406-version.txt,7cb55b76b61a504c48f8fdeadf2c37ab7e2e2e2a2ed1a8387d9b4aa83c7e7e51,processed/nclimgrid_daily/county_tavg/2014/county_tavg_201406.csv,93210,"nclimgrid-daily_v1-0-0_snap2026-07-30, start: 1951-01, end: 2026-06, status: scaled}",/Users/andrewpark/Desktop/Code/WeatherDerivativePricing,2026-09-02T15:42:54+00:00,Tue Sep 18 09:23:51 2018,True
tavg,2014-07,scaled,https://www.ncei.noaa.gov/data/nclimgrid-daily/access/averages/2014/tavg-201407-cty-scaled.csv,raw/nclimgrid_daily/averages/2014/tavg-201407-cty-scaled.csv,2026-07-30T03:41:45+00:00,1093490,2ee99dabed5d00afbb508122e35a4907abd388a3ed027d49be6a791350bbc4d0,"""10af72-5e7a53a7b799e""","Thu, 01 Sep 2022 22:35:20 GMT",https://www.ncei.noaa.gov/data/nclimgrid-daily/access/averages/2014/ncdd-201407-version.txt,raw/nclimgrid_daily/version/2014/ncdd-201407-version.txt,acd94435f1ef3a20a33753a47af1e2b4334ec2882f9b6345986213238242a607,processed/nclimgrid_daily/county_tavg/2014/county_tavg_201407.csv,96317,"nclimgrid-daily_v1-0-0_snap2026-07-30, start: 1951-01, end: 2026-06, status: scaled}",/Users/andrewpark/Desktop/Code/WeatherDerivativePricing,2026-09-02T15:42:54+00:00,Wed Sep 19 06:20:56 2018,True
tavg,2014-08,scaled,https://www.ncei.noaa.gov/data/nclimgrid-daily/access/averages/2014/tavg-201408-cty-scaled.csv,raw/nclimgrid_daily/averages/2014/tavg-201408-cty-scaled.csv,2026-07-30T03:41:45+00:00,1093490,2478d68a9530eca582a402ba1423fa7db9b8df9a2c0c218f393ce3ff9f5554a2,"""10af72-5e7a53bb8b48e""","Thu, 01 Sep 2022 22:35:41 GMT",https://www.ncei.noaa.gov/data/nclimgrid-daily/access/averages/2014/ncdd-201408-version.txt,raw/nclimgrid_daily/version/2014/ncdd-201408-version.txt,49f56fcab3b92d17b69da7f449829ad64772ffd555f34c57f0f831c737ef05e3,processed/nclimgrid_daily/county_tavg/2014/county_tavg_201408.csv,96317,"nclimgrid-daily_v1-0-0_snap2026-07-30, start: 1951-01, end: 2026-06, status: scaled}",/Users/andrewpark/Desktop/Code/WeatherDerivativePricing,2026-09-02T15:42:54+00:00,Wed Sep 19 06:23:01 2018,True
tavg,2014-09,scaled,https://www.ncei.noaa.gov/data/nclimgrid-daily/access/averages/2014/tavg-201409-cty-scaled.csv,raw/nclimgrid_daily/averages/2014/tavg-201409-cty-scaled.csv,2026-07-30T03:41:46+00:00,1093490,fca5ef55a0ee07b99a35cbdfa385e342f5118034bf5d35f0a762bed9bafb6026,"""10af72-5e7a53d33f665""","Thu, 01 Sep 2022 22:36:05 GMT",https://www.ncei.noaa.gov/data/nclimgrid-daily/access/averages/2014/ncdd-201409-version.txt,raw/nclimgrid_daily/version/2014/ncdd-201409-version.txt,053b63f24ec2861286b1347f3550e77e54c6017ae9ce1b9f046b333032b2b6b4,processed/nclimgrid_daily/county_tavg/2014/county_tavg_201409.csv,93210,"nclimgrid-daily_v1-0-0_snap2026-07-30, start: 1951-01, end: 2026-06, status: scaled}",/Users/andrewpark/Desktop/Code/WeatherDerivativePricing,2026-09-02T15:42:54+00:00,Wed Sep 19 06:24:58 2018,True
tavg,2014-10,scaled,https://www.ncei.noaa.gov/data/nclimgrid-daily/access/averages/2014/tavg-201410-cty-scaled.csv,raw/nclimgrid_daily/averages/2014/tavg-201410-cty-scaled.csv,2026-07-30T03:41:46+00:00,1093490,cade41b5c6672a1dadcda4235cc85fb65a9cf0d81bff582a1740e8777f0bb805,"""10af72-5e7a53ea53d8c""","Thu, 01 Sep 2022 22:36:30 GMT",https://www.ncei.noaa.gov/data/nclimgrid-daily/access/averages/2014/ncdd-201410-version.txt,raw/nclimgrid_daily/version/2014/ncdd-201410-version.txt,91569b2849278c935e9571e4991e2d50f2aaad621e10fbc270d89e5d830385a7,processed/nclimgrid_daily/county_tavg/2014/county_tavg_201410.csv,96317,"nclimgrid-daily_v1-0-0_snap2026-07-30, start: 1951-01, end: 2026-06, status: scaled}",/Users/andrewpark/Desktop/Code/WeatherDerivativePricing,2026-09-02T15:42:54+00:00,Wed Sep 19 06:27:03 2018,True
tavg,2014-11,scaled,https://www.ncei.noaa.gov/data/nclimgrid-daily/access/averages/2014/tavg-201411-cty-scaled.csv,raw/nclimgrid_daily/averages/2014/tavg-201411-cty-scaled.csv,2026-07-30T03:41:47+00:00,1093490,4bb8b09810b713548d675c966c60c8613377c69c289e0f2053b63aee5c73875b,"""10af72-5e7a54004ba04""","Thu, 01 Sep 2022 22:36:53 GMT",https://www.ncei.noaa.gov/data/nclimgrid-daily/access/averages/2014/ncdd-201411-version.txt,raw/nclimgrid_daily/version/2014/ncdd-201411-version.txt,2940a6421c9370b524ba8c277428d07cd8e0f7c0ac4cbdb666d7da00f04db697,processed/nclimgrid_daily/county_tavg/2014/county_tavg_201411.csv,93210,"nclimgrid-daily_v1-0-0_snap2026-07-30, start: 1951-01, end: 2026-06, status: scaled}",/Users/andrewpark/Desktop/Code/WeatherDerivativePricing,2026-09-02T15:42:54+00:00,Wed Sep 19 06:29:03 2018,True
tavg,2014-12,scaled,https://www.ncei.noaa.gov/data/nclimgrid-daily/access/averages/2014/tavg-201412-cty-scaled.csv,raw/nclimgrid_daily/averages/2014/tavg-201412-cty-scaled.csv,2026-07-30T03:41:48+00:00,1093490,2a21179da0973933fa26e46c7ef0c948638216d5c0dd86d5b17cd64b1c4a2008,"""10af72-5e7a541475fab""","Thu, 01 Sep 2022 22:37:14 GMT",https://www.ncei.noaa.gov/data/nclimgrid-daily/access/averages/2014/ncdd-201412-version.txt,raw/nclimgrid_daily/version/2014/ncdd-201412-version.txt,12a63641f51525bad1b7fa678bc5cf01e39d65074725dbd4854bed09c1c10647,processed/nclimgrid_daily/county_tavg/2014/county_tavg_201412.csv,96317,"nclimgrid-daily_v1-0-0_snap2026-07-30, start: 1951-01, end: 2026-06, status: scaled}",/Users/andrewpark/Desktop/Code/WeatherDerivativePricing,2026-09-02T15:42:54+00:00,Wed Sep 19 06:31:07 2018,True
tavg,2015-01,scaled,https://www.ncei.noaa.gov/data/nclimgrid-daily/access/averages/2015/tavg-201501-cty-scaled.csv,raw/nclimgrid_daily/averages/2015/tavg-201501-cty-scaled.csv,2026-07-30T03:41:48+00:00,1093490,7d7e01c14239bfcf69692edbf741da9860f88d6c8093b0c2f577b843cd9f9830,"""10af72-5e7a5428ef6f3""","Thu, 01 Sep 2022 22:37:35 GMT",https://www.ncei.noaa.gov/data/nclimgrid-daily/access/averages/2015/ncdd-201501-version.txt,raw/nclimgrid_daily/version/2015/ncdd-201501-version.txt,d260fcc5aebc8feac2ddc149b4a08f3fb503919d1cc9280c951538fadc3a5f0d,processed/nclimgrid_daily/county_tavg/2015/county_tavg_201501.csv,96317,"nclimgrid-daily_v1-0-0_snap2026-07-30, start: 1951-01, end: 2026-06, status: scaled}",/Users/andrewpark/Desktop/Code/WeatherDerivativePricing,2026-09-02T15:42:54+00:00,Thu Sep 20 06:20:31 2018,True
tavg,2015-02,scaled,https://www.ncei.noaa.gov/data/nclimgrid-daily/access/averages/2015/tavg-201502-cty-scaled.csv,raw/nclimgrid_daily/averages/2015/tavg-201502-cty-scaled.csv,2026-07-30T03:41:49+00:00,1093490,91df04ac45463039de59d289aa80acc0c4a253a349931b175f8065dc396f1359,"""10af72-5e7a543e7c862""","Thu, 01 Sep 2022 22:37:58 GMT",https://www.ncei.noaa.gov/data/nclimgrid-daily/access/averages/2015/ncdd-201502-version.txt,raw/nclimgrid_daily/version/2015/ncdd-201502-version.txt,650c906af3ec26301ab41cb3c1fb28a21ed7397fbf93b325ca59f6614cc466c7,processed/nclimgrid_daily/county_tavg/2015/county_tavg_201502.csv,86996,"nclimgrid-daily_v1-0-0_snap2026-07-30, start: 1951-01, end: 2026-06, status: scaled}",/Users/andrewpark/Desktop/Code/WeatherDerivativePricing,2026-09-02T15:42:54+00:00,Thu Sep 20 06:22:09 2018,True
tavg,2015-03,scaled,https://www.ncei.noaa.gov/data/nclimgrid-daily/access/averages/2015/tavg-201503-cty-scaled.csv,raw/nclimgrid_daily/averages/2015/tavg-201503-cty-scaled.csv,2026-07-30T03:41:50+00:00,1093490,64026d83bc0db4f59c130504057d954151a8e89d045036ec361878cacf086798,"""10af72-5e7a545626df9""","Thu, 01 Sep 2022 22:38:23 GMT",https://www.ncei.noaa.gov/data/nclimgrid-daily/access/averages/2015/ncdd-201503-version.txt,raw/nclimgrid_daily/version/2015/ncdd-201503-version.txt,82f942b3dbf04d0fdf100ef1bc1e352b4971b8b49230f0435d4004ed6b652aac,processed/nclimgrid_daily/county_tavg/2015/county_tavg_201503.csv,96317,"nclimgrid-daily_v1-0-0_snap2026-07-30, start: 1951-01, end: 2026-06, status: scaled}",/Users/andrewpark/Desktop/Code/WeatherDerivativePricing,2026-09-02T15:42:54+00:00,Thu Sep 20 06:24:01 2018,True
tavg,2015-04,scaled,https://www.ncei.noaa.gov/data/nclimgrid-daily/access/averages/2015/tavg-201504-cty-scaled.csv,raw/nclimgrid_daily/averages/2015/tavg-201504-cty-scaled.csv,2026-07-30T03:41:50+00:00,1093490,a8448e6561edd74fce1032d034817234daaaa3d393d802706bc0abb6a8621870,"""10af72-5e7a546b80349""","Thu, 01 Sep 2022 22:38:45 GMT",https://www.ncei.noaa.gov/data/nclimgrid-daily/access/averages/2015/ncdd-201504-version.txt,raw/nclimgrid_daily/version/2015/ncdd-201504-version.txt,563c4e8cdd0c0337fe91067a1bcd7bf6c4a57932fda3443365b6c6aaa7636974,processed/nclimgrid_daily/county_tavg/2015/county_tavg_201504.csv,93210,"nclimgrid-daily_v1-0-0_snap2026-07-30, start: 1951-01, end: 2026-06, status: scaled}",/Users/andrewpark/Desktop/Code/WeatherDerivativePricing,2026-09-02T15:42:54+00:00,Thu Sep 20 06:25:47 2018,True
tavg,2015-05,scaled,https://www.ncei.noaa.gov/data/nclimgrid-daily/access/averages/2015/tavg-201505-cty-scaled.csv,raw/nclimgrid_daily/averages/2015/tavg-201505-cty-scaled.csv,2026-07-30T03:41:51+00:00,1093490,0abe9c0f29a7198218d08e756813d54fb2c0245156a0df96c883449c7f99bc47,"""10af72-5e7a547ee9718""","Thu, 01 Sep 2022 22:39:05 GMT",https://www.ncei.noaa.gov/data/nclimgrid-daily/access/averages/2015/ncdd-201505-version.txt,raw/nclimgrid_daily/version/2015/ncdd-201505-version.txt,4cc2ce46b61de5f26a119d7b6a56328acdaa65129e7a58fdea580ef7f1348983,processed/nclimgrid_daily/county_tavg/2015/county_tavg_201505.csv,96317,"nclimgrid-daily_v1-0-0_snap2026-07-30, start: 1951-01, end: 2026-06, status: scaled}",/Users/andrewpark/Desktop/Code/WeatherDerivativePricing,2026-09-02T15:42:54+00:00,Thu Sep 20 06:27:41 2018,True
tavg,2015-06,scaled,https://www.ncei.noaa.gov/data/nclimgrid-daily/access/averages/2015/tavg-201506-cty-scaled.csv,raw/nclimgrid_daily/averages/2015/tavg-201506-cty-scaled.csv,2026-07-30T03:41:52+00:00,1093490,922c57c38168f9fb373fb995313e173e4b8c9200774e6ed73c43e0db9e93721d,"""10af72-5e7a549149ca0""","Thu, 01 Sep 2022 22:39:25 GMT",https://www.ncei.noaa.gov/data/nclimgrid-daily/access/averages/2015/ncdd-201506-version.txt,raw/nclimgrid_daily/version/2015/ncdd-201506-version.txt,de5e8e3658841e3f0b16121184ddbb08fc6d10d88bfb29581714b74c3a64d7d9,processed/nclimgrid_daily/county_tavg/2015/county_tavg_201506.csv,93210,"nclimgrid-daily_v1-0-0_snap2026-07-30, start: 1951-01, end: 2026-06, status: scaled}",/Users/andrewpark/Desktop/Code/WeatherDerivativePricing,2026-09-02T15:42:54+00:00,Thu Sep 20 06:29:33 2018,True
tavg,2015-07,scaled,https://www.ncei.noaa.gov/data/nclimgrid-daily/access/averages/2015/tavg-201507-cty-scaled.csv,raw/nclimgrid_daily/averages/2015/tavg-201507-cty-scaled.csv,2026-07-30T03:41:52+00:00,1093490,ab4f06ad88972ef1abc78b707eb41093b1c733b8bd943859c05379f8b248fbe3,"""10af72-5e7a54a519527""","Thu, 01 Sep 2022 22:39:46 GMT",https://www.ncei.noaa.gov/data/nclimgrid-daily/access/averages/2015/ncdd-201507-version.txt,raw/nclimgrid_daily/version/2015/ncdd-201507-version.txt,17a8cb9b796fadcd018409a599afe5ff3d13f52c942a65cca8a20059c34b6a34,processed/nclimgrid_daily/county_tavg/2015/county_tavg_201507.csv,96317,"nclimgrid-daily_v1-0-0_snap2026-07-30, start: 1951-01, end: 2026-06, status: scaled}",/Users/andrewpark/Desktop/Code/WeatherDerivativePricing,2026-09-02T15:42:54+00:00,Fri Sep 21 06:20:13 2018,True
tavg,2015-08,scaled,https://www.ncei.noaa.gov/data/nclimgrid-daily/access/averages/2015/tavg-201508-cty-scaled.csv,raw/nclimgrid_daily/averages/2015/tavg-201508-cty-scaled.csv,2026-07-30T03:41:53+00:00,1093490,60a471a9002820e2626f2843000afe18df85ff8c95d5d41bda456d6309b31dae,"""10af72-5e7a54b8c247f""","Thu, 01 Sep 2022 22:40:06 GMT",https://www.ncei.noaa.gov/data/nclimgrid-daily/access/averages/2015/ncdd-201508-version.txt,raw/nclimgrid_daily/version/2015/ncdd-201508-version.txt,5fdd1837f1e19663237778271342e94c0d154f6f07a374ee9dcab7956ce52fcf,processed/nclimgrid_daily/county_tavg/2015/county_tavg_201508.csv,96317,"nclimgrid-daily_v1-0-0_snap2026-07-30, start: 1951-01, end: 2026-06, status: scaled}",/Users/andrewpark/Desktop/Code/WeatherDerivativePricing,2026-09-02T15:42:54+00:00,Fri Sep 21 06:22:07 2018,True
tavg,2015-09,scaled,https://www.ncei.noaa.gov/data/nclimgrid-daily/access/averages/2015/tavg-201509-cty-scaled.csv,raw/nclimgrid_daily/averages/2015/tavg-201509-cty-scaled.csv,2026-07-30T03:41:54+00:00,1093490,e4112398d8a7509a6baeef461c3a22e8a8ebda5e7ec3ecc60568b6aafa333257,"""10af72-5e7a54ccb1cbe""","Thu, 01 Sep 2022 22:40:27 GMT",https://www.ncei.noaa.gov/data/nclimgrid-daily/access/averages/2015/ncdd-201509-version.txt,raw/nclimgrid_daily/version/2015/ncdd-201509-version.txt,572c79326cbf7e1eb3609c7f7970523c5f23733ee3d76c5f37baf38d5a9cec64,processed/nclimgrid_daily/county_tavg/2015/county_tavg_201509.csv,93210,"nclimgrid-daily_v1-0-0_snap2026-07-30, start: 1951-01, end: 2026-06, status: scaled}",/Users/andrewpark/Desktop/Code/WeatherDerivativePricing,2026-09-02T15:42:54+00:00,Fri Sep 21 06:24:02 2018,True
tavg,2015-10,scaled,https://www.ncei.noaa.gov/data/nclimgrid-daily/access/averages/2015/tavg-201510-cty-scaled.csv,raw/nclimgrid_daily/averages/2015/tavg-201510-cty-scaled.csv,2026-07-30T03:41:54+00:00,1093490,5db449b423fe1d0ee50413cbd8b4484ec1481b66ecb995e07abead892ca7f484,"""10af72-5e7a54e0cfb2d""","Thu, 01 Sep 2022 22:40:48 GMT",https://www.ncei.noaa.gov/data/nclimgrid-daily/access/averages/2015/ncdd-201510-version.txt,raw/nclimgrid_daily/version/2015/ncdd-201510-version.txt,2fb47b8e0fb4e8fbe937f127a630ddd0ee5da3908a0e628e873ef7986961b1a3,processed/nclimgrid_daily/county_tavg/2015/county_tavg_201510.csv,96317,"nclimgrid-daily_v1-0-0_snap2026-07-30, start: 1951-01, end: 2026-06, status: scaled}",/Users/andrewpark/Desktop/Code/WeatherDerivativePricing,2026-09-02T15:42:54+00:00,Fri Sep 21 06:26:05 2018,True
tavg,2015-11,scaled,https://www.ncei.noaa.gov/data/nclimgrid-daily/access/averages/2015/tavg-201511-cty-scaled.csv,raw/nclimgrid_daily/averages/2015/tavg-201511-cty-scaled.csv,2026-07-30T03:41:55+00:00,1093490,655566028412f6859e5f9cac09d028d5ec71fab8cb3d0fc77bbd76c3780ede7e,"""10af72-5e7a54f54118d""","Thu, 01 Sep 2022 22:41:10 GMT",https://www.ncei.noaa.gov/data/nclimgrid-daily/access/averages/2015/ncdd-201511-version.txt,raw/nclimgrid_daily/version/2015/ncdd-201511-version.txt,5b6e7a98e836aed17c15f2025f30278ff660b7a08cfc575c8c3258c62e46fb52,processed/nclimgrid_daily/county_tavg/2015/county_tavg_201511.csv,93210,"nclimgrid-daily_v1-0-0_snap2026-07-30, start: 1951-01, end: 2026-06, status: scaled}",/Users/andrewpark/Desktop/Code/WeatherDerivativePricing,2026-09-02T15:42:54+00:00,Fri Sep 21 06:28:03 2018,True
tavg,2015-12,scaled,https://www.ncei.noaa.gov/data/nclimgrid-daily/access/averages/2015/tavg-201512-cty-scaled.csv,raw/nclimgrid_daily/averages/2015/tavg-201512-cty-scaled.csv,2026-07-30T03:41:55+00:00,1093490,dbefc5efaae95b99c84ad296aaca7ba27d584a828ec6f72e99877c70683c14b7,"""10af72-5e7a5509e064c""","Thu, 01 Sep 2022 22:41:31 GMT",https://www.ncei.noaa.gov/data/nclimgrid-daily/access/averages/2015/ncdd-201512-version.txt,raw/nclimgrid_daily/version/2015/ncdd-201512-version.txt,2a76a3862e0595535e96b48696f798aaac56333dad9520990ae9089c08ead571,processed/nclimgrid_daily/county_tavg/2015/county_tavg_201512.csv,96317,"nclimgrid-daily_v1-0-0_snap2026-07-30, start: 1951-01, end: 2026-06, status: scaled}",/Users/andrewpark/Desktop/Code/WeatherDerivativePricing,2026-09-02T15:42:54+00:00,Fri Sep 21 06:30:08 2018,True
tavg,2016-01,scaled,https://www.ncei.noaa.gov/data/nclimgrid-daily/access/averages/2016/tavg-201601-cty-scaled.csv,raw/nclimgrid_daily/averages/2016/tavg-201601-cty-scaled.csv,2026-07-30T03:41:56+00:00,1093490,b6e2b7ddc8c7a437fdc04214e05dc507d4fac41dad98dadbc15f26325dc429d8,"""10af72-5e7a551d0a27c""","Thu, 01 Sep 2022 22:41:51 GMT",https://www.ncei.noaa.gov/data/nclimgrid-daily/access/averages/2016/ncdd-201601-version.txt,raw/nclimgrid_daily/version/2016/ncdd-201601-version.txt,84e84c6f4faaca40f3f38ba4eca8f6e5c5ec1f3f28acba10aa0b321316af7e69,processed/nclimgrid_daily/county_tavg/2016/county_tavg_201601.csv,96317,"nclimgrid-daily_v1-0-0_snap2026-07-30, start: 1951-01, end: 2026-06, status: scaled}",/Users/andrewpark/Desktop/Code/WeatherDerivativePricing,2026-09-02T15:42:54+00:00,Sat Sep 22 04:22:32 2018,True
tavg,2016-02,scaled,https://www.ncei.noaa.gov/data/nclimgrid-daily/access/averages/2016/tavg-201602-cty-scaled.csv,raw/nclimgrid_daily/averages/2016/tavg-201602-cty-scaled.csv,2026-07-30T03:41:57+00:00,1093490,9c579ad46f20ae0c2df7326e99e7d3a0e9a8b335067c91026e8b00d4994c1128,"""10af72-5e7a5530cbc5b""","Thu, 01 Sep 2022 22:42:12 GMT",https://www.ncei.noaa.gov/data/nclimgrid-daily/access/averages/2016/ncdd-201602-version.txt,raw/nclimgrid_daily/version/2016/ncdd-201602-version.txt,e24e4bb33d1d00392bf876213ccb53238851314e5a8d1d456cd574f9f721a6ad,processed/nclimgrid_daily/county_tavg/2016/county_tavg_201602.csv,90103,"nclimgrid-daily_v1-0-0_snap2026-07-30, start: 1951-01, end: 2026-06, status: scaled}",/Users/andrewpark/Desktop/Code/WeatherDerivativePricing,2026-09-02T15:42:54+00:00,Sat Sep 22 04:24:17 2018,True
tavg,2016-03,scaled,https://www.ncei.noaa.gov/data/nclimgrid-daily/access/averages/2016/tavg-201603-cty-scaled.csv,raw/nclimgrid_daily/averages/2016/tavg-201603-cty-scaled.csv,2026-07-30T03:41:57+00:00,1093490,2b1e92c10a76f43eb6fc5492967dd67bd2b3272067522748774cee85971ab8ad,"""10af72-5e7a554475f3b""","Thu, 01 Sep 2022 22:42:33 GMT",https://www.ncei.noaa.gov/data/nclimgrid-daily/access/averages/2016/ncdd-201603-version.txt,raw/nclimgrid_daily/version/2016/ncdd-201603-version.txt,26629582e6d50437a06dc3093a89d1c093bef18a5d3fa39fadc860527e391421,processed/nclimgrid_daily/county_tavg/2016/county_tavg_201603.csv,96317,"nclimgrid-daily_v1-0-0_snap2026-07-30, start: 1951-01, end: 2026-06, status: scaled}",/Users/andrewpark/Desktop/Code/WeatherDerivativePricing,2026-09-02T15:42:54+00:00,Sat Sep 22 04:26:09 2018,True
tavg,2016-04,scaled,https://www.ncei.noaa.gov/data/nclimgrid-daily/access/averages/2016/tavg-201604-cty-scaled.csv,raw/nclimgrid_daily/averages/2016/tavg-201604-cty-scaled.csv,2026-07-30T03:41:58+00:00,1093490,beecffb94676cb845318627441c7277dc7fecc7d0ceb47c24a63590a2f8e4453,"""10af72-5e7a55572892a""","Thu, 01 Sep 2022 22:42:52 GMT",https://www.ncei.noaa.gov/data/nclimgrid-daily/access/averages/2016/ncdd-201604-version.txt,raw/nclimgrid_daily/version/2016/ncdd-201604-version.txt,c4d95ddacaead97ee20f5b7364959752d285caea303daa7929849903262702ab,processed/nclimgrid_daily/county_tavg/2016/county_tavg_201604.csv,93210,"nclimgrid-daily_v1-0-0_snap2026-07-30, start: 1951-01, end: 2026-06, status: scaled}",/Users/andrewpark/Desktop/Code/WeatherDerivativePricing,2026-09-02T15:42:54+00:00,Sat Sep 22 04:28:04 2018,True
tavg,2016-05,scaled,https://www.ncei.noaa.gov/data/nclimgrid-daily/access/averages/2016/tavg-201605-cty-scaled.csv,raw/nclimgrid_daily/averages/2016/tavg-201605-cty-scaled.csv,2026-07-30T03:41:59+00:00,1093490,08c6db0e98b83ffa1cd4d0d9ad2f2587a5f44d08c2ca46e64a621af60d614b8e,"""10af72-5e7a55695008a""","Thu, 01 Sep 2022 22:43:11 GMT",https://www.ncei.noaa.gov/data/nclimgrid-daily/access/averages/2016/ncdd-201605-version.txt,raw/nclimgrid_daily/version/2016/ncdd-201605-version.txt,6ce722f6fb02d39c8165829c2e623d049d3556e967e811fe10fee45aaa985e38,processed/nclimgrid_daily/county_tavg/2016/county_tavg_201605.csv,96317,"nclimgrid-daily_v1-0-0_snap2026-07-30, start: 1951-01, end: 2026-06, status: scaled}",/Users/andrewpark/Desktop/Code/WeatherDerivativePricing,2026-09-02T15:42:54+00:00,Sat Sep 22 04:30:02 2018,True
tavg,2016-06,scaled,https://www.ncei.noaa.gov/data/nclimgrid-daily/access/averages/2016/tavg-201606-cty-scaled.csv,raw/nclimgrid_daily/averages/2016/tavg-201606-cty-scaled.csv,2026-07-30T03:41:59+00:00,1093490,22946f53d995f2ca7771a097c08bf8ee4cfa75e13fdb964b39a3c672a2b0b3c5,"""10af72-5e7a557dc5181""","Thu, 01 Sep 2022 22:43:33 GMT",https://www.ncei.noaa.gov/data/nclimgrid-daily/access/averages/2016/ncdd-201606-version.txt,raw/nclimgrid_daily/version/2016/ncdd-201606-version.txt,3495f03b88fb51044937cccf30fb8f6827dc4aa37fe86d1a895c76f8b49b997f,processed/nclimgrid_daily/county_tavg/2016/county_tavg_201606.csv,93210,"nclimgrid-daily_v1-0-0_snap2026-07-30, start: 1951-01, end: 2026-06, status: scaled}",/Users/andrewpark/Desktop/Code/WeatherDerivativePricing,2026-09-02T15:42:54+00:00,Sat Sep 22 04:31:58 2018,True
tavg,2016-07,scaled,https://www.ncei.noaa.gov/data/nclimgrid-daily/access/averages/2016/tavg-201607-cty-scaled.csv,raw/nclimgrid_daily/averages/2016/tavg-201607-cty-scaled.csv,2026-07-30T03:42:00+00:00,1093490,3bf7083ed3651cf525859c56af8bdf742ab54731d5bfbd12a74be2a0ae5c81ed,"""10af72-5e7a5591e8db0""","Thu, 01 Sep 2022 22:43:54 GMT",https://www.ncei.noaa.gov/data/nclimgrid-daily/access/averages/2016/ncdd-201607-version.txt,raw/nclimgrid_daily/version/2016/ncdd-201607-version.txt,87b166cb4ef032b758b09bd6d559efacc88136c8b2340d4e5e2ac4c8c930e5c9,processed/nclimgrid_daily/county_tavg/2016/county_tavg_201607.csv,96317,"nclimgrid-daily_v1-0-0_snap2026-07-30, start: 1951-01, end: 2026-06, status: scaled}",/Users/andrewpark/Desktop/Code/WeatherDerivativePricing,2026-09-02T15:42:54+00:00,Sun Sep 23 04:20:31 2018,True
tavg,2016-08,scaled,https://www.ncei.noaa.gov/data/nclimgrid-daily/access/averages/2016/tavg-201608-cty-scaled.csv,raw/nclimgrid_daily/averages/2016/tavg-201608-cty-scaled.csv,2026-07-30T03:42:01+00:00,1093490,3ee3dbfd303f026b84fa17e9697aa299c7c5eb2016c1c85604d4c3ebe4d9d861,"""10af72-5e7a55a7d5678""","Thu, 01 Sep 2022 22:44:17 GMT",https://www.ncei.noaa.gov/data/nclimgrid-daily/access/averages/2016/ncdd-201608-version.txt,raw/nclimgrid_daily/version/2016/ncdd-201608-version.txt,7dad29831f669dd8495370a09011d9bc547d63f175b01e14e666d6e29402cc5f,processed/nclimgrid_daily/county_tavg/2016/county_tavg_201608.csv,96317,"nclimgrid-daily_v1-0-0_snap2026-07-30, start: 1951-01, end: 2026-06, status: scaled}",/Users/andrewpark/Desktop/Code/WeatherDerivativePricing,2026-09-02T15:42:54+00:00,Sun Sep 23 04:22:29 2018,True
tavg,2016-09,scaled,https://www.ncei.noaa.gov/data/nclimgrid-daily/access/averages/2016/tavg-201609-cty-scaled.csv,raw/nclimgrid_daily/averages/2016/tavg-201609-cty-scaled.csv,2026-07-30T03:42:02+00:00,1093490,bf5d995b6a9b9e4f292befc2fd7c71457679c381a23cbd537375ed1a790f87a2,"""10af72-5e7a55c2541e7""","Thu, 01 Sep 2022 22:44:45 GMT",https://www.ncei.noaa.gov/data/nclimgrid-daily/access/averages/2016/ncdd-201609-version.txt,raw/nclimgrid_daily/version/2016/ncdd-201609-version.txt,2804f53b09aeb5bbffbbbc04fae7d538e43b3e712670ccb4476fe0567dc8716c,processed/nclimgrid_daily/county_tavg/2016/county_tavg_201609.csv,93210,"nclimgrid-daily_v1-0-0_snap2026-07-30, start: 1951-01, end: 2026-06, status: scaled}",/Users/andrewpark/Desktop/Code/WeatherDerivativePricing,2026-09-02T15:42:54+00:00,Sun Sep 23 04:24:23 2018,True
tavg,2016-10,scaled,https://www.ncei.noaa.gov/data/nclimgrid-daily/access/averages/2016/tavg-201610-cty-scaled.csv,raw/nclimgrid_daily/averages/2016/tavg-201610-cty-scaled.csv,2026-07-30T03:42:02+00:00,1093490,31c8fb6954c501aa74a6a6ab38bd08199fbc121ed71c8632320c164f5165747d,"""10af72-5e7a55d6301a6""","Thu, 01 Sep 2022 22:45:05 GMT",https://www.ncei.noaa.gov/data/nclimgrid-daily/access/averages/2016/ncdd-201610-version.txt,raw/nclimgrid_daily/version/2016/ncdd-201610-version.txt,000e283571a1f93e96561c6cc9c4c753ca9b228fef0a50e91c24c11d02f96d39,processed/nclimgrid_daily/county_tavg/2016/county_tavg_201610.csv,96317,"nclimgrid-daily_v1-0-0_snap2026-07-30, start: 1951-01, end: 2026-06, status: scaled}",/Users/andrewpark/Desktop/Code/WeatherDerivativePricing,2026-09-02T15:42:54+00:00,Sun Sep 23 04:26:22 2018,True
tavg,2016-11,scaled,https://www.ncei.noaa.gov/data/nclimgrid-daily/access/averages/2016/tavg-201611-cty-scaled.csv,raw/nclimgrid_daily/averages/2016/tavg-201611-cty-scaled.csv,2026-07-30T03:42:03+00:00,1093490,6bbca5c112aa5e827550f5a46de0e5b25633bebe0d049658535ff7f64ca59bb6,"""10af72-5e7a55ec7507e""","Thu, 01 Sep 2022 22:45:29 GMT",https://www.ncei.noaa.gov/data/nclimgrid-daily/access/averages/2016/ncdd-201611-version.txt,raw/nclimgrid_daily/version/2016/ncdd-201611-version.txt,137839b2ce739510e125b4406e12d9bccc86431ab43fb2e6417395e1d93611af,processed/nclimgrid_daily/county_tavg/2016/county_tavg_201611.csv,93210,"nclimgrid-daily_v1-0-0_snap2026-07-30, start: 1951-01, end: 2026-06, status: scaled}",/Users/andrewpark/Desktop/Code/WeatherDerivativePricing,2026-09-02T15:42:54+00:00,Sun Sep 23 04:28:14 2018,True
tavg,2016-12,scaled,https://www.ncei.noaa.gov/data/nclimgrid-daily/access/averages/2016/tavg-201612-cty-scaled.csv,raw/nclimgrid_daily/averages/2016/tavg-201612-cty-scaled.csv,2026-07-30T03:42:03+00:00,1093490,5a9958aad3cd3e4bcd535b17d4ed3e16aa11acaf5cd0614a94549255eed9f523,"""10af72-5e7a55fffb525""","Thu, 01 Sep 2022 22:45:49 GMT",https://www.ncei.noaa.gov/data/nclimgrid-daily/access/averages/2016/ncdd-201612-version.txt,raw/nclimgrid_daily/version/2016/ncdd-201612-version.txt,8d6b6247b532ffeed5668164c8d84ca2d9f612d6ba4976c40014a42e6fa779d0,processed/nclimgrid_daily/county_tavg/2016/county_tavg_201612.csv,96317,"nclimgrid-daily_v1-0-0_snap2026-07-30, start: 1951-01, end: 2026-06, status: scaled}",/Users/andrewpark/Desktop/Code/WeatherDerivativePricing,2026-09-02T15:42:54+00:00,Sun Sep 23 04:30:15 2018,True
tavg,2017-01,scaled,https://www.ncei.noaa.gov/data/nclimgrid-daily/access/averages/2017/tavg-201701-cty-scaled.csv,raw/nclimgrid_daily/averages/2017/tavg-201701-cty-scaled.csv,2026-07-30T03:42:04+00:00,1093490,d5daeb028af2d18cb543dbd010d59d0bc4fce3903be3d3066e74b33c2432ade0,"""10af72-5e7a56131f77d""","Thu, 01 Sep 2022 22:46:09 GMT",https://www.ncei.noaa.gov/data/nclimgrid-daily/access/averages/2017/ncdd-201701-version.txt,raw/nclimgrid_daily/version/2017/ncdd-201701-version.txt,15aebe3eb2ab8d166134e23e2ea7636323bf55e31b29dde3cd2d87e89648bbc7,processed/nclimgrid_daily/county_tavg/2017/county_tavg_201701.csv,96317,"nclimgrid-daily_v1-0-0_snap2026-07-30, start: 1951-01, end: 2026-06, status: scaled}",/Users/andrewpark/Desktop/Code/WeatherDerivativePricing,2026-09-02T15:42:54+00:00,Mon Sep 24 04:21:40 2018,True
tavg,2017-02,scaled,https://www.ncei.noaa.gov/data/nclimgrid-daily/access/averages/2017/tavg-201702-cty-scaled.csv,raw/nclimgrid_daily/averages/2017/tavg-201702-cty-scaled.csv,2026-07-30T03:42:05+00:00,1093490,e391f50cda6cea3f1902b25cd4f05212ce63b8a549f2b3f5c02c4ba536d93192,"""10af72-5e7a56264c674""","Thu, 01 Sep 2022 22:46:29 GMT",https://www.ncei.noaa.gov/data/nclimgrid-daily/access/averages/2017/ncdd-201702-version.txt,raw/nclimgrid_daily/version/2017/ncdd-201702-version.txt,e280c3565f1585380876bc9510d548ff94fe5b79beeb1b7ac2570bdd7cb6bf1e,processed/nclimgrid_daily/county_tavg/2017/county_tavg_201702.csv,86996,"nclimgrid-daily_v1-0-0_snap2026-07-30, start: 1951-01, end: 2026-06, status: scaled}",/Users/andrewpark/Desktop/Code/WeatherDerivativePricing,2026-09-02T15:42:54+00:00,Mon Sep 24 04:23:29 2018,True
tavg,2017-03,scaled,https://www.ncei.noaa.gov/data/nclimgrid-daily/access/averages/2017/tavg-201703-cty-scaled.csv,raw/nclimgrid_daily/averages/2017/tavg-201703-cty-scaled.csv,2026-07-30T03:42:05+00:00,1093490,511c2a94adb7b5eb26acf0d1f22cc35d7e9a4b5e68b606be2df2a1f6da5af855,"""10af72-5e7a563846f14""","Thu, 01 Sep 2022 22:46:48 GMT",https://www.ncei.noaa.gov/data/nclimgrid-daily/access/averages/2017/ncdd-201703-version.txt,raw/nclimgrid_daily/version/2017/ncdd-201703-version.txt,7770e9a37eeb5f0205c03a823bce2402b1e85cd35f2e47db075018fb40d204fb,processed/nclimgrid_daily/county_tavg/2017/county_tavg_201703.csv,96317,"nclimgrid-daily_v1-0-0_snap2026-07-30, start: 1951-01, end: 2026-06, status: scaled}",/Users/andrewpark/Desktop/Code/WeatherDerivativePricing,2026-09-02T15:42:54+00:00,Mon Sep 24 04:25:30 2018,True
tavg,2017-04,scaled,https://www.ncei.noaa.gov/data/nclimgrid-daily/access/averages/2017/tavg-201704-cty-scaled.csv,raw/nclimgrid_daily/averages/2017/tavg-201704-cty-scaled.csv,2026-07-30T03:42:06+00:00,1093490,a8f576eb528ff41f84e60a8f9d838563e0b81bfefda5a789057a17da4bdba4b9,"""10af72-5e7a564b3ea7b""","Thu, 01 Sep 2022 22:47:08 GMT",https://www.ncei.noaa.gov/data/nclimgrid-daily/access/averages/2017/ncdd-201704-version.txt,raw/nclimgrid_daily/version/2017/ncdd-201704-version.txt,bb1be0de78a3db7c34f366fcda50a852a0c968f1ea927a7a3d85d830fe913ac5,processed/nclimgrid_daily/county_tavg/2017/county_tavg_201704.csv,93210,"nclimgrid-daily_v1-0-0_snap2026-07-30, start: 1951-01, end: 2026-06, status: scaled}",/Users/andrewpark/Desktop/Code/WeatherDerivativePricing,2026-09-02T15:42:54+00:00,Mon Sep 24 04:27:31 2018,True
tavg,2017-05,scaled,https://www.ncei.noaa.gov/data/nclimgrid-daily/access/averages/2017/tavg-201705-cty-scaled.csv,raw/nclimgrid_daily/averages/2017/tavg-201705-cty-scaled.csv,2026-07-30T03:42:07+00:00,1093490,5d8f0095c3ef05674fc5d6b6d4472aeaa242e665e6556a82210785da306ef95d,"""10af72-5e7a565dd300b""","Thu, 01 Sep 2022 22:47:28 GMT",https://www.ncei.noaa.gov/data/nclimgrid-daily/access/averages/2017/ncdd-201705-version.txt,raw/nclimgrid_daily/version/2017/ncdd-201705-version.txt,6ec3448468d0b381ef34b27ea26dbe44a2c3f52ffa8db7deb3fb241eb1446428,processed/nclimgrid_daily/county_tavg/2017/county_tavg_201705.csv,96317,"nclimgrid-daily_v1-0-0_snap2026-07-30, start: 1951-01, end: 2026-06, status: scaled}",/Users/andrewpark/Desktop/Code/WeatherDerivativePricing,2026-09-02T15:42:54+00:00,Mon Sep 24 04:29:33 2018,True
tavg,2017-06,scaled,https://www.ncei.noaa.gov/data/nclimgrid-daily/access/averages/2017/tavg-201706-cty-scaled.csv,raw/nclimgrid_daily/averages/2017/tavg-201706-cty-scaled.csv,2026-07-30T03:42:07+00:00,1093490,2261e874b88ad88adda6ff52ac0a0edd5ac108a5ffe9726c436d339c9456b44c,"""10af72-5e7a56722d352""","Thu, 01 Sep 2022 22:47:49 GMT",https://www.ncei.noaa.gov/data/nclimgrid-daily/access/averages/2017/ncdd-201706-version.txt,raw/nclimgrid_daily/version/2017/ncdd-201706-version.txt,3e0860c7a2bb9eec202146ce16c2fa9b0c7b5d2ef8c229cdad92e0fe9eb4cfd5,processed/nclimgrid_daily/county_tavg/2017/county_tavg_201706.csv,93210,"nclimgrid-daily_v1-0-0_snap2026-07-30, start: 1951-01, end: 2026-06, status: scaled}",/Users/andrewpark/Desktop/Code/WeatherDerivativePricing,2026-09-02T15:42:54+00:00,Mon Sep 24 04:31:34 2018,True
tavg,2017-07,scaled,https://www.ncei.noaa.gov/data/nclimgrid-daily/access/averages/2017/tavg-201707-cty-scaled.csv,raw/nclimgrid_daily/averages/2017/tavg-201707-cty-scaled.csv,2026-07-30T03:42:08+00:00,1093490,3fde0d7fa17d91b56f22818577451175092de0abe0148c8af70862b39bfd087e,"""10af72-5e7a5686c85a9""","Thu, 01 Sep 2022 22:48:11 GMT",https://www.ncei.noaa.gov/data/nclimgrid-daily/access/averages/2017/ncdd-201707-version.txt,raw/nclimgrid_daily/version/2017/ncdd-201707-version.txt,556986a6ff84c050f78d380bc7dd58bbafe195f7509557cc92e717db4c356d90,processed/nclimgrid_daily/county_tavg/2017/county_tavg_201707.csv,96317,"nclimgrid-daily_v1-0-0_snap2026-07-30, start: 1951-01, end: 2026-06, status: scaled}",/Users/andrewpark/Desktop/Code/WeatherDerivativePricing,2026-09-02T15:42:54+00:00,Tue Sep 25 04:20:25 2018,True
tavg,2017-08,scaled,https://www.ncei.noaa.gov/data/nclimgrid-daily/access/averages/2017/tavg-201708-cty-scaled.csv,raw/nclimgrid_daily/averages/2017/tavg-201708-cty-scaled.csv,2026-07-30T03:42:08+00:00,1093490,b153875c677e00a115333b2a1c659e90311e371231f72ebde7ce896730d3854c,"""10af72-5e7a569b253e9""","Thu, 01 Sep 2022 22:48:32 GMT",https://www.ncei.noaa.gov/data/nclimgrid-daily/access/averages/2017/ncdd-201708-version.txt,raw/nclimgrid_daily/version/2017/ncdd-201708-version.txt,b9b8f6e3b256d732fdeac463620d67f38733e38fd4a9f7960831e68d3da59184,processed/nclimgrid_daily/county_tavg/2017/county_tavg_201708.csv,96317,"nclimgrid-daily_v1-0-0_snap2026-07-30, start: 1951-01, end: 2026-06, status: scaled}",/Users/andrewpark/Desktop/Code/WeatherDerivativePricing,2026-09-02T15:42:54+00:00,Tue Sep 25 04:22:34 2018,True
tavg,2017-09,scaled,https://www.ncei.noaa.gov/data/nclimgrid-daily/access/averages/2017/tavg-201709-cty-scaled.csv,raw/nclimgrid_daily/averages/2017/tavg-201709-cty-scaled.csv,2026-07-30T03:42:09+00:00,1093490,c6ed16f2689d28e82b28f134db05f2b885fcf78547cc6cf509a38286a2c57168,"""10af72-5e7a56adffa90""","Thu, 01 Sep 2022 22:48:52 GMT",https://www.ncei.noaa.gov/data/nclimgrid-daily/access/averages/2017/ncdd-201709-version.txt,raw/nclimgrid_daily/version/2017/ncdd-201709-version.txt,58bdb487e641dfb8a1c46061a0e4a21a9cb4fc4c0f8962675951aea6c8520b5d,processed/nclimgrid_daily/county_tavg/2017/county_tavg_201709.csv,93210,"nclimgrid-daily_v1-0-0_snap2026-07-30, start: 1951-01, end: 2026-06, status: scaled}",/Users/andrewpark/Desktop/Code/WeatherDerivativePricing,2026-09-02T15:42:54+00:00,Tue Sep 25 04:24:38 2018,True
tavg,2017-10,scaled,https://www.ncei.noaa.gov/data/nclimgrid-daily/access/averages/2017/tavg-201710-cty-scaled.csv,raw/nclimgrid_daily/averages/2017/tavg-201710-cty-scaled.csv,2026-07-30T03:42:10+00:00,1093490,3e429152a3a36ba8864ee37412a5bbfae54283124dae610875cbf9320c3f1fbb,"""10af72-5e7a56c2a9b30""","Thu, 01 Sep 2022 22:49:13 GMT",https://www.ncei.noaa.gov/data/nclimgrid-daily/access/averages/2017/ncdd-201710-version.txt,raw/nclimgrid_daily/version/2017/ncdd-201710-version.txt,61139edbc674ccbe00fe9abaa9a9893ba76978b18be3f67e78c4dad9a0c14320,processed/nclimgrid_daily/county_tavg/2017/county_tavg_201710.csv,96317,"nclimgrid-daily_v1-0-0_snap2026-07-30, start: 1951-01, end: 2026-06, status: scaled}",/Users/andrewpark/Desktop/Code/WeatherDerivativePricing,2026-09-02T15:42:54+00:00,Tue Sep 25 04:26:53 2018,True
tavg,2017-11,scaled,https://www.ncei.noaa.gov/data/nclimgrid-daily/access/averages/2017/tavg-201711-cty-scaled.csv,raw/nclimgrid_daily/averages/2017/tavg-201711-cty-scaled.csv,2026-07-30T03:42:10+00:00,1093490,ff3c9a4f8dbd823338bee04cf9cc96b92eb19d81cde55461c5cf3558de73b874,"""10af72-5e7a56d65651f""","Thu, 01 Sep 2022 22:49:34 GMT",https://www.ncei.noaa.gov/data/nclimgrid-daily/access/averages/2017/ncdd-201711-version.txt,raw/nclimgrid_daily/version/2017/ncdd-201711-version.txt,ff44355fa697b7d7fd068f15d822ef589116b7483ebb7c695bab951ec6672dd7,processed/nclimgrid_daily/county_tavg/2017/county_tavg_201711.csv,93210,"nclimgrid-daily_v1-0-0_snap2026-07-30, start: 1951-01, end: 2026-06, status: scaled}",/Users/andrewpark/Desktop/Code/WeatherDerivativePricing,2026-09-02T15:42:54+00:00,Tue Sep 25 04:29:03 2018,True
tavg,2017-12,scaled,https://www.ncei.noaa.gov/data/nclimgrid-daily/access/averages/2017/tavg-201712-cty-scaled.csv,raw/nclimgrid_daily/averages/2017/tavg-201712-cty-scaled.csv,2026-07-30T03:42:11+00:00,1093490,5f263dde4437dbbb1110b27dd3988d4ed828e8deedc48d75b78575adc40576d5,"""10af72-5e7a56ea5f39f""","Thu, 01 Sep 2022 22:49:55 GMT",https://www.ncei.noaa.gov/data/nclimgrid-daily/access/averages/2017/ncdd-201712-version.txt,raw/nclimgrid_daily/version/2017/ncdd-201712-version.txt,a2d407a4c4f87e52adb5b43080027d09376e357e12763b33a76b78a4dc6f363e,processed/nclimgrid_daily/county_tavg/2017/county_tavg_201712.csv,96317,"nclimgrid-daily_v1-0-0_snap2026-07-30, start: 1951-01, end: 2026-06, status: scaled}",/Users/andrewpark/Desktop/Code/WeatherDerivativePricing,2026-09-02T15:42:54+00:00,Tue Sep 25 04:31:19 2018,True
tavg,2018-01,scaled,https://www.ncei.noaa.gov/data/nclimgrid-daily/access/averages/2018/tavg-201801-cty-scaled.csv,raw/nclimgrid_daily/averages/2018/tavg-201801-cty-scaled.csv,2026-07-30T03:42:12+00:00,1093490,fe333396e9e98464a5a73af073fa650d3db707763c5f99252b03c43aebd6700d,"""10af72-5e7a56fd23e9e""","Thu, 01 Sep 2022 22:50:15 GMT",https://www.ncei.noaa.gov/data/nclimgrid-daily/access/averages/2018/ncdd-201801-version.txt,raw/nclimgrid_daily/version/2018/ncdd-201801-version.txt,b85b90bfb27d352d1ee4bbaed6eb306d9a57085dc23c8abf9ef1839fab7b325b,processed/nclimgrid_daily/county_tavg/2018/county_tavg_201801.csv,96317,"nclimgrid-daily_v1-0-0_snap2026-07-30, start: 1951-01, end: 2026-06, status: scaled}",/Users/andrewpark/Desktop/Code/WeatherDerivativePricing,2026-09-02T15:42:54+00:00,Wed Sep 26 04:19:49 2018,True
tavg,2018-02,scaled,https://www.ncei.noaa.gov/data/nclimgrid-daily/access/averages/2018/tavg-201802-cty-scaled.csv,raw/nclimgrid_daily/averages/2018/tavg-201802-cty-scaled.csv,2026-07-30T03:42:12+00:00,1093490,349f6f5433d598036f782b42ff929c4b402e9271ea72674e04a80c7c8b65d036,"""10af72-5e7a571032166""","Thu, 01 Sep 2022 22:50:35 GMT",https://www.ncei.noaa.gov/data/nclimgrid-daily/access/averages/2018/ncdd-201802-version.txt,raw/nclimgrid_daily/version/2018/ncdd-201802-version.txt,ad0be2160ea000440fa4041a69e46d53897d24b636aac159d7741f5c093bcfbd,processed/nclimgrid_daily/county_tavg/2018/county_tavg_201802.csv,86996,"nclimgrid-daily_v1-0-0_snap2026-07-30, start: 1951-01, end: 2026-06, status: scaled}",/Users/andrewpark/Desktop/Code/WeatherDerivativePricing,2026-09-02T15:42:54+00:00,Wed Sep 26 04:21:12 2018,True
tavg,2018-03,scaled,https://www.ncei.noaa.gov/data/nclimgrid-daily/access/averages/2018/tavg-201803-cty-scaled.csv,raw/nclimgrid_daily/averages/2018/tavg-201803-cty-scaled.csv,2026-07-30T03:42:13+00:00,1093490,2e2868242395b5720b242021a7976b90ff29cd1a268f5a879062e4b524d99d2a,"""10af72-5e7a57244a215""","Thu, 01 Sep 2022 22:50:56 GMT",https://www.ncei.noaa.gov/data/nclimgrid-daily/access/averages/2018/ncdd-201803-version.txt,raw/nclimgrid_daily/version/2018/ncdd-201803-version.txt,f1ac69403cbee184ae47565ce38ee5e3d7772428543389d8a6c1eb7f30d96581,processed/nclimgrid_daily/county_tavg/2018/county_tavg_201803.csv,96317,"nclimgrid-daily_v1-0-0_snap2026-07-30, start: 1951-01, end: 2026-06, status: scaled}",/Users/andrewpark/Desktop/Code/WeatherDerivativePricing,2026-09-02T15:42:54+00:00,Wed Sep 26 04:22:46 2018,True
tavg,2018-04,scaled,https://www.ncei.noaa.gov/data/nclimgrid-daily/access/averages/2018/tavg-201804-cty-scaled.csv,raw/nclimgrid_daily/averages/2018/tavg-201804-cty-scaled.csv,2026-07-30T03:42:14+00:00,1093490,387ec68aeb650037ec42b7d5f87455dd13e5064f057c08e0b3a03b4d99e6b0d4,"""10af72-5e7a5739a5a8c""","Thu, 01 Sep 2022 22:51:18 GMT",https://www.ncei.noaa.gov/data/nclimgrid-daily/access/averages/2018/ncdd-201804-version.txt,raw/nclimgrid_daily/version/2018/ncdd-201804-version.txt,a5d8cd3d765bf75e032376fd3ba0c1ace5708b27677e7f46b70d37cb82693a8f,processed/nclimgrid_daily/county_tavg/2018/county_tavg_201804.csv,93210,"nclimgrid-daily_v1-0-0_snap2026-07-30, start: 1951-01, end: 2026-06, status: scaled}",/Users/andrewpark/Desktop/Code/WeatherDerivativePricing,2026-09-02T15:42:54+00:00,Wed Sep 26 04:24:16 2018,True
tavg,2018-05,scaled,https://www.ncei.noaa.gov/data/nclimgrid-daily/access/averages/2018/tavg-201805-cty-scaled.csv,raw/nclimgrid_daily/averages/2018/tavg-201805-cty-scaled.csv,2026-07-30T03:42:14+00:00,1093490,c796f0348308679172f778aec47888266a66180daaf86c80a4f880e9640e1309,"""10af72-5e7a575164844""","Thu, 01 Sep 2022 22:51:43 GMT",https://www.ncei.noaa.gov/data/nclimgrid-daily/access/averages/2018/ncdd-201805-version.txt,raw/nclimgrid_daily/version/2018/ncdd-201805-version.txt,dfdb2cad77d592c1d74656a1461726f84994b18f3ebd78395cf17a7f9dcc8064,processed/nclimgrid_daily/county_tavg/2018/county_tavg_201805.csv,96317,"nclimgrid-daily_v1-0-0_snap2026-07-30, start: 1951-01, end: 2026-06, status: scaled}",/Users/andrewpark/Desktop/Code/WeatherDerivativePricing,2026-09-02T15:42:54+00:00,Wed Sep 26 04:25:50 2018,True
tavg,2018-06,scaled,https://www.ncei.noaa.gov/data/nclimgrid-daily/access/averages/2018/tavg-201806-cty-scaled.csv,raw/nclimgrid_daily/averages/2018/tavg-201806-cty-scaled.csv,2026-07-30T03:42:15+00:00,1093490,4cba4f3d1073fd2b1f6ba3f31b49145cbf7108d3ceb9ae1bbcecd0d4deb04e2d,"""10af72-5e7a5765c64a3""","Thu, 01 Sep 2022 22:52:04 GMT",https://www.ncei.noaa.gov/data/nclimgrid-daily/access/averages/2018/ncdd-201806-version.txt,raw/nclimgrid_daily/version/2018/ncdd-201806-version.txt,1e4999549a1f4ffc77af9b15cc472cb550edec3283e4e96f6563c9cca77a3a32,processed/nclimgrid_daily/county_tavg/2018/county_tavg_201806.csv,93210,"nclimgrid-daily_v1-0-0_snap2026-07-30, start: 1951-01, end: 2026-06, status: scaled}",/Users/andrewpark/Desktop/Code/WeatherDerivativePricing,2026-09-02T15:42:54+00:00,Wed Sep 26 04:27:23 2018,True
tavg,2018-07,scaled,https://www.ncei.noaa.gov/data/nclimgrid-daily/access/averages/2018/tavg-201807-cty-scaled.csv,raw/nclimgrid_daily/averages/2018/tavg-201807-cty-scaled.csv,2026-07-30T03:42:15+00:00,1093490,54aa6c283b7fd7956386d6dba569e84fd10a6364b98ffdf8edcd7387c6f80dd4,"""10af72-5e7a577935e03""","Thu, 01 Sep 2022 22:52:25 GMT",https://www.ncei.noaa.gov/data/nclimgrid-daily/access/averages/2018/ncdd-201807-version.txt,raw/nclimgrid_daily/version/2018/ncdd-201807-version.txt,ea27bd2688c5ec45d4753c5053bc33cd912991cf569ae254a509bd9483aa035f,processed/nclimgrid_daily/county_tavg/2018/county_tavg_201807.csv,96317,"nclimgrid-daily_v1-0-0_snap2026-07-30, start: 1951-01, end: 2026-06, status: scaled}",/Users/andrewpark/Desktop/Code/WeatherDerivativePricing,2026-09-02T15:42:54+00:00,Tue Dec  4 10:13:23 2018,True
tavg,2018-08,scaled,https://www.ncei.noaa.gov/data/nclimgrid-daily/access/averages/2018/tavg-201808-cty-scaled.csv,raw/nclimgrid_daily/averages/2018/tavg-201808-cty-scaled.csv,2026-07-30T03:42:16+00:00,1093490,b3b76d1fb7bb4f8ec583f7f8afd1e712730bf196105d25ead4c17d6277404d9d,"""10af72-5e7a578d2796a""","Thu, 01 Sep 2022 22:52:46 GMT",https://www.ncei.noaa.gov/data/nclimgrid-daily/access/averages/2018/ncdd-201808-version.txt,raw/nclimgrid_daily/version/2018/ncdd-201808-version.txt,1624b892c214a8a55452ea9653dee9824f40cd78aa83c6fe8090bca560b02b67,processed/nclimgrid_daily/county_tavg/2018/county_tavg_201808.csv,96317,"nclimgrid-daily_v1-0-0_snap2026-07-30, start: 1951-01, end: 2026-06, status: scaled}",/Users/andrewpark/Desktop/Code/WeatherDerivativePricing,2026-09-02T15:42:54+00:00,Tue Dec  4 10:15:03 2018,True
tavg,2018-09,scaled,https://www.ncei.noaa.gov/data/nclimgrid-daily/access/averages/2018/tavg-201809-cty-scaled.csv,raw/nclimgrid_daily/averages/2018/tavg-201809-cty-scaled.csv,2026-07-30T03:42:17+00:00,1093490,075b907236ac8d7532f940895ede680bad11290bd409c3ff82146ff27ac4bd0d,"""10af72-5e7a57a151359""","Thu, 01 Sep 2022 22:53:07 GMT",https://www.ncei.noaa.gov/data/nclimgrid-daily/access/averages/2018/ncdd-201809-version.txt,raw/nclimgrid_daily/version/2018/ncdd-201809-version.txt,b9728de9ffcbc72b3d76750ae52a4271b913038256e814779410139c5a469631,processed/nclimgrid_daily/county_tavg/2018/county_tavg_201809.csv,93210,"nclimgrid-daily_v1-0-0_snap2026-07-30, start: 1951-01, end: 2026-06, status: scaled}",/Users/andrewpark/Desktop/Code/WeatherDerivativePricing,2026-09-02T15:42:54+00:00,Tue Dec  4 10:16:43 2018,True
tavg,2018-10,scaled,https://www.ncei.noaa.gov/data/nclimgrid-daily/access/averages/2018/tavg-201810-cty-scaled.csv,raw/nclimgrid_daily/averages/2018/tavg-201810-cty-scaled.csv,2026-07-30T03:42:17+00:00,1093490,95af5e73d3f828e918fa1f2b6802393e669f933d5951239a76dcb212cb3bd14d,"""10af72-5e7a57b4b5521""","Thu, 01 Sep 2022 22:53:27 GMT",https://www.ncei.noaa.gov/data/nclimgrid-daily/access/averages/2018/ncdd-201810-version.txt,raw/nclimgrid_daily/version/2018/ncdd-201810-version.txt,d5be7b230c68b4529486cef1229612fa67cf6f9da7fcdd9850a7110429cd7361,processed/nclimgrid_daily/county_tavg/2018/county_tavg_201810.csv,96317,"nclimgrid-daily_v1-0-0_snap2026-07-30, start: 1951-01, end: 2026-06, status: scaled}",/Users/andrewpark/Desktop/Code/WeatherDerivativePricing,2026-09-02T15:42:54+00:00,Fri Feb 14 13:48:22 2020,True
tavg,2018-11,scaled,https://www.ncei.noaa.gov/data/nclimgrid-daily/access/averages/2018/tavg-201811-cty-scaled.csv,raw/nclimgrid_daily/averages/2018/tavg-201811-cty-scaled.csv,2026-07-30T03:42:18+00:00,1093490,c5cd4fd5f98adb87ab86c616b10950f2682af645f3bfb982a17722085c32a73e,"""10af72-5e7a57c7d8008""","Thu, 01 Sep 2022 22:53:47 GMT",https://www.ncei.noaa.gov/data/nclimgrid-daily/access/averages/2018/ncdd-201811-version.txt,raw/nclimgrid_daily/version/2018/ncdd-201811-version.txt,dcc9836ae94dc9e74423a86a77c7e64be63b560f959282124c11865e78676665,processed/nclimgrid_daily/county_tavg/2018/county_tavg_201811.csv,93210,"nclimgrid-daily_v1-0-0_snap2026-07-30, start: 1951-01, end: 2026-06, status: scaled}",/Users/andrewpark/Desktop/Code/WeatherDerivativePricing,2026-09-02T15:42:54+00:00,Fri Feb 14 13:50:24 2020,True
tavg,2018-12,scaled,https://www.ncei.noaa.gov/data/nclimgrid-daily/access/averages/2018/tavg-201812-cty-scaled.csv,raw/nclimgrid_daily/averages/2018/tavg-201812-cty-scaled.csv,2026-07-30T03:42:19+00:00,1093490,18a948e32e3d38371389e29019cb01d9838d30aa924e7956363ccc56a23eecbd,"""10af72-5e7a57dc0fc88""","Thu, 01 Sep 2022 22:54:08 GMT",https://www.ncei.noaa.gov/data/nclimgrid-daily/access/averages/2018/ncdd-201812-version.txt,raw/nclimgrid_daily/version/2018/ncdd-201812-version.txt,de1105ae27f56bffd6ec7c0ca7dad63828ff90dd38f8f581ff4f7c748fbaa1d6,processed/nclimgrid_daily/county_tavg/2018/county_tavg_201812.csv,96317,"nclimgrid-daily_v1-0-0_snap2026-07-30, start: 1951-01, end: 2026-06, status: scaled}",/Users/andrewpark/Desktop/Code/WeatherDerivativePricing,2026-09-02T15:42:54+00:00,Sat Feb 15 06:11:36 2020,True
tavg,2019-01,scaled,https://www.ncei.noaa.gov/data/nclimgrid-daily/access/averages/2019/tavg-201901-cty-scaled.csv,raw/nclimgrid_daily/averages/2019/tavg-201901-cty-scaled.csv,2026-07-30T03:42:19+00:00,1093490,338408235ce5f43266b280bb9604e7072169285da93d8b8e9d2b72119c46e7a0,"""10af72-5e7a57ef31f9f""","Thu, 01 Sep 2022 22:54:29 GMT",https://www.ncei.noaa.gov/data/nclimgrid-daily/access/averages/2019/ncdd-201901-version.txt,raw/nclimgrid_daily/version/2019/ncdd-201901-version.txt,0d5f84e33c5fbd2d36a428de23786a9616f1bdceda9e0cd7c63b0a4204dd2e32,processed/nclimgrid_daily/county_tavg/2019/county_tavg_201901.csv,96317,"nclimgrid-daily_v1-0-0_snap2026-07-30, start: 1951-01, end: 2026-06, status: scaled}",/Users/andrewpark/Desktop/Code/WeatherDerivativePricing,2026-09-02T15:42:54+00:00,Sat Feb 15 06:14:25 2020,True
tavg,2019-02,scaled,https://www.ncei.noaa.gov/data/nclimgrid-daily/access/averages/2019/tavg-201902-cty-scaled.csv,raw/nclimgrid_daily/averages/2019/tavg-201902-cty-scaled.csv,2026-07-30T03:42:20+00:00,1093490,0b6ed987140a8fc5662318eb849373a9899ff4f103b33632f10af9305a81a9c8,"""10af72-5e7a58047c2bf""","Thu, 01 Sep 2022 22:54:51 GMT",https://www.ncei.noaa.gov/data/nclimgrid-daily/access/averages/2019/ncdd-201902-version.txt,raw/nclimgrid_daily/version/2019/ncdd-201902-version.txt,0702ae8a00c0bb882d7c68d318c14f6a3b3bae302a95a461bb088df880d138a0,processed/nclimgrid_daily/county_tavg/2019/county_tavg_201902.csv,86996,"nclimgrid-daily_v1-0-0_snap2026-07-30, start: 1951-01, end: 2026-06, status: scaled}",/Users/andrewpark/Desktop/Code/WeatherDerivativePricing,2026-09-02T15:42:54+00:00,Sat Feb 15 06:16:18 2020,True
tavg,2019-03,scaled,https://www.ncei.noaa.gov/data/nclimgrid-daily/access/averages/2019/tavg-201903-cty-scaled.csv,raw/nclimgrid_daily/averages/2019/tavg-201903-cty-scaled.csv,2026-07-30T03:42:21+00:00,1093490,ea8e588de397754e1a259b73be14d77cc83be4f4391ac1d130a06977aed80b0a,"""10af72-5e7a581826d6e""","Thu, 01 Sep 2022 22:55:11 GMT",https://www.ncei.noaa.gov/data/nclimgrid-daily/access/averages/2019/ncdd-201903-version.txt,raw/nclimgrid_daily/version/2019/ncdd-201903-version.txt,874a65f65e64dea30ef8dfd33a915deb2c0c07810f6316a8e2502e10007c18d7,processed/nclimgrid_daily/county_tavg/2019/county_tavg_201903.csv,96317,"nclimgrid-daily_v1-0-0_snap2026-07-30, start: 1951-01, end: 2026-06, status: scaled}",/Users/andrewpark/Desktop/Code/WeatherDerivativePricing,2026-09-02T15:42:54+00:00,Sat Feb 15 06:18:25 2020,True
tavg,2019-04,scaled,https://www.ncei.noaa.gov/data/nclimgrid-daily/access/averages/2019/tavg-201904-cty-scaled.csv,raw/nclimgrid_daily/averages/2019/tavg-201904-cty-scaled.csv,2026-07-30T03:42:21+00:00,1093490,bf6fe9cc9129503da9716bd2cbbe56492bf85ff1478e8a877009daf0a129869c,"""10af72-5e7a582a8d49e""","Thu, 01 Sep 2022 22:55:31 GMT",https://www.ncei.noaa.gov/data/nclimgrid-daily/access/averages/2019/ncdd-201904-version.txt,raw/nclimgrid_daily/version/2019/ncdd-201904-version.txt,06f1b46c8ca787ebd33a695739447e949eb4b0144600dc12d717e0607f7fa307,processed/nclimgrid_daily/county_tavg/2019/county_tavg_201904.csv,93210,"nclimgrid-daily_v1-0-0_snap2026-07-30, start: 1951-01, end: 2026-06, status: scaled}",/Users/andrewpark/Desktop/Code/WeatherDerivativePricing,2026-09-02T15:42:54+00:00,Sat Feb 15 06:20:26 2020,True
tavg,2019-05,scaled,https://www.ncei.noaa.gov/data/nclimgrid-daily/access/averages/2019/tavg-201905-cty-scaled.csv,raw/nclimgrid_daily/averages/2019/tavg-201905-cty-scaled.csv,2026-07-30T03:42:22+00:00,1093490,8ae09dc688b4bcba8979e05df5722a6f5e0d075d49825ef67f9f478566ab578e,"""10af72-5e7a583ddc675""","Thu, 01 Sep 2022 22:55:51 GMT",https://www.ncei.noaa.gov/data/nclimgrid-daily/access/averages/2019/ncdd-201905-version.txt,raw/nclimgrid_daily/version/2019/ncdd-201905-version.txt,9ba5b1f898df649ce841de63151fd3bbfaf96bb877da2d9d2c8fceedea3e928d,processed/nclimgrid_daily/county_tavg/2019/county_tavg_201905.csv,96317,"nclimgrid-daily_v1-0-0_snap2026-07-30, start: 1951-01, end: 2026-06, status: scaled}",/Users/andrewpark/Desktop/Code/WeatherDerivativePricing,2026-09-02T15:42:54+00:00,Sat Feb 15 06:22:26 2020,True
tavg,2019-06,scaled,https://www.ncei.noaa.gov/data/nclimgrid-daily/access/averages/2019/tavg-201906-cty-scaled.csv,raw/nclimgrid_daily/averages/2019/tavg-201906-cty-scaled.csv,2026-07-30T03:42:22+00:00,1093490,795de19c5f46d6a00d5797bd967520ba565a4395e722e6f54e10202a807cb6b0,"""10af72-5e7a58515776c""","Thu, 01 Sep 2022 22:56:11 GMT",https://www.ncei.noaa.gov/data/nclimgrid-daily/access/averages/2019/ncdd-201906-version.txt,raw/nclimgrid_daily/version/2019/ncdd-201906-version.txt,d43c031203657e3326f32c451e07785a9d89e8eb71af509aefa70c8cb0871951,processed/nclimgrid_daily/county_tavg/2019/county_tavg_201906.csv,93210,"nclimgrid-daily_v1-0-0_snap2026-07-30, start: 1951-01, end: 2026-06, status: scaled}",/Users/andrewpark/Desktop/Code/WeatherDerivativePricing,2026-09-02T15:42:54+00:00,Sat Feb 15 06:24:22 2020,True
tavg,2019-07,scaled,https://www.ncei.noaa.gov/data/nclimgrid-daily/access/averages/2019/tavg-201907-cty-scaled.csv,raw/nclimgrid_daily/averages/2019/tavg-201907-cty-scaled.csv,2026-07-30T03:42:23+00:00,1093490,f766ff45d9dd919ca72f516337939ef8a0b4bf60381176a710928b6c158fe0f3,"""10af72-5e7a58647293c""","Thu, 01 Sep 2022 22:56:31 GMT",https://www.ncei.noaa.gov/data/nclimgrid-daily/access/averages/2019/ncdd-201907-version.txt,raw/nclimgrid_daily/version/2019/ncdd-201907-version.txt,c12048abf40c45cb47780709f3e30e43d11ce1eefb53cc78c969321676479640,processed/nclimgrid_daily/county_tavg/2019/county_tavg_201907.csv,96317,"nclimgrid-daily_v1-0-0_snap2026-07-30, start: 1951-01, end: 2026-06, status: scaled}",/Users/andrewpark/Desktop/Code/WeatherDerivativePricing,2026-09-02T15:42:54+00:00,Sat Feb 15 06:26:18 2020,True
tavg,2019-08,scaled,https://www.ncei.noaa.gov/data/nclimgrid-daily/access/averages/2019/tavg-201908-cty-scaled.csv,raw/nclimgrid_daily/averages/2019/tavg-201908-cty-scaled.csv,2026-07-30T03:42:24+00:00,1093490,9ee5bd2757e4ad33440787ee84e1c0ab48bf72311bdcfecc14ab31ca090a9ad9,"""10af72-5e7a58774b48b""","Thu, 01 Sep 2022 22:56:51 GMT",https://www.ncei.noaa.gov/data/nclimgrid-daily/access/averages/2019/ncdd-201908-version.txt,raw/nclimgrid_daily/version/2019/ncdd-201908-version.txt,10251812544271dd9660c0d445473575e1dfe3af826d83dd5f7469174ac996a4,processed/nclimgrid_daily/county_tavg/2019/county_tavg_201908.csv,96317,"nclimgrid-daily_v1-0-0_snap2026-07-30, start: 1951-01, end: 2026-06, status: scaled}",/Users/andrewpark/Desktop/Code/WeatherDerivativePricing,2026-09-02T15:42:54+00:00,Sat Feb 15 06:28:18 2020,True
tavg,2019-09,scaled,https://www.ncei.noaa.gov/data/nclimgrid-daily/access/averages/2019/tavg-201909-cty-scaled.csv,raw/nclimgrid_daily/averages/2019/tavg-201909-cty-scaled.csv,2026-07-30T03:42:24+00:00,1093490,31e1d718461a6c91d2f029ec87ba42ae34623e1eddff88da01afc94f6a195f7f,"""10af72-5e7a588a9dd13""","Thu, 01 Sep 2022 22:57:12 GMT",https://www.ncei.noaa.gov/data/nclimgrid-daily/access/averages/2019/ncdd-201909-version.txt,raw/nclimgrid_daily/version/2019/ncdd-201909-version.txt,3d8faf600b831d31f75f570f55ebe8f15f11098bc2605066d668dd6c882e4680,processed/nclimgrid_daily/county_tavg/2019/county_tavg_201909.csv,93210,"nclimgrid-daily_v1-0-0_snap2026-07-30, start: 1951-01, end: 2026-06, status: scaled}",/Users/andrewpark/Desktop/Code/WeatherDerivativePricing,2026-09-02T15:42:54+00:00,Sat Feb 15 06:30:14 2020,True
tavg,2019-10,scaled,https://www.ncei.noaa.gov/data/nclimgrid-daily/access/averages/2019/tavg-201910-cty-scaled.csv,raw/nclimgrid_daily/averages/2019/tavg-201910-cty-scaled.csv,2026-07-30T03:42:25+00:00,1093490,8ce7d225877fd916572af19dc9445cebc93191f5f9de81ff2c04699abf844188,"""10af72-5e7a589f56812""","Thu, 01 Sep 2022 22:57:33 GMT",https://www.ncei.noaa.gov/data/nclimgrid-daily/access/averages/2019/ncdd-201910-version.txt,raw/nclimgrid_daily/version/2019/ncdd-201910-version.txt,4cad193d127c154d462f4e71d4bc172300d1bfd54aef30c262a2ebb64ac13f91,processed/nclimgrid_daily/county_tavg/2019/county_tavg_201910.csv,96317,"nclimgrid-daily_v1-0-0_snap2026-07-30, start: 1951-01, end: 2026-06, status: scaled}",/Users/andrewpark/Desktop/Code/WeatherDerivativePricing,2026-09-02T15:42:54+00:00,Sat Feb 15 06:32:19 2020,True
tavg,2019-11,scaled,https://www.ncei.noaa.gov/data/nclimgrid-daily/access/averages/2019/tavg-201911-cty-scaled.csv,raw/nclimgrid_daily/averages/2019/tavg-201911-cty-scaled.csv,2026-07-30T03:42:25+00:00,1093490,b1bc70ba2afdde057032f2d7a06ffdc07a267b4394eeec56675d5dbf86ee6ee1,"""10af72-5e7a58b2d72e2""","Thu, 01 Sep 2022 22:57:54 GMT",https://www.ncei.noaa.gov/data/nclimgrid-daily/access/averages/2019/ncdd-201911-version.txt,raw/nclimgrid_daily/version/2019/ncdd-201911-version.txt,c8856422f1f3f9127cce577284cc22553682d65a8de1fb09213c0e5b510526bc,processed/nclimgrid_daily/county_tavg/2019/county_tavg_201911.csv,93210,"nclimgrid-daily_v1-0-0_snap2026-07-30, start: 1951-01, end: 2026-06, status: scaled}",/Users/andrewpark/Desktop/Code/WeatherDerivativePricing,2026-09-02T15:42:54+00:00,Sat Feb 15 06:34:22 2020,True
tavg,2019-12,scaled,https://www.ncei.noaa.gov/data/nclimgrid-daily/access/averages/2019/tavg-201912-cty-scaled.csv,raw/nclimgrid_daily/averages/2019/tavg-201912-cty-scaled.csv,2026-07-30T03:42:26+00:00,1093490,e2be3553ec5ed66e42657ad05fc981d2d745ad7de0dc1b9d081df09e73c89c0e,"""10af72-5e7a58c7208a1""","Thu, 01 Sep 2022 22:58:15 GMT",https://www.ncei.noaa.gov/data/nclimgrid-daily/access/averages/2019/ncdd-201912-version.txt,raw/nclimgrid_daily/version/2019/ncdd-201912-version.txt,8bf62d891e57b0073abe3d118421a03980df51f568077f073e29c1e4e90e9612,processed/nclimgrid_daily/county_tavg/2019/county_tavg_201912.csv,96317,"nclimgrid-daily_v1-0-0_snap2026-07-30, start: 1951-01, end: 2026-06, status: scaled}",/Users/andrewpark/Desktop/Code/WeatherDerivativePricing,2026-09-02T15:42:54+00:00,Wed Mar  4 00:09:05 2020,True
tavg,2020-01,scaled,https://www.ncei.noaa.gov/data/nclimgrid-daily/access/averages/2020/tavg-202001-cty-scaled.csv,raw/nclimgrid_daily/averages/2020/tavg-202001-cty-scaled.csv,2026-07-30T03:42:29+00:00,1093490,6fe809303d2918daad152796f2a888ffc86b0fdb67ced295b6c87051ad1317a2,"""10af72-5e7a58da47209""","Thu, 01 Sep 2022 22:58:35 GMT",https://www.ncei.noaa.gov/data/nclimgrid-daily/access/averages/2020/ncdd-202001-version.txt,raw/nclimgrid_daily/version/2020/ncdd-202001-version.txt,bd716c795a8e5232868387f285964f34c07bfffdffcac4485d15585a2b380e6e,processed/nclimgrid_daily/county_tavg/2020/county_tavg_202001.csv,96317,"nclimgrid-daily_v1-0-0_snap2026-07-30, start: 1951-01, end: 2026-06, status: scaled}",/Users/andrewpark/Desktop/Code/WeatherDerivativePricing,2026-09-02T15:42:54+00:00,Thu Apr  9 00:08:11 2020,True
tavg,2020-02,scaled,https://www.ncei.noaa.gov/data/nclimgrid-daily/access/averages/2020/tavg-202002-cty-scaled.csv,raw/nclimgrid_daily/averages/2020/tavg-202002-cty-scaled.csv,2026-07-30T03:42:29+00:00,1093490,54580ef662b9d6530e10ba3435e380c98b657a605035f51978871aa6e6d49c39,"""10af72-5e7a58ef200a8""","Thu, 01 Sep 2022 22:58:57 GMT",https://www.ncei.noaa.gov/data/nclimgrid-daily/access/averages/2020/ncdd-202002-version.txt,raw/nclimgrid_daily/version/2020/ncdd-202002-version.txt,bcb868ac5584b8a0f1816a351ef8e6b3185f560c330086c59a9072706ab03b84,processed/nclimgrid_daily/county_tavg/2020/county_tavg_202002.csv,90103,"nclimgrid-daily_v1-0-0_snap2026-07-30, start: 1951-01, end: 2026-06, status: scaled}",/Users/andrewpark/Desktop/Code/WeatherDerivativePricing,2026-09-02T15:42:54+00:00,Fri May  8 17:36:03 2020,True
tavg,2020-03,scaled,https://www.ncei.noaa.gov/data/nclimgrid-daily/access/averages/2020/tavg-202003-cty-scaled.csv,raw/nclimgrid_daily/averages/2020/tavg-202003-cty-scaled.csv,2026-07-30T03:42:30+00:00,1093490,7919a9bb385441079fa17633749af11fb7180af4486f5e7f56245c2f0eaf4b1f,"""10af72-5e7a59021e587""","Thu, 01 Sep 2022 22:59:17 GMT",https://www.ncei.noaa.gov/data/nclimgrid-daily/access/averages/2020/ncdd-202003-version.txt,raw/nclimgrid_daily/version/2020/ncdd-202003-version.txt,5d7d3bcb62d15246709d86ebafeba92e60e18f4e1c8e2029227b95e3fc34a69a,processed/nclimgrid_daily/county_tavg/2020/county_tavg_202003.csv,96317,"nclimgrid-daily_v1-0-0_snap2026-07-30, start: 1951-01, end: 2026-06, status: scaled}",/Users/andrewpark/Desktop/Code/WeatherDerivativePricing,2026-09-02T15:42:54+00:00,Sun Jun 14 11:46:32 2020,True
tavg,2020-04,scaled,https://www.ncei.noaa.gov/data/nclimgrid-daily/access/averages/2020/tavg-202004-cty-scaled.csv,raw/nclimgrid_daily/averages/2020/tavg-202004-cty-scaled.csv,2026-07-30T03:42:30+00:00,1093490,1ce4ff5b16e76f78708cd2df7774f9903a9da7d9c855e5628b81e122d9ea5d29,"""10af72-5e7a5914f41f7""","Thu, 01 Sep 2022 22:59:37 GMT",https://www.ncei.noaa.gov/data/nclimgrid-daily/access/averages/2020/ncdd-202004-version.txt,raw/nclimgrid_daily/version/2020/ncdd-202004-version.txt,61ab2571a98413c0db960e5495c239a252b0d74eff9eed560acc10f5f4752cf5,processed/nclimgrid_daily/county_tavg/2020/county_tavg_202004.csv,93210,"nclimgrid-daily_v1-0-0_snap2026-07-30, start: 1951-01, end: 2026-06, status: scaled}",/Users/andrewpark/Desktop/Code/WeatherDerivativePricing,2026-09-02T15:42:54+00:00,Tue Jul 14 00:08:32 2020,True
tavg,2020-05,scaled,https://www.ncei.noaa.gov/data/nclimgrid-daily/access/averages/2020/tavg-202005-cty-scaled.csv,raw/nclimgrid_daily/averages/2020/tavg-202005-cty-scaled.csv,2026-07-30T03:42:31+00:00,1093490,25b0c0e6f638ac3622e8822d064e3c67779cfe18480db01a8b0ba2fba4ebb906,"""10af72-5e7a5928197d6""","Thu, 01 Sep 2022 22:59:57 GMT",https://www.ncei.noaa.gov/data/nclimgrid-daily/access/averages/2020/ncdd-202005-version.txt,raw/nclimgrid_daily/version/2020/ncdd-202005-version.txt,f65fd0d0357db26a30dc26756d545777c1b08328702f300a529188e5fc0b1c44,processed/nclimgrid_daily/county_tavg/2020/county_tavg_202005.csv,96317,"nclimgrid-daily_v1-0-0_snap2026-07-30, start: 1951-01, end: 2026-06, status: scaled}",/Users/andrewpark/Desktop/Code/WeatherDerivativePricing,2026-09-02T15:42:54+00:00,Fri Aug 14 00:08:36 2020,True
tavg,2020-06,scaled,https://www.ncei.noaa.gov/data/nclimgrid-daily/access/averages/2020/tavg-202006-cty-scaled.csv,raw/nclimgrid_daily/averages/2020/tavg-202006-cty-scaled.csv,2026-07-30T03:42:32+00:00,1093490,add32b9fa5c972367b83445225e57f901ae5da0fc3d42974d04ec820d9510066,"""10af72-5e7a593d7d51e""","Thu, 01 Sep 2022 23:00:19 GMT",https://www.ncei.noaa.gov/data/nclimgrid-daily/access/averages/2020/ncdd-202006-version.txt,raw/nclimgrid_daily/version/2020/ncdd-202006-version.txt,b72f1e78668c3e330a2a055d254430003c99a5ae5c4fa5b0e65feb8d7527d488,processed/nclimgrid_daily/county_tavg/2020/county_tavg_202006.csv,93210,"nclimgrid-daily_v1-0-0_snap2026-07-30, start: 1951-01, end: 2026-06, status: scaled}",/Users/andrewpark/Desktop/Code/WeatherDerivativePricing,2026-09-02T15:42:54+00:00,Fri Sep  4 00:08:40 2020,True
tavg,2020-07,scaled,https://www.ncei.noaa.gov/data/nclimgrid-daily/access/averages/2020/tavg-202007-cty-scaled.csv,raw/nclimgrid_daily/averages/2020/tavg-202007-cty-scaled.csv,2026-07-30T03:42:32+00:00,1093490,86b8f71c25ae5b7adf63231abe76c315c44366f4dcb9c0c079527b1e17154e99,"""10af72-5e7a5950d1ce5""","Thu, 01 Sep 2022 23:00:39 GMT",https://www.ncei.noaa.gov/data/nclimgrid-daily/access/averages/2020/ncdd-202007-version.txt,raw/nclimgrid_daily/version/2020/ncdd-202007-version.txt,50c5407caa2a753b66b484f3575eeaa2ea9faebf058059565bd9ad366bb4d8ff,processed/nclimgrid_daily/county_tavg/2020/county_tavg_202007.csv,96317,"nclimgrid-daily_v1-0-0_snap2026-07-30, start: 1951-01, end: 2026-06, status: scaled}",/Users/andrewpark/Desktop/Code/WeatherDerivativePricing,2026-09-02T15:42:54+00:00,Sun Oct  4 00:09:34 2020,True
tavg,2020-08,scaled,https://www.ncei.noaa.gov/data/nclimgrid-daily/access/averages/2020/tavg-202008-cty-scaled.csv,raw/nclimgrid_daily/averages/2020/tavg-202008-cty-scaled.csv,2026-07-30T03:42:34+00:00,1093490,2c7c2487160ae016d36ed975daa5764c1ce1f5b2a4dc694892c347a777bcfea1,"""10af72-5e7a59639f485""","Thu, 01 Sep 2022 23:00:59 GMT",https://www.ncei.noaa.gov/data/nclimgrid-daily/access/averages/2020/ncdd-202008-version.txt,raw/nclimgrid_daily/version/2020/ncdd-202008-version.txt,56df67cd9669efc390957ce74ad8dd5563b4c5c1107c5548fc712869071f66cf,processed/nclimgrid_daily/county_tavg/2020/county_tavg_202008.csv,96317,"nclimgrid-daily_v1-0-0_snap2026-07-30, start: 1951-01, end: 2026-06, status: scaled}",/Users/andrewpark/Desktop/Code/WeatherDerivativePricing,2026-09-02T15:42:54+00:00,Wed Nov  4 00:08:45 2020,True
tavg,2020-09,scaled,https://www.ncei.noaa.gov/data/nclimgrid-daily/access/averages/2020/tavg-202009-cty-scaled.csv,raw/nclimgrid_daily/averages/2020/tavg-202009-cty-scaled.csv,2026-07-30T03:42:35+00:00,1093490,ef16563c99a25342ad677a603de761a550f411a26403b3fa6e0f59d5cb0dce9a,"""10af72-5e7a597a0eef4""","Thu, 01 Sep 2022 23:01:23 GMT",https://www.ncei.noaa.gov/data/nclimgrid-daily/access/averages/2020/ncdd-202009-version.txt,raw/nclimgrid_daily/version/2020/ncdd-202009-version.txt,014961faeda307bd8e645045b249d96b7d6ab8cfaa72729f075ce8dda79d1745,processed/nclimgrid_daily/county_tavg/2020/county_tavg_202009.csv,93210,"nclimgrid-daily_v1-0-0_snap2026-07-30, start: 1951-01, end: 2026-06, status: scaled}",/Users/andrewpark/Desktop/Code/WeatherDerivativePricing,2026-09-02T15:42:54+00:00,Fri Dec  4 00:11:51 2020,True
tavg,2020-10,scaled,https://www.ncei.noaa.gov/data/nclimgrid-daily/access/averages/2020/tavg-202010-cty-scaled.csv,raw/nclimgrid_daily/averages/2020/tavg-202010-cty-scaled.csv,2026-07-30T03:42:35+00:00,1093490,5ee607ad05fb368c30aaa48e1f41f0f81cd8c4a2425c5842912e55ce79523862,"""10af72-5e7a599587a63""","Thu, 01 Sep 2022 23:01:51 GMT",https://www.ncei.noaa.gov/data/nclimgrid-daily/access/averages/2020/ncdd-202010-version.txt,raw/nclimgrid_daily/version/2020/ncdd-202010-version.txt,2591c5ca10e56225b714d1920b39386f127745134084f6dcf7d11be400b67060,processed/nclimgrid_daily/county_tavg/2020/county_tavg_202010.csv,96317,"nclimgrid-daily_v1-0-0_snap2026-07-30, start: 1951-01, end: 2026-06, status: scaled}",/Users/andrewpark/Desktop/Code/WeatherDerivativePricing,2026-09-02T15:42:54+00:00,Mon Jan  4 00:09:05 2021,True
tavg,2020-11,scaled,https://www.ncei.noaa.gov/data/nclimgrid-daily/access/averages/2020/tavg-202011-cty-scaled.csv,raw/nclimgrid_daily/averages/2020/tavg-202011-cty-scaled.csv,2026-07-30T03:42:36+00:00,1093490,15efa3fbdff446a62c2dffe3de38423ebf7c12b5c58ddee0a0bcb5a0c46ed8bc,"""10af72-5e7a59a955f63""","Thu, 01 Sep 2022 23:02:12 GMT",https://www.ncei.noaa.gov/data/nclimgrid-daily/access/averages/2020/ncdd-202011-version.txt,raw/nclimgrid_daily/version/2020/ncdd-202011-version.txt,c18e2dd0a471299f05c07cbbdb0bbdf297d6f9cc8bc40d05268655978e062fa5,processed/nclimgrid_daily/county_tavg/2020/county_tavg_202011.csv,93210,"nclimgrid-daily_v1-0-0_snap2026-07-30, start: 1951-01, end: 2026-06, status: scaled}",/Users/andrewpark/Desktop/Code/WeatherDerivativePricing,2026-09-02T15:42:54+00:00,Thu Feb  4 00:09:52 2021,True
tavg,2020-12,scaled,https://www.ncei.noaa.gov/data/nclimgrid-daily/access/averages/2020/tavg-202012-cty-scaled.csv,raw/nclimgrid_daily/averages/2020/tavg-202012-cty-scaled.csv,2026-07-30T03:42:37+00:00,1093490,c6e6627bfd4f2dbee2ee23ae212ddab0bea8a4f97310e3c5d9771d08bed848fa,"""10af72-5e7a59bc15c42""","Thu, 01 Sep 2022 23:02:32 GMT",https://www.ncei.noaa.gov/data/nclimgrid-daily/access/averages/2020/ncdd-202012-version.txt,raw/nclimgrid_daily/version/2020/ncdd-202012-version.txt,cc4a5ab113407189ccd7a5dec7cd7ff4094630afe7090de06ea76baaf758aaf8,processed/nclimgrid_daily/county_tavg/2020/county_tavg_202012.csv,96317,"nclimgrid-daily_v1-0-0_snap2026-07-30, start: 1951-01, end: 2026-06, status: scaled}",/Users/andrewpark/Desktop/Code/WeatherDerivativePricing,2026-09-02T15:42:54+00:00,Fri Mar  5 09:12:43 2021,True
tavg,2021-01,scaled,https://www.ncei.noaa.gov/data/nclimgrid-daily/access/averages/2021/tavg-202101-cty-scaled.csv,raw/nclimgrid_daily/averages/2021/tavg-202101-cty-scaled.csv,2026-07-30T03:42:37+00:00,1093490,26dbb2f2e0902fc2df5d2513d378b365810c8248e0f1736eff80baf4f6357ff6,"""10af72-5e7a59d22672a""","Thu, 01 Sep 2022 23:02:55 GMT",https://www.ncei.noaa.gov/data/nclimgrid-daily/access/averages/2021/ncdd-202101-version.txt,raw/nclimgrid_daily/version/2021/ncdd-202101-version.txt,7ad6d6a0be86e26974f6b448f42e1b32fb121ccf44091fa0400ca9d5db4f9f1e,processed/nclimgrid_daily/county_tavg/2021/county_tavg_202101.csv,96317,"nclimgrid-daily_v1-0-0_snap2026-07-30, start: 1951-01, end: 2026-06, status: scaled}",/Users/andrewpark/Desktop/Code/WeatherDerivativePricing,2026-09-02T15:42:54+00:00,Mon Apr  5 00:07:39 2021,True
tavg,2021-02,scaled,https://www.ncei.noaa.gov/data/nclimgrid-daily/access/averages/2021/tavg-202102-cty-scaled.csv,raw/nclimgrid_daily/averages/2021/tavg-202102-cty-scaled.csv,2026-07-30T03:42:38+00:00,1093490,f55dff366ed8e478fc2f22be2f2bec18b8492e06552a6e0f8d7bd37d7016527d,"""10af72-5e7a59e5b2d79""","Thu, 01 Sep 2022 23:03:15 GMT",https://www.ncei.noaa.gov/data/nclimgrid-daily/access/averages/2021/ncdd-202102-version.txt,raw/nclimgrid_daily/version/2021/ncdd-202102-version.txt,447e67547cd8b1d695f91ad1571fefa45c4e1f0df40190d20d4c49ce9deb3b5a,processed/nclimgrid_daily/county_tavg/2021/county_tavg_202102.csv,86996,"nclimgrid-daily_v1-0-0_snap2026-07-30, start: 1951-01, end: 2026-06, status: scaled}",/Users/andrewpark/Desktop/Code/WeatherDerivativePricing,2026-09-02T15:42:54+00:00,Wed May  5 00:06:27 2021,True
tavg,2021-03,scaled,https://www.ncei.noaa.gov/data/nclimgrid-daily/access/averages/2021/tavg-202103-cty-scaled.csv,raw/nclimgrid_daily/averages/2021/tavg-202103-cty-scaled.csv,2026-07-30T03:42:39+00:00,1093490,508919cc3c402d5dcb8a81274f19f0f71c45b96c52b2e9689a315f541e5ba353,"""10af72-5e7a59faa8138""","Thu, 01 Sep 2022 23:03:37 GMT",https://www.ncei.noaa.gov/data/nclimgrid-daily/access/averages/2021/ncdd-202103-version.txt,raw/nclimgrid_daily/version/2021/ncdd-202103-version.txt,35c424519ad14504e28d970ca16db112532ebee04dad106cffe2278137d84f81,processed/nclimgrid_daily/county_tavg/2021/county_tavg_202103.csv,96317,"nclimgrid-daily_v1-0-0_snap2026-07-30, start: 1951-01, end: 2026-06, status: scaled}",/Users/andrewpark/Desktop/Code/WeatherDerivativePricing,2026-09-02T15:42:54+00:00,Sun Jun 13 00:06:27 2021,True
tavg,2021-04,scaled,https://www.ncei.noaa.gov/data/nclimgrid-daily/access/averages/2021/tavg-202104-cty-scaled.csv,raw/nclimgrid_daily/averages/2021/tavg-202104-cty-scaled.csv,2026-07-30T03:42:39+00:00,1093490,91decc1a4107c813a832d7643f6ef74e3592f8d62b461c40eb73449aa82f6937,"""10af72-5e7a5a0f289c8""","Thu, 01 Sep 2022 23:03:59 GMT",https://www.ncei.noaa.gov/data/nclimgrid-daily/access/averages/2021/ncdd-202104-version.txt,raw/nclimgrid_daily/version/2021/ncdd-202104-version.txt,9fd773331864594d62696635675f19286c24db14435eaa7422b9e8a4156c6592,processed/nclimgrid_daily/county_tavg/2021/county_tavg_202104.csv,93210,"nclimgrid-daily_v1-0-0_snap2026-07-30, start: 1951-01, end: 2026-06, status: scaled}",/Users/andrewpark/Desktop/Code/WeatherDerivativePricing,2026-09-02T15:42:54+00:00,Tue Jul 13 00:06:17 2021,True
tavg,2021-05,scaled,https://www.ncei.noaa.gov/data/nclimgrid-daily/access/averages/2021/tavg-202105-cty-scaled.csv,raw/nclimgrid_daily/averages/2021/tavg-202105-cty-scaled.csv,2026-07-30T03:42:40+00:00,1093490,e4bdddcf9d230ca8e51d63ddc1b5ca628f86768dfecb66768b500ced8aa05ca3,"""10af72-5e7a5a237eaa7""","Thu, 01 Sep 2022 23:04:20 GMT",https://www.ncei.noaa.gov/data/nclimgrid-daily/access/averages/2021/ncdd-202105-version.txt,raw/nclimgrid_daily/version/2021/ncdd-202105-version.txt,f57dc43f257ff19ea36c6bd4d94c74ed1a8884d63b4f7c90538c988a077ff2dd,processed/nclimgrid_daily/county_tavg/2021/county_tavg_202105.csv,96317,"nclimgrid-daily_v1-0-0_snap2026-07-30, start: 1951-01, end: 2026-06, status: scaled}",/Users/andrewpark/Desktop/Code/WeatherDerivativePricing,2026-09-02T15:42:54+00:00,Fri Aug 13 00:06:43 2021,True
tavg,2021-06,scaled,https://www.ncei.noaa.gov/data/nclimgrid-daily/access/averages/2021/tavg-202106-cty-scaled.csv,raw/nclimgrid_daily/averages/2021/tavg-202106-cty-scaled.csv,2026-07-30T03:42:40+00:00,1093490,81bc1f7f75a9d2ffd8900b67cfeabe44fa9a9556a3046fcd0c5f38338827ccd7,"""10af72-5e7a5a3aa2fb7""","Thu, 01 Sep 2022 23:04:45 GMT",https://www.ncei.noaa.gov/data/nclimgrid-daily/access/averages/2021/ncdd-202106-version.txt,raw/nclimgrid_daily/version/2021/ncdd-202106-version.txt,d04f8bd10c3af35c569387901466941e327eacd9c5900bc06e1573da9d29113b,processed/nclimgrid_daily/county_tavg/2021/county_tavg_202106.csv,93210,"nclimgrid-daily_v1-0-0_snap2026-07-30, start: 1951-01, end: 2026-06, status: scaled}",/Users/andrewpark/Desktop/Code/WeatherDerivativePricing,2026-09-02T15:42:54+00:00,Mon Sep 13 00:06:52 2021,True
tavg,2021-07,scaled,https://www.ncei.noaa.gov/data/nclimgrid-daily/access/averages/2021/tavg-202107-cty-scaled.csv,raw/nclimgrid_daily/averages/2021/tavg-202107-cty-scaled.csv,2026-07-30T03:42:41+00:00,1093490,3cf0d137771f7d54c83cc70dd4cae56c9d754819bf5862f6628ccb6a259dad17,"""10af72-5e7a5a4dd77c6""","Thu, 01 Sep 2022 23:05:05 GMT",https://www.ncei.noaa.gov/data/nclimgrid-daily/access/averages/2021/ncdd-202107-version.txt,raw/nclimgrid_daily/version/2021/ncdd-202107-version.txt,1867b4ad3f9c6a57bd35a0e23882f6424fc1a2eea2528dbec3474699523c8f95,processed/nclimgrid_daily/county_tavg/2021/county_tavg_202107.csv,96317,"nclimgrid-daily_v1-0-0_snap2026-07-30, start: 1951-01, end: 2026-06, status: scaled}",/Users/andrewpark/Desktop/Code/WeatherDerivativePricing,2026-09-02T15:42:54+00:00,Mon Oct  4 00:06:58 2021,True
tavg,2021-08,scaled,https://www.ncei.noaa.gov/data/nclimgrid-daily/access/averages/2021/tavg-202108-cty-scaled.csv,raw/nclimgrid_daily/averages/2021/tavg-202108-cty-scaled.csv,2026-07-30T03:42:42+00:00,1093490,1348329c6f7ec28a0494ce5ca519f33353ca4e3935ef7206de26a15360bfa6af,"""10af72-5e7a5a63cfc0e""","Thu, 01 Sep 2022 23:05:28 GMT",https://www.ncei.noaa.gov/data/nclimgrid-daily/access/averages/2021/ncdd-202108-version.txt,raw/nclimgrid_daily/version/2021/ncdd-202108-version.txt,77fe6489a7ff28637b331ae93740aac6d54922878830f29a08725d1416154000,processed/nclimgrid_daily/county_tavg/2021/county_tavg_202108.csv,96317,"nclimgrid-daily_v1-0-0_snap2026-07-30, start: 1951-01, end: 2026-06, status: scaled}",/Users/andrewpark/Desktop/Code/WeatherDerivativePricing,2026-09-02T15:42:54+00:00,Thu Nov  4 00:07:10 2021,True
tavg,2021-09,scaled,https://www.ncei.noaa.gov/data/nclimgrid-daily/access/averages/2021/tavg-202109-cty-scaled.csv,raw/nclimgrid_daily/averages/2021/tavg-202109-cty-scaled.csv,2026-07-30T03:42:42+00:00,1093490,01a8e5129082a51a96fa8f3769a1552dd23808ab3cfc97066018d87610adbe60,"""10af72-5e7a5a7849355""","Thu, 01 Sep 2022 23:05:49 GMT",https://www.ncei.noaa.gov/data/nclimgrid-daily/access/averages/2021/ncdd-202109-version.txt,raw/nclimgrid_daily/version/2021/ncdd-202109-version.txt,47756255cb5f8f8f9877d11072c34b3920496ff1f5afbde55b53a99486cbc335,processed/nclimgrid_daily/county_tavg/2021/county_tavg_202109.csv,93210,"nclimgrid-daily_v1-0-0_snap2026-07-30, start: 1951-01, end: 2026-06, status: scaled}",/Users/andrewpark/Desktop/Code/WeatherDerivativePricing,2026-09-02T15:42:54+00:00,Sat Dec  4 00:07:19 2021,True
tavg,2021-10,scaled,https://www.ncei.noaa.gov/data/nclimgrid-daily/access/averages/2021/tavg-202110-cty-scaled.csv,raw/nclimgrid_daily/averages/2021/tavg-202110-cty-scaled.csv,2026-07-30T03:42:43+00:00,1093490,4cadde7bb7676e303425b837e305d01f16dc002a2e68f86c7f277e206a8f5e44,"""10af72-5e7a5a8b36aac""","Thu, 01 Sep 2022 23:06:09 GMT",https://www.ncei.noaa.gov/data/nclimgrid-daily/access/averages/2021/ncdd-202110-version.txt,raw/nclimgrid_daily/version/2021/ncdd-202110-version.txt,906fbc6a2de36cdac3885c488670fdc36afeab1fb9a6e3e15138ca2f1bb54e36,processed/nclimgrid_daily/county_tavg/2021/county_tavg_202110.csv,96317,"nclimgrid-daily_v1-0-0_snap2026-07-30, start: 1951-01, end: 2026-06, status: scaled}",/Users/andrewpark/Desktop/Code/WeatherDerivativePricing,2026-09-02T15:42:54+00:00,Tue Jan  4 00:07:28 2022,True
tavg,2021-11,scaled,https://www.ncei.noaa.gov/data/nclimgrid-daily/access/averages/2021/tavg-202111-cty-scaled.csv,raw/nclimgrid_daily/averages/2021/tavg-202111-cty-scaled.csv,2026-07-30T03:42:44+00:00,1093490,b84f109a12fd0406c99cccebf3ee1e57b05b78d608d1e13248a8ab021cc9abcc,"""10af72-5e7a5a9e1f3e4""","Thu, 01 Sep 2022 23:06:29 GMT",https://www.ncei.noaa.gov/data/nclimgrid-daily/access/averages/2021/ncdd-202111-version.txt,raw/nclimgrid_daily/version/2021/ncdd-202111-version.txt,ae0eebf1d382b76f8dc14e33c43fa81ecf3fa8638b96695bf0cab45e38597f8f,processed/nclimgrid_daily/county_tavg/2021/county_tavg_202111.csv,93210,"nclimgrid-daily_v1-0-0_snap2026-07-30, start: 1951-01, end: 2026-06, status: scaled}",/Users/andrewpark/Desktop/Code/WeatherDerivativePricing,2026-09-02T15:42:54+00:00,Fri Feb  4 00:07:33 2022,True
tavg,2021-12,scaled,https://www.ncei.noaa.gov/data/nclimgrid-daily/access/averages/2021/tavg-202112-cty-scaled.csv,raw/nclimgrid_daily/averages/2021/tavg-202112-cty-scaled.csv,2026-07-30T03:42:44+00:00,1093490,a00dedb215b361d20da9b61bd3002aa7d3e12374131d10ba6d786c7a053a2231,"""10af72-5e7a5ab294cab""","Thu, 01 Sep 2022 23:06:50 GMT",https://www.ncei.noaa.gov/data/nclimgrid-daily/access/averages/2021/ncdd-202112-version.txt,raw/nclimgrid_daily/version/2021/ncdd-202112-version.txt,c46477c3f7ef1d1c3c36adaa93aed08d4d8838f0d6d4a3d243beea285a74622b,processed/nclimgrid_daily/county_tavg/2021/county_tavg_202112.csv,96317,"nclimgrid-daily_v1-0-0_snap2026-07-30, start: 1951-01, end: 2026-06, status: scaled}",/Users/andrewpark/Desktop/Code/WeatherDerivativePricing,2026-09-02T15:42:54+00:00,Fri Mar  4 00:07:42 2022,True
tavg,2022-01,scaled,https://www.ncei.noaa.gov/data/nclimgrid-daily/access/averages/2022/tavg-202201-cty-scaled.csv,raw/nclimgrid_daily/averages/2022/tavg-202201-cty-scaled.csv,2026-07-30T03:42:45+00:00,1093490,0339d63849259d88f5da50968ac0f8e4a48fbcf9ce51f7eb95c072b5c5213ee5,"""10af72-5e7a5ac59589b""","Thu, 01 Sep 2022 23:07:10 GMT",https://www.ncei.noaa.gov/data/nclimgrid-daily/access/averages/2022/ncdd-202201-version.txt,raw/nclimgrid_daily/version/2022/ncdd-202201-version.txt,4a324f9329afdd506075cdd962513fb6b79c87e7848bb4a2ce65d5330744d187,processed/nclimgrid_daily/county_tavg/2022/county_tavg_202201.csv,96317,"nclimgrid-daily_v1-0-0_snap2026-07-30, start: 1951-01, end: 2026-06, status: scaled}",/Users/andrewpark/Desktop/Code/WeatherDerivativePricing,2026-09-02T15:42:54+00:00,Wed May  4 00:07:46 2022,True
tavg,2022-02,scaled,https://www.ncei.noaa.gov/data/nclimgrid-daily/access/averages/2022/tavg-202202-cty-scaled.csv,raw/nclimgrid_daily/averages/2022/tavg-202202-cty-scaled.csv,2026-07-30T03:42:45+00:00,1093490,faff310b23f1e63f694ed07455e918afb6f1075e13db944cc513e838fe6ba6d5,"""10af72-5e7a5ad8a6272""","Thu, 01 Sep 2022 23:07:30 GMT",https://www.ncei.noaa.gov/data/nclimgrid-daily/access/averages/2022/ncdd-202202-version.txt,raw/nclimgrid_daily/version/2022/ncdd-202202-version.txt,801a921221cfecb881cc73dc00526f87698e55e19c8da2fced74c3714301bd57,processed/nclimgrid_daily/county_tavg/2022/county_tavg_202202.csv,86996,"nclimgrid-daily_v1-0-0_snap2026-07-30, start: 1951-01, end: 2026-06, status: scaled}",/Users/andrewpark/Desktop/Code/WeatherDerivativePricing,2026-09-02T15:42:54+00:00,Wed May  4 00:08:22 2022,True
tavg,2022-03,scaled,https://www.ncei.noaa.gov/data/nclimgrid-daily/access/averages/2022/tavg-202203-cty-scaled.csv,raw/nclimgrid_daily/averages/2022/tavg-202203-cty-scaled.csv,2026-07-30T03:42:46+00:00,1093490,0b977d35e26aac84b35667962666560b16a61d59b5aaf1b79622a47c7b2d2aa9,"""10af72-5e7a5aeb38caa""","Thu, 01 Sep 2022 23:07:50 GMT",https://www.ncei.noaa.gov/data/nclimgrid-daily/access/averages/2022/ncdd-202203-version.txt,raw/nclimgrid_daily/version/2022/ncdd-202203-version.txt,966e068b51a4b898d072c868e870b6a6dc48702b52779d906a097480ea6bac2c,processed/nclimgrid_daily/county_tavg/2022/county_tavg_202203.csv,96317,"nclimgrid-daily_v1-0-0_snap2026-07-30, start: 1951-01, end: 2026-06, status: scaled}",/Users/andrewpark/Desktop/Code/WeatherDerivativePricing,2026-09-02T15:42:54+00:00,Sat Jun  4 00:06:43 2022,True
tavg,2022-04,scaled,https://www.ncei.noaa.gov/data/nclimgrid-daily/access/averages/2022/tavg-202204-cty-scaled.csv,raw/nclimgrid_daily/averages/2022/tavg-202204-cty-scaled.csv,2026-07-30T03:42:47+00:00,1093490,5ac175d9da8056de2e17f6f989781df837922777c637aca0ee5fbfd30bf8d2e2,"""10af72-5e7a5affb2bc1""","Thu, 01 Sep 2022 23:08:11 GMT",https://www.ncei.noaa.gov/data/nclimgrid-daily/access/averages/2022/ncdd-202204-version.txt,raw/nclimgrid_daily/version/2022/ncdd-202204-version.txt,8749fb7b24cffbb6687af404cbad0aaf00ef3bb663ba027bf0ae43b3bf21451b,processed/nclimgrid_daily/county_tavg/2022/county_tavg_202204.csv,93210,"nclimgrid-daily_v1-0-0_snap2026-07-30, start: 1951-01, end: 2026-06, status: scaled}",/Users/andrewpark/Desktop/Code/WeatherDerivativePricing,2026-09-02T15:42:54+00:00,Mon Jul  4 00:06:43 2022,True
tavg,2022-05,scaled,https://www.ncei.noaa.gov/data/nclimgrid-daily/access/averages/2022/tavg-202205-cty-scaled.csv,raw/nclimgrid_daily/averages/2022/tavg-202205-cty-scaled.csv,2026-07-30T03:42:47+00:00,1093490,b689ead17438dce55ad48371ce9083631259f12c12676a5c1c50701541dd4020,"""10af72-5e7a5b14d9c61""","Thu, 01 Sep 2022 23:08:33 GMT",https://www.ncei.noaa.gov/data/nclimgrid-daily/access/averages/2022/ncdd-202205-version.txt,raw/nclimgrid_daily/version/2022/ncdd-202205-version.txt,9a5b38853704cc8c98969c133c7c2992fd38ad37b9b45c528142e00a20b7c762,processed/nclimgrid_daily/county_tavg/2022/county_tavg_202205.csv,96317,"nclimgrid-daily_v1-0-0_snap2026-07-30, start: 1951-01, end: 2026-06, status: scaled}",/Users/andrewpark/Desktop/Code/WeatherDerivativePricing,2026-09-02T15:42:54+00:00,Thu Aug  4 15:02:14 2022,True
tavg,2022-06,scaled,https://www.ncei.noaa.gov/data/nclimgrid-daily/access/averages/2022/tavg-202206-cty-scaled.csv,raw/nclimgrid_daily/averages/2022/tavg-202206-cty-scaled.csv,2026-07-30T03:42:48+00:00,1093490,39bf5b4deb86754c4945c1e13e48fade068948039587d326950cf19ad9b06808,"""10af72-5e847a6bc07fe""","Sat, 10 Sep 2022 00:22:01 GMT",https://www.ncei.noaa.gov/data/nclimgrid-daily/access/averages/2022/ncdd-202206-version.txt,raw/nclimgrid_daily/version/2022/ncdd-202206-version.txt,00b386c6b388fd9183a73b7f8575fd32b976d73b4b98016741cb4086fbe3e063,processed/nclimgrid_daily/county_tavg/2022/county_tavg_202206.csv,93210,"nclimgrid-daily_v1-0-0_snap2026-07-30, start: 1951-01, end: 2026-06, status: scaled}",/Users/andrewpark/Desktop/Code/WeatherDerivativePricing,2026-09-02T15:42:54+00:00,,True
tavg,2022-07,scaled,https://www.ncei.noaa.gov/data/nclimgrid-daily/access/averages/2022/tavg-202207-cty-scaled.csv,raw/nclimgrid_daily/averages/2022/tavg-202207-cty-scaled.csv,2026-07-30T03:42:49+00:00,1093490,e6e45ead6a76489a92f055af071b6346445a603f5516cd75eeb1388b2695c4f7,"""10af72-5ea76f578462f""","Fri, 07 Oct 2022 19:38:48 GMT",https://www.ncei.noaa.gov/data/nclimgrid-daily/access/averages/2022/ncdd-202207-version.txt,raw/nclimgrid_daily/version/2022/ncdd-202207-version.txt,a8009d56d0c55adbf262371c363444877ba16231fa4d79ca7b029313df1e865a,processed/nclimgrid_daily/county_tavg/2022/county_tavg_202207.csv,96317,"nclimgrid-daily_v1-0-0_snap2026-07-30, start: 1951-01, end: 2026-06, status: scaled}",/Users/andrewpark/Desktop/Code/WeatherDerivativePricing,2026-09-02T15:42:54+00:00,,True
tavg,2022-08,scaled,https://www.ncei.noaa.gov/data/nclimgrid-daily/access/averages/2022/tavg-202208-cty-scaled.csv,raw/nclimgrid_daily/averages/2022/tavg-202208-cty-scaled.csv,2026-07-30T03:42:49+00:00,1093490,6bd451f3891e82d993a8d16d99c1138dccb61fab62a53697cda2f12f1f2a8725,"""10af72-5ecb3ecd01fb2""","Sat, 05 Nov 2022 07:13:19 GMT",https://www.ncei.noaa.gov/data/nclimgrid-daily/access/averages/2022/ncdd-202208-version.txt,raw/nclimgrid_daily/version/2022/ncdd-202208-version.txt,5d27d809f399aae76434a3f3d8e6a5fd9066c2a7014dd3ba3dee8260b1240775,processed/nclimgrid_daily/county_tavg/2022/county_tavg_202208.csv,96317,"nclimgrid-daily_v1-0-0_snap2026-07-30, start: 1951-01, end: 2026-06, status: scaled}",/Users/andrewpark/Desktop/Code/WeatherDerivativePricing,2026-09-02T15:42:54+00:00,,True
tavg,2022-09,scaled,https://www.ncei.noaa.gov/data/nclimgrid-daily/access/averages/2022/tavg-202209-cty-scaled.csv,raw/nclimgrid_daily/averages/2022/tavg-202209-cty-scaled.csv,2026-07-30T03:42:50+00:00,1093490,3328784aaf10e7d79fe60478f5e787affd99867c3334fe029a907752aa473426,"""10af72-5ef101ebc8d6e""","Mon, 05 Dec 2022 08:03:17 GMT",https://www.ncei.noaa.gov/data/nclimgrid-daily/access/averages/2022/ncdd-202209-version.txt,raw/nclimgrid_daily/version/2022/ncdd-202209-version.txt,e7700741fa3d0ed89cf28742ec551b940fa964c015375c780bf54eef75a5e9ce,processed/nclimgrid_daily/county_tavg/2022/county_tavg_202209.csv,93210,"nclimgrid-daily_v1-0-0_snap2026-07-30, start: 1951-01, end: 2026-06, status: scaled}",/Users/andrewpark/Desktop/Code/WeatherDerivativePricing,2026-09-02T15:42:54+00:00,,True
tavg,2022-10,scaled,https://www.ncei.noaa.gov/data/nclimgrid-daily/access/averages/2022/tavg-202210-cty-scaled.csv,raw/nclimgrid_daily/averages/2022/tavg-202210-cty-scaled.csv,2026-07-30T03:42:51+00:00,1093490,a8b035bc67483ab3adf93967d91b069fc1582e9f92fe2f1386e76e19bbe9e794,"""10af72-5f180136e606f""","Thu, 05 Jan 2023 08:27:47 GMT",https://www.ncei.noaa.gov/data/nclimgrid-daily/access/averages/2022/ncdd-202210-version.txt,raw/nclimgrid_daily/version/2022/ncdd-202210-version.txt,9c85ebdcb93287b9e6b204b7b9839670727fa74ad83e740133f7f2d976094df9,processed/nclimgrid_daily/county_tavg/2022/county_tavg_202210.csv,96317,"nclimgrid-daily_v1-0-0_snap2026-07-30, start: 1951-01, end: 2026-06, status: scaled}",/Users/andrewpark/Desktop/Code/WeatherDerivativePricing,2026-09-02T15:42:54+00:00,,True
tavg,2022-11,scaled,https://www.ncei.noaa.gov/data/nclimgrid-daily/access/averages/2022/tavg-202211-cty-scaled.csv,raw/nclimgrid_daily/averages/2022/tavg-202211-cty-scaled.csv,2026-07-30T03:42:51+00:00,1093490,ed93c2a33216b7e4145c167f6abba61677e44ec49d8bd5adb4bd5bf504c4d769,"""10af72-5f3ef5aecb98c""","Sun, 05 Feb 2023 08:03:51 GMT",https://www.ncei.noaa.gov/data/nclimgrid-daily/access/averages/2022/ncdd-202211-version.txt,raw/nclimgrid_daily/version/2022/ncdd-202211-version.txt,57d163fce7ed056388fd724c085dc2ff3fab9e9bf092535aa9d22a2d23e137b4,processed/nclimgrid_daily/county_tavg/2022/county_tavg_202211.csv,93210,"nclimgrid-daily_v1-0-0_snap2026-07-30, start: 1951-01, end: 2026-06, status: scaled}",/Users/andrewpark/Desktop/Code/WeatherDerivativePricing,2026-09-02T15:42:54+00:00,,True
tavg,2022-12,scaled,https://www.ncei.noaa.gov/data/nclimgrid-daily/access/averages/2022/tavg-202212-cty-scaled.csv,raw/nclimgrid_daily/averages/2022/tavg-202212-cty-scaled.csv,2026-07-30T03:42:52+00:00,1093490,d34b3e7ecb50f3cae3d95abcd317c819b4ad37df7742604043662dcb31895f00,"""10af72-5f3ef7319a0fd""","Sun, 05 Feb 2023 08:10:37 GMT",https://www.ncei.noaa.gov/data/nclimgrid-daily/access/averages/2022/ncdd-202212-version.txt,raw/nclimgrid_daily/version/2022/ncdd-202212-version.txt,dfc549c9dda1ee8a4b9cd6318d231c2a7b4a360ea1757913246c1a09035a9eaf,processed/nclimgrid_daily/county_tavg/2022/county_tavg_202212.csv,96317,"nclimgrid-daily_v1-0-0_snap2026-07-30, start: 1951-01, end: 2026-06, status: scaled}",/Users/andrewpark/Desktop/Code/WeatherDerivativePricing,2026-09-02T15:42:54+00:00,,True
tavg,2023-01,scaled,https://www.ncei.noaa.gov/data/nclimgrid-daily/access/averages/2023/tavg-202301-cty-scaled.csv,raw/nclimgrid_daily/averages/2023/tavg-202301-cty-scaled.csv,2026-07-30T03:42:53+00:00,1093490,8504733ee4238f16e264791ddfa42e8735ec5802310dfbf8623a0a79f1646c7a,"""10af72-5f89242ec6314""","Wed, 05 Apr 2023 08:05:55 GMT",https://www.ncei.noaa.gov/data/nclimgrid-daily/access/averages/2023/ncdd-202301-version.txt,raw/nclimgrid_daily/version/2023/ncdd-202301-version.txt,ae822fd00bdd0f938a5a7338f061c714bb12d06c8e7ef079fdf9bee65f554400,processed/nclimgrid_daily/county_tavg/2023/county_tavg_202301.csv,96317,"nclimgrid-daily_v1-0-0_snap2026-07-30, start: 1951-01, end: 2026-06, status: scaled}",/Users/andrewpark/Desktop/Code/WeatherDerivativePricing,2026-09-02T15:42:54+00:00,,True
tavg,2023-02,scaled,https://www.ncei.noaa.gov/data/nclimgrid-daily/access/averages/2023/tavg-202302-cty-scaled.csv,raw/nclimgrid_daily/averages/2023/tavg-202302-cty-scaled.csv,2026-07-30T03:42:53+00:00,1093490,fe7b7847363175c56dc922385c507ebf1fa2b3ee556ed42d3fd32edcd3b7b1c5,"""10af72-5fb5300fbab98""","Wed, 10 May 2023 08:53:20 GMT",https://www.ncei.noaa.gov/data/nclimgrid-daily/access/averages/2023/ncdd-202302-version.txt,raw/nclimgrid_daily/version/2023/ncdd-202302-version.txt,fb89e562f21854e662759dd9a5982c0e50043983d1bae380195459add852a5ac,processed/nclimgrid_daily/county_tavg/2023/county_tavg_202302.csv,86996,"nclimgrid-daily_v1-0-0_snap2026-07-30, start: 1951-01, end: 2026-06, status: scaled}",/Users/andrewpark/Desktop/Code/WeatherDerivativePricing,2026-09-02T15:42:54+00:00,,True
tavg,2023-03,scaled,https://www.ncei.noaa.gov/data/nclimgrid-daily/access/averages/2023/tavg-202303-cty-scaled.csv,raw/nclimgrid_daily/averages/2023/tavg-202303-cty-scaled.csv,2026-07-30T03:42:54+00:00,1093490,9ecb97d51c3797c10fe26611697b7bb16fea8b42e9392a1a4301c5b82b0f93f1,"""10af72-5fd5dbd13a3f5""","Mon, 05 Jun 2023 08:32:09 GMT",https://www.ncei.noaa.gov/data/nclimgrid-daily/access/averages/2023/ncdd-202303-version.txt,raw/nclimgrid_daily/version/2023/ncdd-202303-version.txt,0bba69c13555b12c9379d9af6a4514b16260841aaad28e45e44bb8d8a001d377,processed/nclimgrid_daily/county_tavg/2023/county_tavg_202303.csv,96317,"nclimgrid-daily_v1-0-0_snap2026-07-30, start: 1951-01, end: 2026-06, status: scaled}",/Users/andrewpark/Desktop/Code/WeatherDerivativePricing,2026-09-02T15:42:54+00:00,,True
tavg,2023-04,scaled,https://www.ncei.noaa.gov/data/nclimgrid-daily/access/averages/2023/tavg-202304-cty-scaled.csv,raw/nclimgrid_daily/averages/2023/tavg-202304-cty-scaled.csv,2026-07-30T03:42:54+00:00,1093490,c0d1ab8e54986b850d81b9b5a01bd082b58a6787b9baa33d161fdfeecdec4b24,"""10af72-6001e10559558""","Mon, 10 Jul 2023 08:49:43 GMT",https://www.ncei.noaa.gov/data/nclimgrid-daily/access/averages/2023/ncdd-202304-version.txt,raw/nclimgrid_daily/version/2023/ncdd-202304-version.txt,ebceaa8d8a589dca0dcaad4196aad9e6866656239d6adcbb60afaf1d3dbdd92d,processed/nclimgrid_daily/county_tavg/2023/county_tavg_202304.csv,93210,"nclimgrid-daily_v1-0-0_snap2026-07-30, start: 1951-01, end: 2026-06, status: scaled}",/Users/andrewpark/Desktop/Code/WeatherDerivativePricing,2026-09-02T15:42:54+00:00,,True
tavg,2023-05,scaled,https://www.ncei.noaa.gov/data/nclimgrid-daily/access/averages/2023/tavg-202305-cty-scaled.csv,raw/nclimgrid_daily/averages/2023/tavg-202305-cty-scaled.csv,2026-07-30T03:42:55+00:00,1093490,77b67756bdd0204fa9d0d316aecdf26d0f752ab649da9d1a34c4d6cbb5804d9b,"""10af72-6001e284ffb19""","Mon, 10 Jul 2023 08:56:25 GMT",https://www.ncei.noaa.gov/data/nclimgrid-daily/access/averages/2023/ncdd-202305-version.txt,raw/nclimgrid_daily/version/2023/ncdd-202305-version.txt,72458c283339f6568f1c07300418f83f4a0738b18d7186c28342cc64ec8a1e01,processed/nclimgrid_daily/county_tavg/2023/county_tavg_202305.csv,96317,"nclimgrid-daily_v1-0-0_snap2026-07-30, start: 1951-01, end: 2026-06, status: scaled}",/Users/andrewpark/Desktop/Code/WeatherDerivativePricing,2026-09-02T15:42:54+00:00,,True
tavg,2023-06,scaled,https://www.ncei.noaa.gov/data/nclimgrid-daily/access/averages/2023/tavg-202306-cty-scaled.csv,raw/nclimgrid_daily/averages/2023/tavg-202306-cty-scaled.csv,2026-07-30T03:42:56+00:00,1093490,c06148b079d6e5f4f1064cc82f46eddad095d698f6fee02f90aeb591a74896e8,"""10af72-6001e408dab6b""","Mon, 10 Jul 2023 09:03:12 GMT",https://www.ncei.noaa.gov/data/nclimgrid-daily/access/averages/2023/ncdd-202306-version.txt,raw/nclimgrid_daily/version/2023/ncdd-202306-version.txt,7eaf7395b3a6cc6f7c075ad551c08e38a9186cc87e766c091baec37c45b70943,processed/nclimgrid_daily/county_tavg/2023/county_tavg_202306.csv,93210,"nclimgrid-daily_v1-0-0_snap2026-07-30, start: 1951-01, end: 2026-06, status: scaled}",/Users/andrewpark/Desktop/Code/WeatherDerivativePricing,2026-09-02T15:42:54+00:00,,True
tavg,2023-07,scaled,https://www.ncei.noaa.gov/data/nclimgrid-daily/access/averages/2023/tavg-202307-cty-scaled.csv,raw/nclimgrid_daily/averages/2023/tavg-202307-cty-scaled.csv,2026-07-30T03:42:56+00:00,1093490,28e6bc4a35e2e8ecb42490c2fe3d5b2a6518b4827d9b352c353887d3e7d68a1d,"""10af72-651a48f01a500""","Tue, 12 May 2026 20:17:56 GMT",https://www.ncei.noaa.gov/data/nclimgrid-daily/access/averages/2023/ncdd-202307-version.txt,raw/nclimgrid_daily/version/2023/ncdd-202307-version.txt,6511569f1e0b51a7fa3f29fa837d4dbe31e799b4acc04a447c06b94747f25738,processed/nclimgrid_daily/county_tavg/2023/county_tavg_202307.csv,96317,"nclimgrid-daily_v1-0-0_snap2026-07-30, start: 1951-01, end: 2026-06, status: scaled}",/Users/andrewpark/Desktop/Code/WeatherDerivativePricing,2026-09-02T15:42:54+00:00,,True
tavg,2023-08,scaled,https://www.ncei.noaa.gov/data/nclimgrid-daily/access/averages/2023/tavg-202308-cty-scaled.csv,raw/nclimgrid_daily/averages/2023/tavg-202308-cty-scaled.csv,2026-07-30T03:42:57+00:00,1093490,2cbc2085425f8398bbe7f0ddeb36536140fa3593a4c157b951571aa2808458f5,"""10af72-609c964146677""","Fri, 10 Nov 2023 10:00:32 GMT",https://www.ncei.noaa.gov/data/nclimgrid-daily/access/averages/2023/ncdd-202308-version.txt,raw/nclimgrid_daily/version/2023/ncdd-202308-version.txt,6f543dc52934fe0fd676dba7b3dd929b90cfa44dfd0416ffd817d0c50ac7c8d1,processed/nclimgrid_daily/county_tavg/2023/county_tavg_202308.csv,96317,"nclimgrid-daily_v1-0-0_snap2026-07-30, start: 1951-01, end: 2026-06, status: scaled}",/Users/andrewpark/Desktop/Code/WeatherDerivativePricing,2026-09-02T15:42:54+00:00,,True
tavg,2023-09,scaled,https://www.ncei.noaa.gov/data/nclimgrid-daily/access/averages/2023/tavg-202309-cty-scaled.csv,raw/nclimgrid_daily/averages/2023/tavg-202309-cty-scaled.csv,2026-07-30T03:42:58+00:00,1093490,0aa467bcd2dcc18d5f70a921103ed99a61173b75c1ff588ade7e0a087682048c,"""10af72-60c2a408118bd""","Sun, 10 Dec 2023 16:24:30 GMT",https://www.ncei.noaa.gov/data/nclimgrid-daily/access/averages/2023/ncdd-202309-version.txt,raw/nclimgrid_daily/version/2023/ncdd-202309-version.txt,20275d63002b630e31175b8cec4222bbbb8ea4d9e60dd8b2f94eb3f65a2069e4,processed/nclimgrid_daily/county_tavg/2023/county_tavg_202309.csv,93210,"nclimgrid-daily_v1-0-0_snap2026-07-30, start: 1951-01, end: 2026-06, status: scaled}",/Users/andrewpark/Desktop/Code/WeatherDerivativePricing,2026-09-02T15:42:54+00:00,,True
tavg,2023-10,scaled,https://www.ncei.noaa.gov/data/nclimgrid-daily/access/averages/2023/tavg-202310-cty-scaled.csv,raw/nclimgrid_daily/averages/2023/tavg-202310-cty-scaled.csv,2026-07-30T03:42:58+00:00,1093490,2162988036bd5695dcfe3229bf82fe18c7f33ac85b957f9e8eee5084761888a2,"""10af72-60e36d6fa6529""","Fri, 05 Jan 2024 18:15:58 GMT",https://www.ncei.noaa.gov/data/nclimgrid-daily/access/averages/2023/ncdd-202310-version.txt,raw/nclimgrid_daily/version/2023/ncdd-202310-version.txt,b92f5390424a98ee6220641276350a86c181067e0d92cc709fcbd66cfbef82c2,processed/nclimgrid_daily/county_tavg/2023/county_tavg_202310.csv,96317,"nclimgrid-daily_v1-0-0_snap2026-07-30, start: 1951-01, end: 2026-06, status: scaled}",/Users/andrewpark/Desktop/Code/WeatherDerivativePricing,2026-09-02T15:42:54+00:00,,True
tavg,2023-11,scaled,https://www.ncei.noaa.gov/data/nclimgrid-daily/access/averages/2023/tavg-202311-cty-scaled.csv,raw/nclimgrid_daily/averages/2023/tavg-202311-cty-scaled.csv,2026-07-30T03:42:59+00:00,1093490,a9b2e9b33159f689a695776581774f410af4817188b27e260cb5e00ae3400e1d,"""10af72-610b96d1ff8ed""","Tue, 06 Feb 2024 16:54:06 GMT",https://www.ncei.noaa.gov/data/nclimgrid-daily/access/averages/2023/ncdd-202311-version.txt,raw/nclimgrid_daily/version/2023/ncdd-202311-version.txt,d226aac2758d72c982e18a51f1c8f58dbcb0146d48071d46f1337880f91e1edd,processed/nclimgrid_daily/county_tavg/2023/county_tavg_202311.csv,93210,"nclimgrid-daily_v1-0-0_snap2026-07-30, start: 1951-01, end: 2026-06, status: scaled}",/Users/andrewpark/Desktop/Code/WeatherDerivativePricing,2026-09-02T15:42:54+00:00,,True
tavg,2023-12,scaled,https://www.ncei.noaa.gov/data/nclimgrid-daily/access/averages/2023/tavg-202312-cty-scaled.csv,raw/nclimgrid_daily/averages/2023/tavg-202312-cty-scaled.csv,2026-07-30T03:43:00+00:00,1093490,b09d2be6b07e6937276859e6fe162d773036718d606c6b59c4dd4e46b2ba8bb4,"""10af72-61316ef25f723""","Thu, 07 Mar 2024 19:18:02 GMT",https://www.ncei.noaa.gov/data/nclimgrid-daily/access/averages/2023/ncdd-202312-version.txt,raw/nclimgrid_daily/version/2023/ncdd-202312-version.txt,ced33a2af61e7bdccbcfb1810c8ce828e5718736a58b5523bdb2b0f10ccb4276,processed/nclimgrid_daily/county_tavg/2023/county_tavg_202312.csv,96317,"nclimgrid-daily_v1-0-0_snap2026-07-30, start: 1951-01, end: 2026-06, status: scaled}",/Users/andrewpark/Desktop/Code/WeatherDerivativePricing,2026-09-02T15:42:54+00:00,,True
tavg,2024-01,scaled,https://www.ncei.noaa.gov/data/nclimgrid-daily/access/averages/2024/tavg-202401-cty-scaled.csv,raw/nclimgrid_daily/averages/2024/tavg-202401-cty-scaled.csv,2026-07-30T03:43:01+00:00,1093490,7bba8614ab3871ef6f90ade73e95dee4d7b21da8e9305e5fb7b746017a8aa83b,"""10af72-61545de150c2b""","Thu, 04 Apr 2024 14:08:03 GMT",https://www.ncei.noaa.gov/data/nclimgrid-daily/access/averages/2024/ncdd-202401-version.txt,raw/nclimgrid_daily/version/2024/ncdd-202401-version.txt,b82096c02bc63dafd014b14a4446ade29fe88a858569845c81ca97fc40befa2f,processed/nclimgrid_daily/county_tavg/2024/county_tavg_202401.csv,96317,"nclimgrid-daily_v1-0-0_snap2026-07-30, start: 1951-01, end: 2026-06, status: scaled}",/Users/andrewpark/Desktop/Code/WeatherDerivativePricing,2026-09-02T15:42:54+00:00,,True
tavg,2024-02,scaled,https://www.ncei.noaa.gov/data/nclimgrid-daily/access/averages/2024/tavg-202402-cty-scaled.csv,raw/nclimgrid_daily/averages/2024/tavg-202402-cty-scaled.csv,2026-07-30T03:43:01+00:00,1093490,903c2138125dce23296cb4fa674798cc18fa7c0c0a1efaecbb6298141dfbc90d,"""10af72-617c9b5a21e28""","Mon, 06 May 2024 14:16:03 GMT",https://www.ncei.noaa.gov/data/nclimgrid-daily/access/averages/2024/ncdd-202402-version.txt,raw/nclimgrid_daily/version/2024/ncdd-202402-version.txt,315c0c839d42ebaa792f8676864a41f224f3bd0cef8feb46773d5bddbb3a798f,processed/nclimgrid_daily/county_tavg/2024/county_tavg_202402.csv,90103,"nclimgrid-daily_v1-0-0_snap2026-07-30, start: 1951-01, end: 2026-06, status: scaled}",/Users/andrewpark/Desktop/Code/WeatherDerivativePricing,2026-09-02T15:42:54+00:00,,True
tavg,2024-03,scaled,https://www.ncei.noaa.gov/data/nclimgrid-daily/access/averages/2024/tavg-202403-cty-scaled.csv,raw/nclimgrid_daily/averages/2024/tavg-202403-cty-scaled.csv,2026-07-30T03:43:02+00:00,1093490,af035ade29d8e1386cb5b1e4d6230fb2e2e34062821494b7f1dfb55640d61918,"""10af72-61a3cfbb82415""","Thu, 06 Jun 2024 18:38:03 GMT",https://www.ncei.noaa.gov/data/nclimgrid-daily/access/averages/2024/ncdd-202403-version.txt,raw/nclimgrid_daily/version/2024/ncdd-202403-version.txt,75123780d196ebb984683175b21c984263a5106ad814afbf1f41c67b816933d4,processed/nclimgrid_daily/county_tavg/2024/county_tavg_202403.csv,96317,"nclimgrid-daily_v1-0-0_snap2026-07-30, start: 1951-01, end: 2026-06, status: scaled}",/Users/andrewpark/Desktop/Code/WeatherDerivativePricing,2026-09-02T15:42:54+00:00,,True
tavg,2024-04,scaled,https://www.ncei.noaa.gov/data/nclimgrid-daily/access/averages/2024/tavg-202404-cty-scaled.csv,raw/nclimgrid_daily/averages/2024/tavg-202404-cty-scaled.csv,2026-07-30T03:43:03+00:00,1093490,7908d3606bf1854fc9e3444e6aa23d810ebd8e2bdb316bc96e9921c248c30a68,"""10af72-61d1919ae2116""","Sat, 13 Jul 2024 04:05:02 GMT",https://www.ncei.noaa.gov/data/nclimgrid-daily/access/averages/2024/ncdd-202404-version.txt,raw/nclimgrid_daily/version/2024/ncdd-202404-version.txt,22a376149ee58880cfdcae20631839b2876200ee9faea0fcb25319d56c1f8203,processed/nclimgrid_daily/county_tavg/2024/county_tavg_202404.csv,93210,"nclimgrid-daily_v1-0-0_snap2026-07-30, start: 1951-01, end: 2026-06, status: scaled}",/Users/andrewpark/Desktop/Code/WeatherDerivativePricing,2026-09-02T15:42:54+00:00,,True
tavg,2024-05,scaled,https://www.ncei.noaa.gov/data/nclimgrid-daily/access/averages/2024/tavg-202405-cty-scaled.csv,raw/nclimgrid_daily/averages/2024/tavg-202405-cty-scaled.csv,2026-07-30T03:43:03+00:00,1093490,884928796dd49af878bf0a6e9cd5f9da9cf35881e71e5c7eb711b59f35a97c02,"""10af72-61f0c8e751f4b""","Tue, 06 Aug 2024 23:57:30 GMT",https://www.ncei.noaa.gov/data/nclimgrid-daily/access/averages/2024/ncdd-202405-version.txt,raw/nclimgrid_daily/version/2024/ncdd-202405-version.txt,4050c29b6a2f3ca8470838a4233c9c4a753d53161a89845c07310b955e91332b,processed/nclimgrid_daily/county_tavg/2024/county_tavg_202405.csv,96317,"nclimgrid-daily_v1-0-0_snap2026-07-30, start: 1951-01, end: 2026-06, status: scaled}",/Users/andrewpark/Desktop/Code/WeatherDerivativePricing,2026-09-02T15:42:54+00:00,,True
tavg,2024-06,scaled,https://www.ncei.noaa.gov/data/nclimgrid-daily/access/averages/2024/tavg-202406-cty-scaled.csv,raw/nclimgrid_daily/averages/2024/tavg-202406-cty-scaled.csv,2026-07-30T03:43:04+00:00,1093490,e0037090776de24a26c7005868fd3a79342a64f1e2d5cdb57adc842c49a880b2,"""10af72-621751b47e9e7""","Fri, 06 Sep 2024 15:31:52 GMT",https://www.ncei.noaa.gov/data/nclimgrid-daily/access/averages/2024/ncdd-202406-version.txt,raw/nclimgrid_daily/version/2024/ncdd-202406-version.txt,1b474f278163c34b1e25df064b22349f25ee368aea432e24f19e3065afe7e2d7,processed/nclimgrid_daily/county_tavg/2024/county_tavg_202406.csv,93210,"nclimgrid-daily_v1-0-0_snap2026-07-30, start: 1951-01, end: 2026-06, status: scaled}",/Users/andrewpark/Desktop/Code/WeatherDerivativePricing,2026-09-02T15:42:54+00:00,,True
tavg,2024-07,scaled,https://www.ncei.noaa.gov/data/nclimgrid-daily/access/averages/2024/tavg-202407-cty-scaled.csv,raw/nclimgrid_daily/averages/2024/tavg-202407-cty-scaled.csv,2026-07-30T03:43:05+00:00,1093490,0760281e9cf54d73021b09215300748dc8c3ea5fae4c2d53bc8df2fb07f914cf,"""10af72-624d589de4407""","Sat, 19 Oct 2024 14:50:19 GMT",https://www.ncei.noaa.gov/data/nclimgrid-daily/access/averages/2024/ncdd-202407-version.txt,raw/nclimgrid_daily/version/2024/ncdd-202407-version.txt,565be7c63e5a043fa4e18b90c2224d4ace1374a0331032c6ef2cc3d4daacc69a,processed/nclimgrid_daily/county_tavg/2024/county_tavg_202407.csv,96317,"nclimgrid-daily_v1-0-0_snap2026-07-30, start: 1951-01, end: 2026-06, status: scaled}",/Users/andrewpark/Desktop/Code/WeatherDerivativePricing,2026-09-02T15:42:54+00:00,,True
tavg,2024-08,scaled,https://www.ncei.noaa.gov/data/nclimgrid-daily/access/averages/2024/tavg-202408-cty-scaled.csv,raw/nclimgrid_daily/averages/2024/tavg-202408-cty-scaled.csv,2026-07-30T03:43:05+00:00,1093490,5dbd249f4398e92ebafd3c0e21933d77c798ca169658b1b6bede9cd77f08c84b,"""10af72-626415822b7cc""","Wed, 06 Nov 2024 16:52:33 GMT",https://www.ncei.noaa.gov/data/nclimgrid-daily/access/averages/2024/ncdd-202408-version.txt,raw/nclimgrid_daily/version/2024/ncdd-202408-version.txt,b95ce9560439aaa4c800bed6a84f780958015a909acdc6d3d2a1abbf063548f7,processed/nclimgrid_daily/county_tavg/2024/county_tavg_202408.csv,96317,"nclimgrid-daily_v1-0-0_snap2026-07-30, start: 1951-01, end: 2026-06, status: scaled}",/Users/andrewpark/Desktop/Code/WeatherDerivativePricing,2026-09-02T15:42:54+00:00,,True
tavg,2024-09,scaled,https://www.ncei.noaa.gov/data/nclimgrid-daily/access/averages/2024/tavg-202409-cty-scaled.csv,raw/nclimgrid_daily/averages/2024/tavg-202409-cty-scaled.csv,2026-07-30T03:43:06+00:00,1093490,e008494d8a16069fe06531a55de51fb99bacfdecf69651783caa5d2291c6c93e,"""10af72-62887b4fb6f9a""","Thu, 05 Dec 2024 15:39:42 GMT",https://www.ncei.noaa.gov/data/nclimgrid-daily/access/averages/2024/ncdd-202409-version.txt,raw/nclimgrid_daily/version/2024/ncdd-202409-version.txt,9c580dd9c39ffe4ba63337f83d6afa6a78cdce3646f3fe17c65f88c159227307,processed/nclimgrid_daily/county_tavg/2024/county_tavg_202409.csv,93210,"nclimgrid-daily_v1-0-0_snap2026-07-30, start: 1951-01, end: 2026-06, status: scaled}",/Users/andrewpark/Desktop/Code/WeatherDerivativePricing,2026-09-02T15:42:54+00:00,,True
tavg,2024-10,scaled,https://www.ncei.noaa.gov/data/nclimgrid-daily/access/averages/2024/tavg-202410-cty-scaled.csv,raw/nclimgrid_daily/averages/2024/tavg-202410-cty-scaled.csv,2026-07-30T03:43:07+00:00,1093490,19b511f1b9b2e491a740207938940a4560b47f2689cb1ca8103794d57f8c6db8,"""10af72-62b202c1b4ad7""","Tue, 07 Jan 2025 16:23:59 GMT",https://www.ncei.noaa.gov/data/nclimgrid-daily/access/averages/2024/ncdd-202410-version.txt,raw/nclimgrid_daily/version/2024/ncdd-202410-version.txt,b29cd35835b7148e2186ba9d801cabf00a2bec492e15939699d1db76063358ab,processed/nclimgrid_daily/county_tavg/2024/county_tavg_202410.csv,96317,"nclimgrid-daily_v1-0-0_snap2026-07-30, start: 1951-01, end: 2026-06, status: scaled}",/Users/andrewpark/Desktop/Code/WeatherDerivativePricing,2026-09-02T15:42:54+00:00,,True
tavg,2024-11,scaled,https://www.ncei.noaa.gov/data/nclimgrid-daily/access/averages/2024/tavg-202411-cty-scaled.csv,raw/nclimgrid_daily/averages/2024/tavg-202411-cty-scaled.csv,2026-07-30T03:43:07+00:00,1093490,600045c1a579685368d8f38e338d7edaf947887c2ad5ef8bf96d37a9d9ee5cd4,"""10af72-62d7bb111045a""","Thu, 06 Feb 2025 16:25:35 GMT",https://www.ncei.noaa.gov/data/nclimgrid-daily/access/averages/2024/ncdd-202411-version.txt,raw/nclimgrid_daily/version/2024/ncdd-202411-version.txt,637827ccdffc21531739eccbceb6d21909b71af7cdf955cacee2348f6bacf6fd,processed/nclimgrid_daily/county_tavg/2024/county_tavg_202411.csv,93210,"nclimgrid-daily_v1-0-0_snap2026-07-30, start: 1951-01, end: 2026-06, status: scaled}",/Users/andrewpark/Desktop/Code/WeatherDerivativePricing,2026-09-02T15:42:54+00:00,,True
tavg,2024-12,scaled,https://www.ncei.noaa.gov/data/nclimgrid-daily/access/averages/2024/tavg-202412-cty-scaled.csv,raw/nclimgrid_daily/averages/2024/tavg-202412-cty-scaled.csv,2026-07-30T03:43:08+00:00,1093490,f5f4f57b39ff0c959f2d712e6ebc7bbbf276b014850ac885a55df93297cf272a,"""10af72-62fc99671a65c""","Sat, 08 Mar 2025 00:11:59 GMT",https://www.ncei.noaa.gov/data/nclimgrid-daily/access/averages/2024/ncdd-202412-version.txt,raw/nclimgrid_daily/version/2024/ncdd-202412-version.txt,1f0032359eb4b655f1142b80a3251e44e7eeefc412716c8975d5e72173b5eb97,processed/nclimgrid_daily/county_tavg/2024/county_tavg_202412.csv,96317,"nclimgrid-daily_v1-0-0_snap2026-07-30, start: 1951-01, end: 2026-06, status: scaled}",/Users/andrewpark/Desktop/Code/WeatherDerivativePricing,2026-09-02T15:42:54+00:00,,True
tavg,2025-01,scaled,https://www.ncei.noaa.gov/data/nclimgrid-daily/access/averages/2025/tavg-202501-cty-scaled.csv,raw/nclimgrid_daily/averages/2025/tavg-202501-cty-scaled.csv,2026-07-30T03:43:09+00:00,1093490,f75f412f5695344b31f3a184eef90fd2317cc6446c31e1379dd188a3ad840c1a,"""10af72-6320010e44c33""","Sat, 05 Apr 2025 04:02:05 GMT",https://www.ncei.noaa.gov/data/nclimgrid-daily/access/averages/2025/ncdd-202501-version.txt,raw/nclimgrid_daily/version/2025/ncdd-202501-version.txt,69af3097664d4d8558e5d5c0821370c3f08f2ad5ba474868a499516e882cc7d6,processed/nclimgrid_daily/county_tavg/2025/county_tavg_202501.csv,96317,"nclimgrid-daily_v1-0-0_snap2026-07-30, start: 1951-01, end: 2026-06, status: scaled}",/Users/andrewpark/Desktop/Code/WeatherDerivativePricing,2026-09-02T15:42:54+00:00,,True
tavg,2025-02,scaled,https://www.ncei.noaa.gov/data/nclimgrid-daily/access/averages/2025/tavg-202502-cty-scaled.csv,raw/nclimgrid_daily/averages/2025/tavg-202502-cty-scaled.csv,2026-07-30T03:43:10+00:00,1093490,52fcb967bbb1c0c1e8c73e4830b466934bd971e2d6f2710266524b5e351d9443,"""10af72-634915b803c95""","Wed, 07 May 2025 20:12:50 GMT",https://www.ncei.noaa.gov/data/nclimgrid-daily/access/averages/2025/ncdd-202502-version.txt,raw/nclimgrid_daily/version/2025/ncdd-202502-version.txt,f7a29c4a174d6040695ea556a14af969d451baffa1b9b96bb188d9e5089b38a0,processed/nclimgrid_daily/county_tavg/2025/county_tavg_202502.csv,86996,"nclimgrid-daily_v1-0-0_snap2026-07-30, start: 1951-01, end: 2026-06, status: scaled}",/Users/andrewpark/Desktop/Code/WeatherDerivativePricing,2026-09-02T15:42:54+00:00,,True
tavg,2025-03,scaled,https://www.ncei.noaa.gov/data/nclimgrid-daily/access/averages/2025/tavg-202503-cty-scaled.csv,raw/nclimgrid_daily/averages/2025/tavg-202503-cty-scaled.csv,2026-07-30T03:43:10+00:00,1093490,d6ac1f5c66121fcdba8e11e2d2e3f8f68a4bb8fd965d5d2cc090fb770ca50dd9,"""10af72-636d2bad6a19d""","Thu, 05 Jun 2025 13:02:45 GMT",https://www.ncei.noaa.gov/data/nclimgrid-daily/access/averages/2025/ncdd-202503-version.txt,raw/nclimgrid_daily/version/2025/ncdd-202503-version.txt,305de7cacd1d55c062c7ebb1417df68c5f133ce0ea901a39aaa08d3be7a2fa67,processed/nclimgrid_daily/county_tavg/2025/county_tavg_202503.csv,96317,"nclimgrid-daily_v1-0-0_snap2026-07-30, start: 1951-01, end: 2026-06, status: scaled}",/Users/andrewpark/Desktop/Code/WeatherDerivativePricing,2026-09-02T15:42:54+00:00,,True
tavg,2025-04,scaled,https://www.ncei.noaa.gov/data/nclimgrid-daily/access/averages/2025/tavg-202504-cty-scaled.csv,raw/nclimgrid_daily/averages/2025/tavg-202504-cty-scaled.csv,2026-07-30T03:43:11+00:00,1093490,c154dfbc490d453c89183528ce8b219250d20f53530952e77a7cea75bf67b4ff,"""10af72-63956636d1b3a""","Mon, 07 Jul 2025 12:57:38 GMT",https://www.ncei.noaa.gov/data/nclimgrid-daily/access/averages/2025/ncdd-202504-version.txt,raw/nclimgrid_daily/version/2025/ncdd-202504-version.txt,f642ed10dfe223550b9758cd046e36870b7288120b6bf8222828484104a80ae3,processed/nclimgrid_daily/county_tavg/2025/county_tavg_202504.csv,93210,"nclimgrid-daily_v1-0-0_snap2026-07-30, start: 1951-01, end: 2026-06, status: scaled}",/Users/andrewpark/Desktop/Code/WeatherDerivativePricing,2026-09-02T15:42:54+00:00,,True
tavg,2025-05,scaled,https://www.ncei.noaa.gov/data/nclimgrid-daily/access/averages/2025/tavg-202505-cty-scaled.csv,raw/nclimgrid_daily/averages/2025/tavg-202505-cty-scaled.csv,2026-07-30T03:43:12+00:00,1093490,0c40ca4dc9334c3f740a3d488d5560193e9c508e54ba995fa12cff3725fd21ad,"""10af72-63bb1cd4f70a7""","Wed, 06 Aug 2025 12:51:40 GMT",https://www.ncei.noaa.gov/data/nclimgrid-daily/access/averages/2025/ncdd-202505-version.txt,raw/nclimgrid_daily/version/2025/ncdd-202505-version.txt,8870f96e272f0bef11eeeb648c608c2bbc21a1670e79464b41c43c0b07ccea1e,processed/nclimgrid_daily/county_tavg/2025/county_tavg_202505.csv,96317,"nclimgrid-daily_v1-0-0_snap2026-07-30, start: 1951-01, end: 2026-06, status: scaled}",/Users/andrewpark/Desktop/Code/WeatherDerivativePricing,2026-09-02T15:42:54+00:00,,True
tavg,2025-06,scaled,https://www.ncei.noaa.gov/data/nclimgrid-daily/access/averages/2025/tavg-202506-cty-scaled.csv,raw/nclimgrid_daily/averages/2025/tavg-202506-cty-scaled.csv,2026-07-30T03:43:12+00:00,1093490,6d8d8c6da8fe73b03fb0b1041d42f13ba0aa56316b43e66254bd57f0a685e599,"""10af72-63df8d634619c""","Thu, 04 Sep 2025 12:26:55 GMT",https://www.ncei.noaa.gov/data/nclimgrid-daily/access/averages/2025/ncdd-202506-version.txt,raw/nclimgrid_daily/version/2025/ncdd-202506-version.txt,5b75b9df36503bf4e5f7ce2e8246a8f8ef415c16df7da21898f1e421ecf313b0,processed/nclimgrid_daily/county_tavg/2025/county_tavg_202506.csv,93210,"nclimgrid-daily_v1-0-0_snap2026-07-30, start: 1951-01, end: 2026-06, status: scaled}",/Users/andrewpark/Desktop/Code/WeatherDerivativePricing,2026-09-02T15:42:54+00:00,,True
tavg,2025-07,scaled,https://www.ncei.noaa.gov/data/nclimgrid-daily/access/averages/2025/tavg-202507-cty-scaled.csv,raw/nclimgrid_daily/averages/2025/tavg-202507-cty-scaled.csv,2026-07-30T03:43:13+00:00,1093490,dd57fb68e19024fab58e5c8605c945c07839cf3998638705a53be1c10891aeb5,"""10af72-63df8ec03c716""","Thu, 04 Sep 2025 12:33:01 GMT",https://www.ncei.noaa.gov/data/nclimgrid-daily/access/averages/2025/ncdd-202507-version.txt,raw/nclimgrid_daily/version/2025/ncdd-202507-version.txt,e637ab61d99ea5241f3e68717ff5c0fd8b8516ef031e272b6a209a227127eb2f,processed/nclimgrid_daily/county_tavg/2025/county_tavg_202507.csv,96317,"nclimgrid-daily_v1-0-0_snap2026-07-30, start: 1951-01, end: 2026-06, status: scaled}",/Users/andrewpark/Desktop/Code/WeatherDerivativePricing,2026-09-02T15:42:54+00:00,,True
tavg,2025-08,scaled,https://www.ncei.noaa.gov/data/nclimgrid-daily/access/averages/2025/tavg-202508-cty-scaled.csv,raw/nclimgrid_daily/averages/2025/tavg-202508-cty-scaled.csv,2026-07-30T03:43:14+00:00,1093490,511a24ffd8cb9d24922a68489f71adea5d14a8f7d6f76d307c7884e973500c04,"""10af72-63df9014fcbb5""","Thu, 04 Sep 2025 12:38:58 GMT",https://www.ncei.noaa.gov/data/nclimgrid-daily/access/averages/2025/ncdd-202508-version.txt,raw/nclimgrid_daily/version/2025/ncdd-202508-version.txt,e6f25de2d7850081437ab7741a8c00a69cdbeb88f53975a3989415da543e6c05,processed/nclimgrid_daily/county_tavg/2025/county_tavg_202508.csv,96317,"nclimgrid-daily_v1-0-0_snap2026-07-30, start: 1951-01, end: 2026-06, status: scaled}",/Users/andrewpark/Desktop/Code/WeatherDerivativePricing,2026-09-02T15:42:54+00:00,,True
tavg,2025-09,scaled,https://www.ncei.noaa.gov/data/nclimgrid-daily/access/averages/2025/tavg-202509-cty-scaled.csv,raw/nclimgrid_daily/averages/2025/tavg-202509-cty-scaled.csv,2026-07-30T03:43:15+00:00,1093490,f0cd30d8db8248c83d01e271ff9daefefccb58aae897d28bcf101ee33904f3c6,"""10af72-645206567dcaf""","Thu, 04 Dec 2025 13:35:02 GMT",https://www.ncei.noaa.gov/data/nclimgrid-daily/access/averages/2025/ncdd-202509-version.txt,raw/nclimgrid_daily/version/2025/ncdd-202509-version.txt,9f78fc436caae83b9373979f5de6a71a451c85d7b6dbaef5a5dace9468bc74e6,processed/nclimgrid_daily/county_tavg/2025/county_tavg_202509.csv,93210,"nclimgrid-daily_v1-0-0_snap2026-07-30, start: 1951-01, end: 2026-06, status: scaled}",/Users/andrewpark/Desktop/Code/WeatherDerivativePricing,2026-09-02T15:42:54+00:00,,True
tavg,2025-10,scaled,https://www.ncei.noaa.gov/data/nclimgrid-daily/access/averages/2025/tavg-202510-cty-scaled.csv,raw/nclimgrid_daily/averages/2025/tavg-202510-cty-scaled.csv,2026-07-30T03:43:16+00:00,1093490,4fbec83b709c20707ec65c0bfbfb22976e412f4306c766fa7c400c48914755d2,"""10af72-647cc4b54eaf9""","Wed, 07 Jan 2026 13:30:23 GMT",https://www.ncei.noaa.gov/data/nclimgrid-daily/access/averages/2025/ncdd-202510-version.txt,raw/nclimgrid_daily/version/2025/ncdd-202510-version.txt,f71239a574a5c9bdd9ac3a729b1f38a1c78986d92457aae1da0aa99eca76b137,processed/nclimgrid_daily/county_tavg/2025/county_tavg_202510.csv,96317,"nclimgrid-daily_v1-0-0_snap2026-07-30, start: 1951-01, end: 2026-06, status: scaled}",/Users/andrewpark/Desktop/Code/WeatherDerivativePricing,2026-09-02T15:42:54+00:00,,True
tavg,2025-11,scaled,https://www.ncei.noaa.gov/data/nclimgrid-daily/access/averages/2025/tavg-202511-cty-scaled.csv,raw/nclimgrid_daily/averages/2025/tavg-202511-cty-scaled.csv,2026-07-30T03:43:16+00:00,1093490,0a38b5c37bea12e096aa9c01ad14f0c299447b8e0848bb17ea0e3235dafb57f9,"""10af72-64a1303416501""","Thu, 05 Feb 2026 12:42:59 GMT",https://www.ncei.noaa.gov/data/nclimgrid-daily/access/averages/2025/ncdd-202511-version.txt,raw/nclimgrid_daily/version/2025/ncdd-202511-version.txt,68da5a60335050474724bd2a5588181b229858d30d4a2c07b8e984834b6d511b,processed/nclimgrid_daily/county_tavg/2025/county_tavg_202511.csv,93210,"nclimgrid-daily_v1-0-0_snap2026-07-30, start: 1951-01, end: 2026-06, status: scaled}",/Users/andrewpark/Desktop/Code/WeatherDerivativePricing,2026-09-02T15:42:54+00:00,,True
tavg,2025-12,scaled,https://www.ncei.noaa.gov/data/nclimgrid-daily/access/averages/2025/tavg-202512-cty-scaled.csv,raw/nclimgrid_daily/averages/2025/tavg-202512-cty-scaled.csv,2026-07-30T03:43:17+00:00,1093490,c00588c21f90809295343e5872fd2a1d3ba8e85c19a9e23b2947fd1df573eea0,"""10af72-64c4661409981""","Thu, 05 Mar 2026 12:50:23 GMT",https://www.ncei.noaa.gov/data/nclimgrid-daily/access/averages/2025/ncdd-202512-version.txt,raw/nclimgrid_daily/version/2025/ncdd-202512-version.txt,66437ebe4cd37efb53873f8a23c4cd4d13869c9a9af143b1aa9ead0afbfe9c48,processed/nclimgrid_daily/county_tavg/2025/county_tavg_202512.csv,96317,"nclimgrid-daily_v1-0-0_snap2026-07-30, start: 1951-01, end: 2026-06, status: scaled}",/Users/andrewpark/Desktop/Code/WeatherDerivativePricing,2026-09-02T15:42:54+00:00,,True
tavg,2026-01,scaled,https://www.ncei.noaa.gov/data/nclimgrid-daily/access/averages/2026/tavg-202601-cty-scaled.csv,raw/nclimgrid_daily/averages/2026/tavg-202601-cty-scaled.csv,2026-07-30T03:43:18+00:00,1093490,24b814681c0d3ee5f39f351f583288da4e34faddb1eb4ae9739cddedccc904c6,"""10af72-64ec941c44af6""","Mon, 06 Apr 2026 11:49:19 GMT",https://www.ncei.noaa.gov/data/nclimgrid-daily/access/averages/2026/ncdd-202601-version.txt,raw/nclimgrid_daily/version/2026/ncdd-202601-version.txt,46224053b6ba587d8f5fe7792877bd39000518c9befca48193062a677fb91eac,processed/nclimgrid_daily/county_tavg/2026/county_tavg_202601.csv,96317,"nclimgrid-daily_v1-0-0_snap2026-07-30, start: 1951-01, end: 2026-06, status: scaled}",/Users/andrewpark/Desktop/Code/WeatherDerivativePricing,2026-09-02T15:42:54+00:00,,True
tavg,2026-02,scaled,https://www.ncei.noaa.gov/data/nclimgrid-daily/access/averages/2026/tavg-202602-cty-scaled.csv,raw/nclimgrid_daily/averages/2026/tavg-202602-cty-scaled.csv,2026-07-30T03:43:18+00:00,1093490,6f76e1b9eaf1a92ebf08c3781d332391cf9e0fa47ad3c881d2bd512c170491b9,"""10af72-6512413dfa888""","Wed, 06 May 2026 11:00:54 GMT",https://www.ncei.noaa.gov/data/nclimgrid-daily/access/averages/2026/ncdd-202602-version.txt,raw/nclimgrid_daily/version/2026/ncdd-202602-version.txt,291d5a9c7daf0b6829bdf478533a6251f0271fd3f71a30165378d8bdfd2cf3b8,processed/nclimgrid_daily/county_tavg/2026/county_tavg_202602.csv,86996,"nclimgrid-daily_v1-0-0_snap2026-07-30, start: 1951-01, end: 2026-06, status: scaled}",/Users/andrewpark/Desktop/Code/WeatherDerivativePricing,2026-09-02T15:42:54+00:00,,True
tavg,2026-03,scaled,https://www.ncei.noaa.gov/data/nclimgrid-daily/access/averages/2026/tavg-202603-cty-scaled.csv,raw/nclimgrid_daily/averages/2026/tavg-202603-cty-scaled.csv,2026-07-30T03:43:19+00:00,1093490,c404953a369460cc1f3d2372775d613a8ab4b298d4ecd84b4672cd8f60b43ea8,"""10af72-6536b621e8993""","Thu, 04 Jun 2026 10:55:33 GMT",https://www.ncei.noaa.gov/data/nclimgrid-daily/access/averages/2026/ncdd-202603-version.txt,raw/nclimgrid_daily/version/2026/ncdd-202603-version.txt,60057352c1d51bd7ed8cac55c2b5dfbdc0c20ae127eba3b9eb16fbb20ae51124,processed/nclimgrid_daily/county_tavg/2026/county_tavg_202603.csv,96317,"nclimgrid-daily_v1-0-0_snap2026-07-30, start: 1951-01, end: 2026-06, status: scaled}",/Users/andrewpark/Desktop/Code/WeatherDerivativePricing,2026-09-02T15:42:54+00:00,,True
tavg,2026-04,scaled,https://www.ncei.noaa.gov/data/nclimgrid-daily/access/averages/2026/tavg-202604-cty-scaled.csv,raw/nclimgrid_daily/averages/2026/tavg-202604-cty-scaled.csv,2026-07-30T03:43:20+00:00,1093490,77a1a242b18b7c77d3176a2c9131346e4837132b263dc7664b80d513e6f04310,"""10af72-655eea791cfa7""","Mon, 06 Jul 2026 10:22:42 GMT",https://www.ncei.noaa.gov/data/nclimgrid-daily/access/averages/2026/ncdd-202604-version.txt,raw/nclimgrid_daily/version/2026/ncdd-202604-version.txt,a26dd68fbe5a22571e9fc6bb6a70400a6c76206d23cfca32b9b8fba55131d486,processed/nclimgrid_daily/county_tavg/2026/county_tavg_202604.csv,93210,"nclimgrid-daily_v1-0-0_snap2026-07-30, start: 1951-01, end: 2026-06, status: scaled}",/Users/andrewpark/Desktop/Code/WeatherDerivativePricing,2026-09-02T15:42:54+00:00,,True
tavg,2026-05,scaled,https://www.ncei.noaa.gov/data/nclimgrid-daily/access/averages/2026/tavg-202605-cty-scaled.csv,raw/nclimgrid_daily/averages/2026/tavg-202605-cty-scaled.csv,2026-07-30T03:43:20+00:00,1093490,b244ec222cbc08c4acdf17ebe3f7d3b1e61698577c76554c35b092d3b7647bad,"""10af72-655eebb2a2227""","Mon, 06 Jul 2026 10:28:10 GMT",https://www.ncei.noaa.gov/data/nclimgrid-daily/access/averages/2026/ncdd-202605-version.txt,raw/nclimgrid_daily/version/2026/ncdd-202605-version.txt,106e950fd36a7db5414ffbaf52c902ce1da1e539d2a76dd3cbb90584fde8a207,processed/nclimgrid_daily/county_tavg/2026/county_tavg_202605.csv,96317,"nclimgrid-daily_v1-0-0_snap2026-07-30, start: 1951-01, end: 2026-06, status: scaled}",/Users/andrewpark/Desktop/Code/WeatherDerivativePricing,2026-09-02T15:42:54+00:00,,True
tavg,2026-06,scaled,https://www.ncei.noaa.gov/data/nclimgrid-daily/access/averages/2026/tavg-202606-cty-scaled.csv,raw/nclimgrid_daily/averages/2026/tavg-202606-cty-scaled.csv,2026-07-30T03:43:21+00:00,1093490,ac9f54bea243b8721cd4cd0fbdbcf938b4bf4f21b699c9dc6671cb57a3d0cc69,"""10af72-655eed115ea09""","Mon, 06 Jul 2026 10:34:18 GMT",https://www.ncei.noaa.gov/data/nclimgrid-daily/access/averages/2026/ncdd-202606-version.txt,raw/nclimgrid_daily/version/2026/ncdd-202606-version.txt,ddb223c46bda756ecf002322b3e50bc4790799c8ae5e6687aa5a5ed4c1155ae2,processed/nclimgrid_daily/county_tavg/2026/county_tavg_202606.csv,93210,"nclimgrid-daily_v1-0-0_snap2026-07-30, start: 1951-01, end: 2026-06, status: scaled}",/Users/andrewpark/Desktop/Code/WeatherDerivativePricing,2026-09-02T15:42:54+00:00,,True
